# Blender 5.0.1
# www.blender.org
mtllib sala.mtl
o Cube.068
v -7.224524 8.755522 37.883442
v -6.467271 8.440000 37.883442
v -7.123071 8.597761 37.883442
v -6.845897 8.482272 37.883442
v -6.467271 9.560000 37.883442
v -7.224524 9.244478 37.883442
v -6.845898 9.517728 37.883442
v -7.123071 9.402239 37.883442
v -6.467271 8.440000 38.667439
v -7.224524 8.755522 38.667439
v -6.845897 8.482271 38.667439
v -7.123071 8.597761 38.667439
v -7.224524 9.244478 38.667439
v -6.467271 9.559999 38.667439
v -7.123071 9.402239 38.667439
v -6.845898 9.517728 38.667439
v -5.293776 8.440001 37.883442
v -4.536524 8.755522 37.883442
v -4.915150 8.482272 37.883442
v -4.637976 8.597761 37.883442
v -4.536524 9.244478 37.883442
v -5.293777 9.560000 37.883442
v -4.637976 9.402239 37.883442
v -4.915150 9.517729 37.883442
v -4.536524 8.755522 38.667439
v -5.293776 8.440000 38.667439
v -4.637976 8.597761 38.667439
v -4.915150 8.482272 38.667439
v -5.293777 9.560000 38.667439
v -4.536524 9.244478 38.667439
v -4.915150 9.517728 38.667439
v -4.637976 9.402239 38.667439
v -6.501556 9.400000 39.288876
v -6.155146 9.200000 39.288876
v -6.501556 9.400000 37.768875
v -6.847966 9.199999 39.288876
v -6.847966 8.799999 39.288876
v -6.847966 9.200000 37.768875
v -6.847966 8.800000 37.768875
v -6.732612 9.133400 37.652172
v -6.732612 8.866599 37.652172
v -6.501556 9.266801 37.652172
v -6.270500 9.133400 37.652172
v -6.270500 8.866599 37.652172
v -6.155146 9.200000 37.768875
v -6.155146 8.800000 37.768875
v -6.155146 8.799999 39.288876
v -6.501556 8.599999 37.768875
v -6.501556 8.599999 39.288876
v -6.501556 8.733199 37.652172
vn -0.0000 -0.0000 1.0000
vn -0.9535 0.3013 -0.0000
vn -0.9535 -0.3013 -0.0000
vn -0.0548 -0.9985 -0.0000
vn 0.0548 -0.9985 -0.0000
vn 0.9535 0.3013 -0.0000
vn 0.9535 -0.3013 -0.0000
vn -0.0000 -0.0000 -1.0000
vn 0.0548 0.9985 -0.0000
vn 0.2339 0.9723 -0.0000
vn 0.5852 0.8109 -0.0000
vn 0.2339 -0.9723 -0.0000
vn 0.5852 -0.8109 -0.0000
vn -0.0548 0.9985 -0.0000
vn -0.2339 0.9723 -0.0000
vn -0.5852 0.8109 -0.0000
vn -0.2339 -0.9723 -0.0000
vn -0.5852 -0.8109 -0.0000
vn -0.5000 -0.8660 -0.0000
vn -0.7902 -0.6129 -0.0000
vn -0.6815 -0.5763 0.4510
vn -0.4759 -0.8242 0.3070
vn 0.7902 -0.6129 -0.0000
vn 0.5000 -0.8660 -0.0000
vn 0.4759 -0.8242 0.3070
vn 0.6815 -0.5763 0.4510
vn 0.7902 0.6129 -0.0000
vn 0.6815 0.5763 0.4510
vn 0.2755 0.1574 0.9483
vn 0.2755 -0.1574 0.9483
vn -0.0000 -0.5030 0.8643
vn -0.2755 -0.1574 0.9483
vn -0.2755 0.1574 0.9483
vn -0.0000 0.5030 0.8643
vn -0.6815 0.5763 0.4510
vn -0.7902 0.6129 -0.0000
vn -0.5000 0.8660 -0.0000
vn -0.4759 0.8242 0.3070
vn 0.5000 0.8660 -0.0000
vn 0.4759 0.8242 0.3070
vt 0.523879 0.961596
vt 0.523879 0.968280
vt 0.524457 0.970436
vt 0.526036 0.972015
vt 0.528192 0.972593
vt 0.534876 0.972593
vt 0.537032 0.972015
vt 0.538611 0.970436
vt 0.539189 0.968280
vt 0.539189 0.961596
vt 0.538611 0.959440
vt 0.537032 0.957861
vt 0.534876 0.957283
vt 0.528192 0.957283
vt 0.526036 0.957861
vt 0.524457 0.959440
vt 0.571529 0.992524
vt 0.582213 0.992524
vt 0.582213 0.985841
vt 0.571529 0.985841
vt 0.578528 0.938513
vt 0.567811 0.938513
vt 0.567811 0.945196
vt 0.578528 0.945196
vt 0.582213 0.974797
vt 0.571529 0.974797
vt 0.571529 0.981480
vt 0.582213 0.981480
vt 0.554593 0.961596
vt 0.554593 0.968280
vt 0.555171 0.970436
vt 0.556750 0.972015
vt 0.558906 0.972593
vt 0.565590 0.972593
vt 0.567746 0.972015
vt 0.569325 0.970436
vt 0.569903 0.968280
vt 0.569903 0.961596
vt 0.569325 0.959440
vt 0.567746 0.957861
vt 0.565590 0.957283
vt 0.558906 0.957283
vt 0.556750 0.957861
vt 0.555171 0.959440
vt 0.571481 0.976375
vt 0.571481 0.974219
vt 0.560765 0.974219
vt 0.560765 0.976375
vt 0.571481 0.972640
vt 0.560765 0.972640
vt 0.571574 0.972640
vt 0.582258 0.972640
vt 0.567811 0.947353
vt 0.578528 0.947353
vt 0.567811 0.948931
vt 0.578528 0.948931
vt 0.582258 0.983637
vt 0.571574 0.983637
vt 0.560765 0.983059
vt 0.560765 0.985215
vt 0.571481 0.985215
vt 0.571481 0.983059
vt 0.560765 0.986794
vt 0.571481 0.986794
vt 0.582258 0.994681
vt 0.571574 0.994681
vt 0.578528 0.936356
vt 0.567811 0.936356
vt 0.578528 0.934777
vt 0.567811 0.934777
vt 0.571574 0.983684
vt 0.582258 0.983684
vt 0.580548 0.945760
vt 0.578575 0.948494
vt 0.578575 0.953962
vt 0.580548 0.956696
vt 0.582521 0.953962
vt 0.582521 0.948494
vt 0.567763 0.934932
vt 0.565030 0.934777
vt 0.565030 0.955491
vt 0.567763 0.955645
vt 0.532081 0.957235
vt 0.534815 0.957081
vt 0.534815 0.936368
vt 0.532081 0.936522
vt 0.526613 0.957235
vt 0.526613 0.936522
vt 0.527524 0.934880
vt 0.531170 0.934880
vt 0.532994 0.934777
vt 0.573123 0.954449
vt 0.573123 0.950802
vt 0.571807 0.948979
vt 0.570491 0.950802
vt 0.570491 0.954449
vt 0.571807 0.956273
vt 0.565943 0.957235
vt 0.564119 0.957133
vt 0.559562 0.955491
vt 0.560472 0.957133
vt 0.559562 0.934777
vt 0.556828 0.934932
vt 0.556828 0.955645
vt 0.558649 0.957235
vt 0.523879 0.957081
vt 0.523879 0.936368
vt 0.525700 0.934777
s 1
usemtl Material.001
f 17/1/1 19/16/1 20/15/1 18/14/1 21/13/1 23/12/1 24/11/1 22/10/1 5/9/1 7/8/1 8/7/1 6/6/1 1/5/1 3/4/1 4/3/1 2/2/1
f 25/17/2 30/20/3 21/19/3 18/18/2
f 29/21/4 14/24/5 5/23/5 22/22/4
f 1/25/6 6/28/7 13/27/7 10/26/6
f 9/29/8 11/44/8 12/43/8 10/42/8 13/41/8 15/40/8 16/39/8 14/38/8 29/37/8 31/36/8 32/35/8 30/34/8 25/33/8 27/32/8 28/31/8 26/30/8
f 9/45/9 2/48/9 4/47/10 11/46/10
f 11/46/10 4/47/10 3/50/11 12/49/11
f 12/51/11 3/52/11 1/25/6 10/26/6
f 5/23/5 14/24/5 16/54/12 7/53/12
f 7/53/12 16/54/12 15/56/13 8/55/13
f 8/57/13 15/58/13 13/27/7 6/28/7
f 17/59/14 26/62/14 28/61/15 19/60/15
f 19/60/15 28/61/15 27/64/16 20/63/16
f 20/65/16 27/66/16 25/17/2 18/18/2
f 29/21/4 22/22/4 24/68/17 31/67/17
f 31/67/17 24/68/17 23/70/18 32/69/18
f 32/71/18 23/72/18 21/19/3 30/20/3
f 9/45/9 26/62/14 17/59/14 2/48/9
f 33/73/8 34/78/8 47/77/8 49/76/8 37/75/8 36/74/8
f 33/79/19 35/82/22 45/81/21 34/80/20
f 36/83/23 38/86/26 35/85/25 33/84/24
f 37/87/27 39/88/28 38/86/26 36/83/23
f 41/89/29 40/90/30 38/86/26 39/88/28
f 40/90/30 42/91/31 35/85/25 38/86/26
f 43/92/32 42/97/31 40/96/30 41/95/29 50/94/34 44/93/33
f 42/98/31 43/99/32 45/81/21 35/82/22
f 43/99/32 44/101/33 46/100/35 45/81/21
f 34/80/20 45/81/21 46/100/35 47/102/36
f 47/102/36 46/100/35 48/104/38 49/103/37
f 44/101/33 50/105/34 48/104/38 46/100/35
f 49/106/39 48/107/40 39/88/28 37/87/27
f 50/108/34 41/89/29 39/88/28 48/107/40
o Cube.001
v -8.023796 -2.460420 42.060547
v -8.023796 -2.460418 38.348091
v -9.499999 -2.500001 42.060547
v -8.023800 19.023796 42.060551
v -8.948139 19.948137 42.060551
v 3.023795 19.023800 42.060551
v -8.023800 19.023798 38.348095
v 3.023795 19.023800 38.348095
v -7.904695 19.311344 38.060551
v -8.311345 18.904694 38.060551
v -9.212456 19.805801 38.060551
v -8.311341 -2.180478 38.060547
v -9.212453 -2.204640 38.060547
v -9.499999 -2.499999 38.348091
v -9.500002 19.719549 38.348095
v -9.500002 19.719547 42.060551
v -9.221064 19.826582 38.069157
v -9.395442 20.109774 38.348095
v -9.109777 20.395441 38.348095
v -9.395442 20.109774 42.060551
v -9.109777 20.395441 42.060551
v -8.719550 20.499998 42.060551
v 3.719548 20.500000 42.060551
v -8.719550 20.500000 38.348095
v 3.719548 20.500000 38.348095
v -8.826585 20.221062 38.069157
v -8.805803 20.212454 38.060551
v 3.805799 20.212456 38.060551
v 2.904690 19.311346 38.060551
v 3.826580 20.221064 38.069157
v 4.212452 19.805805 38.060551
v 3.311342 18.904694 38.060551
v 4.212455 -2.204638 38.060547
v 4.221060 19.826584 38.069157
v 4.499998 19.719551 38.348095
v 4.500001 -2.499997 38.348091
v 4.499998 19.719551 42.060551
v 4.395437 20.109776 38.348095
v 4.109773 20.395443 38.348095
v 4.395437 20.109776 42.060551
v 3.948135 19.948139 42.060551
v 4.109773 20.395443 42.060551
v 4.500001 -2.499999 42.060547
v 3.023799 -2.460418 42.060547
v 3.023799 -2.460416 38.348091
v 3.311345 -2.180476 38.060547
vn -1.0000 -0.0000 -0.0000
vn -0.9496 -0.0000 0.3135
vn -0.4097 0.7907 0.4549
vn -0.0268 0.9996 -0.0000
vn -0.0252 0.9409 0.3377
vn -0.0251 0.9363 0.3503
vn -0.0000 -0.0000 -1.0000
vn 0.4097 0.7907 0.4549
vn -0.0000 1.0000 -0.0000
vn 0.0511 0.2542 0.9658
vn -0.0511 0.2542 0.9658
vn -0.2459 0.0869 0.9654
vn -0.2234 0.3114 0.9236
vn 0.2676 -0.0349 0.9629
vn 0.0812 -0.3673 0.9266
vn 0.2113 0.3296 0.9201
vn 0.9516 -0.0000 0.3074
vn 0.8578 -0.2001 0.4734
vn 0.4397 -0.2913 0.8496
vn 1.0000 -0.0000 -0.0000
vn 0.9912 -0.1324 -0.0000
vn 0.6976 -0.5466 0.4632
vn 0.8497 -0.5272 -0.0000
vn 0.1473 -0.9208 0.3611
vn 0.2174 -0.5654 0.7957
vn 0.5072 -0.7803 0.3659
vn 0.4455 -0.8953 -0.0000
vn 0.1215 -0.9926 -0.0000
vn -0.1215 -0.9926 -0.0000
vn -0.1473 -0.9208 0.3611
vn -0.2174 -0.5654 0.7957
vn -0.0812 -0.3673 0.9266
vn -0.2676 -0.0349 0.9629
vn 0.2459 0.0869 0.9654
vn -0.4397 -0.2913 0.8496
vn -0.2113 0.3296 0.9201
vn 0.2234 0.3114 0.9236
vn -0.8578 -0.2001 0.4734
vn -0.9516 -0.0000 0.3074
vn -0.5072 -0.7803 0.3659
vn -0.6976 -0.5466 0.4632
vn -0.9912 -0.1324 -0.0000
vn -0.8497 -0.5272 -0.0000
vn -0.4455 -0.8953 -0.0000
vn 0.0252 0.9409 0.3377
vn 0.0268 0.9996 -0.0000
vn 0.0251 0.9363 0.3503
vn 0.9496 -0.0000 0.3135
vt 0.821231 0.004478
vt 0.821231 0.218868
vt 0.858323 0.218456
vt 0.858323 0.004068
vt 0.001112 0.907130
vt 0.001112 0.944406
vt 0.007288 0.944406
vt 0.007288 0.907130
vt 0.667447 0.217228
vt 0.671314 0.226509
vt 0.673623 0.224215
vt 0.673623 0.001112
vt 0.667447 0.001509
vt 0.621227 0.217228
vt 0.617360 0.226509
vt 0.618316 0.232050
vt 0.670357 0.232050
vt 0.122514 0.845083
vt 0.122514 0.891303
vt 0.159790 0.891303
vt 0.159790 0.845083
vt 0.666948 0.686440
vt 0.667447 0.683552
vt 0.621227 0.683552
vt 0.621725 0.686440
vt 0.861315 0.005358
vt 0.861146 0.001112
vt 0.861315 0.215765
vt 0.620024 0.682356
vt 0.616254 0.691404
vt 0.617955 0.695488
vt 0.620024 0.470644
vt 0.616254 0.470402
vt 0.615051 0.467436
vt 0.621227 0.467833
vt 0.829220 0.467632
vt 0.826225 0.464657
vt 0.826144 0.687750
vt 0.829051 0.688833
vt 0.829140 0.688625
vt 0.789150 0.464678
vt 0.789069 0.687771
vt 0.826188 0.691671
vt 0.789113 0.691694
vt 0.826480 0.695616
vt 0.829220 0.692810
vt 0.826311 0.694551
vt 0.789236 0.694572
vt 0.673185 0.228132
vt 0.671990 0.231001
vt 0.617938 0.834102
vt 0.617938 0.835735
vt 0.655214 0.835735
vt 0.655214 0.834102
vt 0.655214 0.782061
vt 0.617938 0.782061
vt 0.615138 0.781613
vt 0.615051 0.781701
vt 0.615051 0.834463
vt 0.615138 0.834550
vt 0.616218 0.691612
vt 0.617868 0.695574
vt 0.670718 0.695488
vt 0.672420 0.691404
vt 0.668649 0.682356
vt 0.670805 0.695574
vt 0.672456 0.691612
vt 0.672420 0.470402
vt 0.668649 0.470644
vt 0.831518 0.686159
vt 0.831607 0.686371
vt 0.834510 0.685400
vt 0.834510 0.463673
vt 0.831518 0.466518
vt 0.831443 0.690125
vt 0.834186 0.692827
vt 0.834348 0.691965
vt 0.834467 0.689245
vt 0.871602 0.463263
vt 0.871602 0.684990
vt 0.871559 0.688835
vt 0.871440 0.691553
vt 0.615489 0.228132
vt 0.615051 0.224215
vt 0.616683 0.231001
vt 0.617938 0.780429
vt 0.655214 0.780429
vt 0.621227 0.001509
vt 0.615051 0.001112
vt 0.186132 0.943060
vt 0.186132 0.905785
vt 0.179956 0.905785
vt 0.179956 0.943060
vt 0.739638 0.219702
vt 0.776713 0.219666
vt 0.776713 0.003956
vt 0.739638 0.003992
vt 0.667447 0.467833
vt 0.673623 0.467436
vt 0.736641 0.005178
vt 0.736641 0.216883
vt 0.736818 0.001112
s 1
usemtl Material.001
f 54/109/41 57/112/43 52/111/42 51/110/41
f 53/113/44 51/116/44 52/115/46 64/114/45
f 54/117/47 51/121/47 53/120/47 66/119/47 55/118/47
f 56/122/47 54/117/47 55/118/47 72/125/47 73/124/47 91/123/47
f 57/126/43 54/129/49 56/128/49 58/127/48
f 79/130/50 59/133/51 57/132/43 58/131/48
f 60/134/52 57/112/43 59/135/51
f 52/111/42 57/112/43 60/134/52 62/136/53
f 59/133/51 77/139/55 61/138/54 60/137/52
f 62/140/53 60/137/52 61/138/54 63/141/56
f 64/142/45 52/143/46 62/140/53 63/141/56
f 63/144/56 61/148/54 67/147/59 65/146/58 64/145/57
f 64/145/57 65/146/58 66/150/61 53/149/60
f 68/151/62 70/152/63 66/150/61 65/146/58
f 74/153/64 69/155/66 68/151/62 65/146/58 67/147/59 76/154/65
f 69/155/66 71/156/67 70/152/63 68/151/62
f 70/157/47 71/158/47 55/118/47
f 66/119/47 70/157/47 55/118/47
f 71/158/47 72/125/47 55/118/47
f 74/159/64 72/162/68 71/161/67 69/160/66
f 73/163/69 72/162/68 74/159/64 75/164/70
f 80/165/71 75/164/70 74/159/64 76/168/65 77/167/55 78/166/72
f 61/138/54 77/139/55 76/170/65 67/169/59
f 59/133/51 79/130/50 78/171/72 77/139/55
f 78/171/72 79/130/50 82/173/74 81/172/73
f 81/172/73 84/175/75 80/174/71 78/171/72
f 82/173/74 96/177/77 83/176/76 81/172/73
f 81/178/73 83/182/76 86/181/79 85/180/78 84/179/75
f 85/180/78 88/186/81 89/185/80 75/184/70 80/183/71 84/179/75
f 93/187/41 87/188/82 85/180/78 86/181/79
f 85/180/78 87/188/82 90/189/83 88/186/81
f 88/186/81 90/189/83 92/190/84 89/185/80
f 90/191/47 87/192/47 91/123/47
f 92/193/47 90/191/47 91/123/47
f 73/124/47 92/193/47 91/123/47
f 89/194/80 92/195/84 73/163/69 75/164/70
f 94/196/47 56/122/47 91/123/47 87/192/47 93/197/47
f 86/198/85 95/201/87 94/200/86 93/199/86
f 95/202/88 58/205/48 56/204/60 94/203/60
f 95/206/87 86/207/85 83/176/76 96/177/77
f 58/205/48 95/202/88 96/209/77 82/208/74
f 82/208/74 79/210/50 58/205/48
o Cube.002
v -8.999998 -2.000002 39.180702
v -8.999998 -2.000002 42.180706
v -9.000001 19.540007 39.180706
v 4.000001 -2.000000 39.180702
v 4.000001 -2.000000 42.180706
v 3.999998 19.540009 39.180706
v 3.999998 19.540009 42.180710
v -9.000001 19.540007 42.180710
vn -0.0000 1.0000 -0.0000
vn 1.0000 -0.0000 -0.0000
vn -0.0000 -0.0000 1.0000
vn -1.0000 -0.0000 -0.0000
vn -0.0000 -1.0000 -0.0000
vn -0.0000 -0.0000 -1.0000
vt 0.223592 0.845083
vt 0.193470 0.845083
vt 0.193470 0.899471
vt 0.223592 0.899471
vt 0.750337 0.884779
vt 0.780297 0.884750
vt 0.780297 0.668480
vt 0.750337 0.668509
vt 0.730234 0.449976
vt 0.675846 0.449976
vt 0.675846 0.666256
vt 0.730234 0.666256
vt 0.410405 0.895578
vt 0.440378 0.895247
vt 0.440378 0.680302
vt 0.410405 0.680634
vt 0.031234 0.850519
vt 0.001112 0.850519
vt 0.001112 0.904906
vt 0.031234 0.904906
vt 0.786845 0.231474
vt 0.732457 0.231474
vt 0.732457 0.447754
vt 0.786845 0.447754
s 1
usemtl Material.001
f 98/211/89 101/214/89 100/213/89 97/212/89
f 97/215/90 99/218/90 104/217/90 98/216/90
f 100/219/91 102/222/91 99/221/91 97/220/91
f 101/223/92 103/226/92 102/225/92 100/224/92
f 103/227/93 104/230/93 99/229/93 102/228/93
f 98/231/94 104/234/94 103/233/94 101/232/94
o Cube.004
v -40.000000 -3.000010 43.001091
v -40.000000 -2.000010 43.001091
v -40.000000 -2.999989 -84.710815
v 20.000002 -3.000001 43.001091
v 20.000002 -2.000000 43.001091
v 20.000002 -2.999980 -84.710815
v 20.000002 -1.999980 -84.710815
v -40.000000 -1.999989 -84.710815
vn -0.0000 -0.0000 -1.0000
vn 1.0000 -0.0000 -0.0000
vn -0.0000 1.0000 -0.0000
vn -1.0000 -0.0000 -0.0000
vn -0.0000 -0.0000 1.0000
vn -0.0000 -1.0000 -0.0000
vt 0.994432 0.936933
vt 0.988809 0.936933
vt 0.988809 0.920064
vt 0.994432 0.920064
vt 0.360055 0.988790
vt 0.354432 0.988790
vt 0.354432 0.977544
vt 0.360055 0.977544
vt 0.608383 0.019517
vt 0.608383 0.312989
vt 0.412735 0.312989
vt 0.412735 0.019517
vt 0.405650 0.988555
vt 0.400027 0.988555
vt 0.400027 0.977309
vt 0.405650 0.977309
vt 0.408029 0.953237
vt 0.402406 0.953237
vt 0.402406 0.936369
vt 0.408029 0.936369
vt 0.608573 0.019519
vt 0.608573 0.312991
vt 0.412925 0.312991
vt 0.412925 0.019519
s 1
usemtl Material.001
f 108/235/95 105/238/95 106/237/95 109/236/95
f 105/239/96 107/242/96 112/241/96 106/240/96
f 107/243/97 105/246/97 108/245/97 110/244/97
f 110/247/98 108/250/98 109/249/98 111/248/98
f 107/251/99 110/254/99 111/253/99 112/252/99
f 111/255/100 109/258/100 106/257/100 112/256/100
o Cube.005
v -40.000000 -1.999994 -81.602676
v -40.000004 34.000008 -81.602669
v -40.000000 -1.999992 -84.602684
v 20.000000 -1.999985 -81.602676
v 19.999996 34.000015 -81.602669
v 20.000000 -1.999983 -84.602684
v 19.999996 34.000015 -84.602676
v -40.000004 34.000008 -84.602676
vn -0.0000 -0.0000 -1.0000
vn 1.0000 -0.0000 -0.0000
vn -0.0000 1.0000 -0.0000
vn -1.0000 -0.0000 -0.0000
vn -0.0000 -0.0000 1.0000
vn -0.0000 -1.0000 -0.0000
vt 0.612827 0.678078
vt 0.410404 0.678078
vt 0.410404 0.340706
vt 0.612827 0.340706
vt 0.890694 0.658655
vt 0.890694 0.861077
vt 0.873826 0.861077
vt 0.873826 0.658655
vt 0.947967 0.571068
vt 0.947967 0.908440
vt 0.931098 0.908440
vt 0.931098 0.571068
vt 0.931696 0.001112
vt 0.931696 0.203535
vt 0.914828 0.203535
vt 0.914828 0.001112
vt 0.610204 0.674405
vt 0.411822 0.674405
vt 0.411822 0.343769
vt 0.610204 0.343769
vt 0.928875 0.571068
vt 0.928875 0.908440
vt 0.912006 0.908440
vt 0.912006 0.571068
s 1
usemtl Material.001
f 116/259/101 113/262/101 114/261/101 117/260/101
f 113/263/102 115/266/102 120/265/102 114/264/102
f 115/267/103 113/270/103 116/269/103 118/268/103
f 118/271/104 116/274/104 117/273/104 119/272/104
f 115/275/105 118/278/105 119/277/105 120/276/105
f 119/279/106 117/282/106 114/281/106 120/280/106
o Cube.006
v -39.999996 -1.999996 -35.456852
v -40.000004 34.000008 -35.456844
v -37.000000 -1.999996 -35.456852
v -40.000000 9.800003 -17.200003
v -39.999996 -2.000000 -4.748549
v -40.000000 9.800001 -6.799998
v -40.000004 34.000000 -4.748538
v -39.999996 -2.000004 10.562014
v -36.999996 -2.000000 -4.748544
v -36.999996 -2.000004 10.562014
v -37.000000 34.000000 -4.748543
v -37.000000 9.800001 -6.799998
v -37.000000 24.100002 -6.799996
v -35.778206 9.800001 -6.799998
v -37.000000 9.800003 -17.200003
v -35.778210 9.800003 -17.200003
v -37.000004 24.100004 -17.199999
v -37.000004 34.000008 -35.456844
v -35.778214 24.100006 -17.199999
v -35.778210 24.100002 -6.799996
v -35.778210 22.778978 -15.878975
v -35.778210 11.121028 -15.878977
v -37.000000 22.778978 -15.878975
v -35.778210 22.778978 -8.121024
v -35.778206 11.121027 -8.121026
v -37.000000 22.778976 -8.121024
v -37.000000 11.121027 -8.121026
v -40.000000 22.778976 -8.121024
v -40.000000 22.778978 -15.878975
v -40.978210 22.778976 -8.121024
v -40.000000 11.121026 -8.121026
v -40.000000 11.121027 -15.878977
v -40.978207 11.121026 -8.121026
v -40.978210 11.121027 -15.878977
v -40.978207 9.800001 -6.799998
v -40.978210 24.100002 -6.799996
v -40.978210 9.800003 -17.200003
v -40.978210 24.100004 -17.199999
v -40.000000 24.100004 -17.199999
v -40.978210 22.778978 -15.878975
v -40.000000 24.100002 -6.799996
v -37.000000 11.121028 -15.878977
v -37.000000 34.000000 10.562019
v -37.000000 24.100002 -2.200000
v -37.000000 24.100000 8.200001
v -37.000000 9.800001 -2.200002
v -35.778210 24.100002 -2.200000
v -35.778206 9.800001 -2.200002
v -35.778210 24.100000 8.200001
v -35.778210 22.778976 -0.878972
v -35.778206 11.121025 -0.878974
v -37.000000 22.778976 -0.878972
v -35.778210 22.778976 6.878977
v -35.778206 11.121025 6.878975
v -37.000000 22.778975 6.878977
v -37.000000 11.121024 6.878975
v -40.000000 22.778975 6.878977
v -40.000000 22.778976 -0.878972
v -40.978210 22.778975 6.878977
v -40.000000 11.121023 6.878975
v -40.978207 11.121023 6.878975
v -40.000000 11.121025 -0.878974
v -40.978207 11.121025 -0.878974
v -37.000000 11.121025 -0.878974
v -40.000000 9.800000 -2.200002
v -40.000000 9.799999 8.199999
v -40.000000 24.100002 -2.200000
v -40.978207 9.800000 -2.200002
v -40.978210 24.100002 -2.200000
v -40.978207 9.799998 8.199999
v -40.978210 24.100000 8.200001
v -40.000000 24.100000 8.200001
v -40.000000 34.000000 10.562019
v -40.000000 33.999992 40.119984
v -40.000000 24.099998 12.800001
v -40.000000 24.099998 23.200001
v -39.999996 9.799997 12.799999
v -40.978210 24.099998 12.800001
v -40.978207 9.799997 12.799999
v -40.978210 24.099998 23.200001
v -40.978210 22.778973 14.121025
v -40.978207 11.121022 14.121023
v -40.000000 22.778973 14.121025
v -40.978210 22.778973 21.878977
v -40.978207 11.121021 21.878975
v -40.000000 22.778973 21.878977
v -37.000000 22.778973 21.878977
v -39.999996 11.121021 21.878975
v -37.000000 11.121021 21.878975
v -39.999996 11.121023 14.121023
v -37.000000 11.121023 14.121023
v -37.000000 22.778975 14.121025
v -35.778206 11.121023 14.121023
v -35.778210 22.778975 14.121025
v -35.778206 11.121021 21.878975
v -35.778206 9.799998 12.799999
v -35.778210 24.100000 12.800001
v -37.000000 9.799998 12.799999
v -35.778206 9.799997 23.199997
v -35.778206 24.099998 23.200001
v -37.000000 9.799997 23.199997
v -36.999992 -2.000008 40.119976
v -37.000000 24.099998 23.200001
v -37.000000 24.100000 12.800001
v -37.000000 33.999992 40.119984
v -39.999996 -2.000008 40.119976
v -39.999996 9.799996 23.199997
v -40.978207 9.799995 23.199997
v -35.778206 22.778973 21.878977
v -40.978210 22.778976 -0.878972
v -35.778206 9.799999 8.199999
v -37.000000 9.799999 8.199999
vn 1.0000 -0.0000 -0.0000
vn -0.0000 -0.0000 1.0000
vn -0.0000 1.0000 -0.0000
vn -1.0000 -0.0000 -0.0000
vn -0.0000 -0.0000 -1.0000
vn -0.0000 -1.0000 -0.0000
vn -0.4030 0.9152 -0.0000
vt 0.055941 0.097179
vt 0.000273 0.000674
vt 0.202696 0.000674
vt 0.136347 0.097179
vt 0.912604 0.001112
vt 0.912604 0.203535
vt 0.895736 0.203535
vt 0.895736 0.001112
vt 0.873826 0.656431
vt 0.873826 0.483763
vt 0.890694 0.483763
vt 0.890694 0.656431
vt 0.202696 0.167190
vt 0.136347 0.155658
vt 0.000273 0.167190
vt 0.055941 0.155658
vt 0.136347 0.181522
vt 0.055941 0.181522
vt 0.202696 0.253280
vt 0.136347 0.240001
vt 0.873826 0.397675
vt 0.890694 0.397675
vt 0.136997 0.180593
vt 0.203346 0.167313
vt 0.203346 0.253401
vt 0.000923 0.253401
vt 0.056591 0.239071
vt 0.136997 0.239071
vt 0.136997 0.264936
vt 0.056591 0.264936
vt 0.203346 0.426069
vt 0.136997 0.323414
vt 0.299601 0.845083
vt 0.306471 0.845083
vt 0.306471 0.925489
vt 0.299601 0.925489
vt 0.321920 0.900862
vt 0.328790 0.900862
vt 0.328790 0.959339
vt 0.321920 0.959339
vt 0.112513 0.930925
vt 0.112513 0.850519
vt 0.119383 0.850519
vt 0.119383 0.930925
vt 0.000923 0.426069
vt 0.056591 0.323414
vt 0.349197 0.900862
vt 0.356066 0.900862
vt 0.356066 0.959339
vt 0.349197 0.959339
vt 0.493652 0.830394
vt 0.493652 0.764843
vt 0.501080 0.757415
vt 0.501080 0.837821
vt 0.450029 0.830394
vt 0.442602 0.837821
vt 0.637420 0.837958
vt 0.644290 0.837958
vt 0.644290 0.903509
vt 0.637420 0.903509
vt 0.778855 0.887001
vt 0.778855 0.930622
vt 0.771985 0.930622
vt 0.771985 0.887001
vt 0.450029 0.764843
vt 0.442602 0.757415
vt 0.449472 0.905596
vt 0.442602 0.905596
vt 0.442602 0.840045
vt 0.449472 0.840045
vt 0.755116 0.930622
vt 0.755116 0.887001
vt 0.466340 0.840045
vt 0.466340 0.905596
vt 0.749616 0.930622
vt 0.749616 0.887001
vt 0.471841 0.840045
vt 0.471841 0.905596
vt 0.529260 0.932110
vt 0.512395 0.932110
vt 0.512395 0.888489
vt 0.529260 0.888489
vt 0.534759 0.888489
vt 0.534759 0.932110
vt 0.666101 0.705227
vt 0.622478 0.705227
vt 0.615051 0.697799
vt 0.673529 0.697799
vt 0.666101 0.770778
vt 0.673529 0.778206
vt 0.402623 0.930925
vt 0.402623 0.850519
vt 0.408123 0.850519
vt 0.408123 0.930925
vt 0.781079 0.945478
vt 0.781079 0.887001
vt 0.786579 0.887001
vt 0.786579 0.945478
vt 0.622478 0.770778
vt 0.615051 0.778206
vt 0.408123 0.767888
vt 0.408123 0.848294
vt 0.402622 0.848294
vt 0.402622 0.767888
vt 0.198969 0.960173
vt 0.193470 0.960173
vt 0.193470 0.901695
vt 0.198969 0.901695
vt 0.615051 0.903509
vt 0.615051 0.837958
vt 0.620552 0.837958
vt 0.620552 0.903509
vt 0.505527 0.932110
vt 0.505527 0.888489
vt 0.909782 0.483763
vt 0.909782 0.656431
vt 0.892918 0.656431
vt 0.892918 0.483763
vt 0.909782 0.397675
vt 0.892918 0.397675
vt 0.000923 0.167313
vt 0.056591 0.180593
vt 0.340105 0.900862
vt 0.346974 0.900862
vt 0.346974 0.959340
vt 0.340105 0.959340
vt 0.297378 0.925489
vt 0.290508 0.925489
vt 0.290508 0.845083
vt 0.297378 0.845083
vt 0.554353 0.830394
vt 0.554353 0.764843
vt 0.561781 0.757415
vt 0.561781 0.837822
vt 0.510731 0.830394
vt 0.503303 0.837821
vt 0.332156 0.833088
vt 0.339026 0.833088
vt 0.339026 0.898639
vt 0.332156 0.898639
vt 0.747393 0.887002
vt 0.747393 0.930624
vt 0.740523 0.930624
vt 0.740523 0.887002
vt 0.510731 0.764843
vt 0.503303 0.757415
vt 0.474064 0.905596
vt 0.474064 0.840045
vt 0.480934 0.840045
vt 0.480934 0.905596
vt 0.723654 0.930624
vt 0.723654 0.887002
vt 0.497803 0.840045
vt 0.497803 0.905596
vt 0.718154 0.930624
vt 0.718154 0.887002
vt 0.503303 0.840045
vt 0.503303 0.905596
vt 0.185747 0.852511
vt 0.191246 0.852511
vt 0.191246 0.896132
vt 0.185747 0.896132
vt 0.168882 0.896132
vt 0.168882 0.852511
vt 0.309787 0.898639
vt 0.309787 0.833088
vt 0.315288 0.833088
vt 0.315288 0.898639
vt 0.185906 0.845083
vt 0.185906 0.903561
vt 0.162014 0.896132
vt 0.162014 0.852511
vt 0.555293 0.899603
vt 0.555293 0.841125
vt 0.560793 0.841125
vt 0.560793 0.899603
vt 0.890694 0.863301
vt 0.890694 0.943707
vt 0.885194 0.943707
vt 0.885194 0.863301
vt 0.069242 0.775316
vt 0.069242 0.840867
vt 0.061813 0.848295
vt 0.061813 0.767888
vt 0.112863 0.775316
vt 0.120291 0.767888
vt 0.112863 0.840867
vt 0.120291 0.848295
vt 0.844925 0.943505
vt 0.844925 0.863099
vt 0.850425 0.863099
vt 0.850425 0.943505
vt 0.201192 0.901694
vt 0.206692 0.901694
vt 0.206692 0.960172
vt 0.201192 0.960172
vt 0.000273 0.253280
vt 0.055941 0.240001
vt 0.909782 0.231474
vt 0.892918 0.231474
vt 0.055941 0.324344
vt 0.000273 0.425586
vt 0.055941 0.265865
vt 0.136347 0.265865
vt 0.214414 0.960172
vt 0.208915 0.960172
vt 0.208915 0.901694
vt 0.214414 0.901694
vt 0.605724 0.884949
vt 0.605724 0.965355
vt 0.600224 0.965355
vt 0.600224 0.884949
vt 0.796497 0.705267
vt 0.796497 0.770818
vt 0.789069 0.778245
vt 0.789069 0.697839
vt 0.840119 0.770818
vt 0.847547 0.778246
vt 0.341249 0.898639
vt 0.341249 0.833088
vt 0.346750 0.833088
vt 0.346750 0.898639
vt 0.081051 0.894140
vt 0.081051 0.850518
vt 0.086552 0.850518
vt 0.086552 0.894140
vt 0.818308 0.837998
vt 0.818308 0.903549
vt 0.812807 0.903549
vt 0.812807 0.837998
vt 0.840119 0.705267
vt 0.847547 0.697839
vt 0.795939 0.837998
vt 0.795939 0.903549
vt 0.103420 0.850518
vt 0.103420 0.894140
vt 0.698210 0.888459
vt 0.698210 0.932081
vt 0.681345 0.932081
vt 0.681345 0.888459
vt 0.675846 0.932081
vt 0.675846 0.888459
vt 0.363618 0.833088
vt 0.363618 0.898639
vt 0.370488 0.833088
vt 0.370488 0.898639
vt 0.705078 0.888459
vt 0.705078 0.932081
vt 0.052161 0.840867
vt 0.052161 0.775316
vt 0.059589 0.767888
vt 0.059589 0.848295
vt 0.008540 0.775316
vt 0.001112 0.767888
vt 0.646514 0.918365
vt 0.646514 0.837958
vt 0.653384 0.837958
vt 0.653384 0.918365
vt 0.707302 0.946936
vt 0.707302 0.888458
vt 0.714172 0.888458
vt 0.714172 0.946936
vt 0.008540 0.840867
vt 0.001112 0.848295
vt 0.851795 0.780469
vt 0.851795 0.860875
vt 0.844925 0.860875
vt 0.844925 0.780469
vt 0.056591 0.096251
vt 0.000923 0.001112
vt 0.203346 0.001112
vt 0.136997 0.096251
vt 0.136997 0.154728
vt 0.337882 0.959340
vt 0.331013 0.959340
vt 0.331013 0.900862
vt 0.337882 0.900862
vt 0.056591 0.154728
vt 0.609369 0.680302
vt 0.609369 0.882725
vt 0.592500 0.882725
vt 0.592500 0.680302
vt 0.873826 0.231474
vt 0.890694 0.231474
vt 0.136347 0.324344
vt 0.202696 0.425586
vt 0.358290 0.959340
vt 0.358290 0.900862
vt 0.363790 0.900862
vt 0.363790 0.959340
vt 0.592500 0.965355
vt 0.592500 0.884949
vt 0.598001 0.884949
vt 0.598001 0.965355
vt 0.110290 0.850518
vt 0.110290 0.894140
vt 0.789069 0.903549
vt 0.789069 0.837998
vt 0.827401 0.837998
vt 0.827401 0.918405
vt 0.820531 0.918405
vt 0.820531 0.837998
vt 0.156938 0.893526
vt 0.156938 0.952003
vt 0.150068 0.952003
vt 0.150068 0.893526
s 1
usemtl Material.001
f 159/283/107 124/286/107 121/285/107 122/284/107
f 121/287/108 123/290/108 138/289/108 122/288/108
f 123/291/109 121/294/109 125/293/109 129/292/109
f 124/286/107 126/296/107 125/295/107 121/285/107
f 126/296/107 161/298/107 127/297/107 125/295/107
f 185/299/107 186/302/107 128/301/107 125/295/107 127/297/107 187/300/107
f 129/292/109 125/293/109 128/304/109 130/303/109
f 232/305/110 166/310/110 164/309/110 131/308/110 129/307/110 130/306/110
f 131/308/110 133/312/110 132/311/110 129/307/110
f 129/307/110 132/311/110 135/314/110 123/313/110
f 132/315/111 133/318/111 140/317/111 134/316/111
f 135/319/109 132/322/109 134/321/109 136/320/109
f 139/323/108 137/326/108 135/325/108 136/324/108
f 123/313/110 135/314/110 137/328/110 138/327/110
f 133/329/112 137/332/112 139/331/112 140/330/112
f 138/327/110 137/328/110 133/312/110 131/308/110
f 141/333/110 139/336/110 136/335/110 142/334/110
f 144/337/110 140/338/110 139/336/110 141/333/110
f 162/339/111 143/342/111 141/341/111 142/340/111
f 141/343/109 143/346/109 146/345/109 144/344/109
f 145/347/110 134/348/110 140/338/110 144/337/110
f 146/349/108 147/352/108 145/351/108 144/350/108
f 148/353/109 146/345/109 143/346/109 149/354/109
f 146/349/108 148/356/108 151/355/108 147/352/108
f 150/357/109 148/353/109 149/354/109 160/358/109
f 153/359/108 151/355/108 148/356/108 150/360/108
f 151/361/112 152/364/112 162/363/112 147/362/112
f 152/364/112 151/361/112 153/366/112 154/365/112
f 153/367/107 155/370/107 157/369/107 154/368/107
f 150/371/107 156/372/107 155/370/107 153/367/107
f 156/373/111 161/376/111 126/375/111 155/374/111
f 155/377/109 126/380/109 124/379/109 157/378/109
f 154/368/107 157/369/107 158/382/107 160/381/107
f 157/383/108 124/386/108 159/385/108 158/384/108
f 159/387/112 161/390/112 156/389/112 158/388/112
f 160/381/107 158/382/107 156/372/107 150/371/107
f 160/391/111 149/394/111 152/393/111 154/392/111
f 161/298/107 159/283/107 122/284/107 127/297/107
f 152/393/111 149/394/111 143/342/111 162/339/111
f 147/362/112 162/363/112 142/396/112 145/395/112
f 142/334/110 136/335/110 134/348/110 145/347/110
f 131/397/112 127/400/112 122/399/112 138/398/112
f 163/401/112 193/402/112 127/400/112 131/397/112
f 131/308/110 164/309/110 165/404/110 163/403/110
f 165/405/112 164/408/112 167/407/112 169/406/112
f 164/409/108 166/412/108 168/411/108 167/410/108
f 170/413/110 167/416/110 168/415/110 171/414/110
f 173/417/110 169/418/110 167/416/110 170/413/110
f 184/419/111 172/422/111 170/421/111 171/420/111
f 170/423/109 172/426/109 175/425/109 173/424/109
f 174/427/110 231/428/110 169/418/110 173/417/110
f 173/429/108 175/432/108 176/431/108 174/430/108
f 172/426/109 178/434/109 177/433/109 175/425/109
f 175/432/108 177/436/108 180/435/108 176/431/108
f 179/437/109 177/433/109 178/434/109 230/438/109
f 181/439/108 180/435/108 177/436/108 179/440/108
f 182/441/112 180/444/112 181/443/112 183/442/112
f 176/445/112 180/444/112 182/441/112 184/446/112
f 230/447/111 178/450/111 182/449/111 183/448/111
f 172/422/111 184/419/111 182/449/111 178/450/111
f 185/451/113 186/452/113 176/445/113 184/446/113
f 176/445/112 184/446/112 171/454/112 174/453/112
f 190/455/109 186/458/109 185/457/109 188/456/109
f 188/459/108 185/462/108 187/461/108 189/460/108
f 183/463/107 188/466/107 189/465/107 230/464/107
f 181/467/107 190/468/107 188/466/107 183/463/107
f 179/469/107 191/470/107 190/468/107 181/467/107
f 191/471/111 192/474/111 186/473/111 190/472/111
f 187/475/112 192/478/112 191/477/112 189/476/112
f 230/464/107 189/465/107 191/470/107 179/469/107
f 186/302/107 192/480/107 193/479/107 128/301/107
f 192/480/107 187/300/107 127/297/107 193/479/107
f 225/481/112 194/482/112 193/402/112 163/401/112
f 196/483/107 195/485/107 193/479/107 194/484/107
f 193/479/107 195/485/107 197/486/107 128/301/107
f 195/487/112 196/490/112 200/489/112 198/488/112
f 199/491/108 197/494/108 195/493/108 198/492/108
f 202/495/107 199/498/107 198/497/107 201/496/107
f 201/496/107 198/497/107 200/500/107 204/499/107
f 201/501/111 203/504/111 210/503/111 202/502/111
f 204/505/109 206/508/109 203/507/109 201/506/109
f 205/509/108 208/512/108 206/511/108 204/510/108
f 204/499/107 200/500/107 228/514/107 205/513/107
f 209/515/108 207/516/108 206/511/108 208/512/108
f 212/517/109 203/507/109 206/508/109 207/518/109
f 209/519/112 208/522/112 210/521/112 211/520/112
f 210/521/112 208/522/112 205/524/112 202/523/112
f 210/503/111 203/504/111 212/526/111 211/525/111
f 211/525/111 212/526/111 214/528/111 213/527/111
f 209/519/112 211/520/112 213/530/112 215/529/112
f 214/531/110 217/534/110 216/533/110 213/532/110
f 213/532/110 216/533/110 219/536/110 215/535/110
f 217/537/108 224/540/108 218/539/108 216/538/108
f 216/541/109 218/544/109 221/543/109 219/542/109
f 215/535/110 219/536/110 220/546/110 229/545/110
f 219/547/111 221/550/111 223/549/111 220/548/111
f 223/551/110 221/554/110 222/553/110 225/552/110
f 221/554/110 218/555/110 130/306/110 222/553/110
f 223/556/112 224/559/112 217/558/112 220/557/112
f 224/560/110 223/551/110 225/552/110 163/403/110
f 222/561/111 226/564/111 194/563/111 225/562/111
f 218/555/110 224/560/110 163/403/110 130/306/110
f 130/303/109 128/304/109 226/566/109 222/565/109
f 227/567/107 196/483/107 194/484/107 226/568/107
f 197/486/107 227/567/107 226/568/107 128/301/107
f 228/569/109 227/572/109 197/571/109 199/570/109
f 200/573/111 196/576/111 227/575/111 228/574/111
f 205/513/107 228/514/107 199/498/107 202/495/107
f 229/545/110 220/546/110 217/534/110 214/531/110
f 214/577/109 212/517/109 207/518/109 229/578/109
f 229/579/108 207/516/108 209/515/108 215/580/108
f 171/414/110 168/415/110 231/428/110 174/427/110
f 231/581/111 232/584/111 165/583/111 169/582/111
f 168/585/109 166/588/109 232/587/109 231/586/109
f 165/404/110 232/305/110 130/306/110 163/403/110
o Cube.007
v -40.000000 -2.000008 43.007889
v -40.000004 33.999992 43.007896
v -40.000000 -2.000006 40.007889
v 20.000000 -1.999998 43.007889
v 19.999996 34.000000 43.007896
v 20.000000 -1.999996 40.007889
v 19.999996 34.000004 40.007896
v -40.000004 33.999992 40.007896
vn -0.0000 -0.0000 -1.0000
vn 1.0000 -0.0000 -0.0000
vn -0.0000 1.0000 -0.0000
vn -1.0000 -0.0000 -0.0000
vn -0.0000 -0.0000 1.0000
vn -0.0000 -1.0000 -0.0000
vt 0.610179 0.674266
vt 0.411797 0.674266
vt 0.411797 0.343630
vt 0.610179 0.343630
vt 0.871602 0.695051
vt 0.871602 0.897474
vt 0.854733 0.897474
vt 0.854733 0.695051
vt 0.928875 0.231472
vt 0.928875 0.568844
vt 0.912006 0.568844
vt 0.912006 0.231472
vt 0.950788 0.001112
vt 0.950788 0.203535
vt 0.933920 0.203535
vt 0.933920 0.001112
vt 0.610562 0.676928
vt 0.411343 0.676928
vt 0.411343 0.340990
vt 0.610562 0.340990
vt 0.947967 0.231474
vt 0.947967 0.568846
vt 0.931098 0.568846
vt 0.931098 0.231474
s 1
usemtl Material.001
f 236/589/114 233/592/114 234/591/114 237/590/114
f 233/593/115 235/596/115 240/595/115 234/594/115
f 235/597/116 233/600/116 236/599/116 238/598/116
f 238/601/117 236/604/117 237/603/117 239/602/117
f 235/605/118 238/608/118 239/607/118 240/606/118
f 239/609/119 237/612/119 234/611/119 240/610/119
o Cube.008
v -15.398191 -0.438887 39.557369
v -15.398193 7.315993 39.557369
v -32.875832 -0.438890 39.557365
v -15.398190 -0.438886 33.146488
v -15.398192 7.315994 33.146488
v -32.875832 -0.438888 33.146488
v -32.875835 7.315991 33.146488
v -32.875835 7.315990 39.557369
vn -1.0000 -0.0000 -0.0000
vn -0.0000 -0.0000 -1.0000
vn -0.0000 1.0000 -0.0000
vn -0.0000 -0.0000 1.0000
vn 1.0000 -0.0000 -0.0000
vn -0.0000 -1.0000 -0.0000
vt 0.092442 0.689536
vt 0.092442 0.724563
vt 0.063486 0.724563
vt 0.063486 0.689536
vt 0.075463 0.689372
vt 0.040436 0.689372
vt 0.040436 0.643207
vt 0.075463 0.643207
vt 0.005245 0.689536
vt 0.034202 0.689536
vt 0.034202 0.735702
vt 0.005245 0.735702
vt 0.040272 0.689372
vt 0.005245 0.689372
vt 0.005245 0.643207
vt 0.040272 0.643207
vt 0.104584 0.643207
vt 0.104584 0.678234
vt 0.075627 0.678234
vt 0.075627 0.643207
vt 0.034365 0.689536
vt 0.063322 0.689536
vt 0.063322 0.735702
vt 0.034365 0.735702
s 1
usemtl Material.001
f 244/613/120 241/616/120 242/615/120 245/614/120
f 241/617/121 243/620/121 248/619/121 242/618/121
f 243/621/122 241/624/122 244/623/122 246/622/122
f 246/625/123 244/628/123 245/627/123 247/626/123
f 243/629/124 246/632/124 247/631/124 248/630/124
f 247/633/125 245/636/125 242/635/125 248/634/125
o Cube.009
v -15.737018 3.606555 33.525967
v -15.737019 6.966554 33.525967
v -21.113018 3.606554 33.525967
v -15.737018 3.606555 32.823929
v -15.737019 6.966554 32.823929
v -21.113018 3.606554 32.823929
v -16.853462 4.304333 32.327293
v -16.853462 6.268776 32.327293
v -19.996571 4.304332 32.327290
v -19.996572 6.268775 32.327293
v -21.113018 6.966553 32.823929
v -21.113018 6.966553 33.525967
vn -0.3233 0.7972 0.5099
vn -0.3233 -0.7972 0.5099
vn -1.0000 -0.0000 -0.0000
vn -0.0000 -0.0000 -1.0000
vn -0.0000 1.0000 -0.0000
vn 0.3233 0.7972 0.5099
vn -0.1420 0.2365 0.9612
vn -0.1420 -0.2365 0.9612
vn 0.1420 0.2365 0.9612
vn 0.1420 -0.2365 0.9612
vn 0.3233 -0.7972 0.5099
vn -0.0000 -1.0000 -0.0000
vn 1.0000 -0.0000 -0.0000
vt 0.115970 0.655208
vt 0.115970 0.670385
vt 0.112799 0.670385
vt 0.112799 0.655208
vt 0.033809 0.735865
vt 0.033809 0.751042
vt 0.019609 0.751042
vt 0.019609 0.735865
vt 0.119468 0.669572
vt 0.122639 0.669572
vt 0.122639 0.683772
vt 0.119468 0.683772
vt 0.077850 0.755244
vt 0.077850 0.740067
vt 0.080799 0.743219
vt 0.080799 0.752092
vt 0.092050 0.740067
vt 0.089101 0.743219
vt 0.089101 0.752092
vt 0.092050 0.755244
vt 0.116133 0.670548
vt 0.119304 0.670548
vt 0.119304 0.684748
vt 0.116133 0.684748
vt 0.117800 0.740067
vt 0.117800 0.755244
vt 0.114629 0.755244
vt 0.114629 0.740067
s 1
usemtl Material.001
f 252/637/126 249/640/128 250/639/128 253/638/127
f 249/641/129 251/644/129 260/643/129 250/642/129
f 251/645/130 249/648/130 252/647/126 254/646/131
f 253/649/127 256/652/133 255/651/132 252/650/126
f 252/650/126 255/651/132 257/654/134 254/653/131
f 257/654/134 255/651/132 256/652/133 258/655/135
f 254/653/131 257/654/134 258/655/135 259/656/136
f 259/656/136 258/655/135 256/652/133 253/649/127
f 259/657/136 253/660/127 250/659/137 260/658/137
f 251/661/138 254/664/131 259/663/136 260/662/138
o Cube.010
v -15.737017 -0.089446 33.525967
v -15.737017 3.270554 33.525967
v -21.113016 -0.089447 33.525967
v -15.737017 -0.089446 32.823929
v -15.737017 3.270554 32.823929
v -21.113016 -0.089446 32.823929
v -16.853460 0.608333 32.327290
v -16.853460 2.572775 32.327293
v -19.996571 0.608332 32.327290
v -19.996571 2.572775 32.327290
v -21.113016 3.270553 32.823929
v -21.113016 3.270553 33.525967
vn -0.3233 0.7972 0.5099
vn -0.3233 -0.7972 0.5099
vn -1.0000 -0.0000 -0.0000
vn -0.0000 -0.0000 -1.0000
vn -0.0000 1.0000 -0.0000
vn 0.3233 0.7972 0.5099
vn -0.1420 0.2365 0.9612
vn -0.1420 -0.2365 0.9612
vn 0.1420 0.2365 0.9612
vn 0.1420 -0.2365 0.9612
vn 0.3233 -0.7972 0.5099
vn -0.0000 -1.0000 -0.0000
vn 1.0000 -0.0000 -0.0000
vt 0.112635 0.670548
vt 0.112635 0.685725
vt 0.109464 0.685725
vt 0.109464 0.670548
vt 0.106806 0.704876
vt 0.106806 0.720053
vt 0.092606 0.720053
vt 0.092606 0.704876
vt 0.119468 0.655208
vt 0.122639 0.655208
vt 0.122639 0.669408
vt 0.119468 0.669408
vt 0.033973 0.751042
vt 0.033973 0.735865
vt 0.036922 0.739017
vt 0.036922 0.747890
vt 0.048173 0.735865
vt 0.045224 0.739017
vt 0.045224 0.747890
vt 0.048173 0.751042
vt 0.116133 0.655208
vt 0.119304 0.655208
vt 0.119304 0.669408
vt 0.116133 0.669408
vt 0.114858 0.689536
vt 0.114858 0.704713
vt 0.111687 0.704713
vt 0.111687 0.689536
s 1
usemtl Material.001
f 264/665/139 261/668/141 262/667/141 265/666/140
f 261/669/142 263/672/142 272/671/142 262/670/142
f 263/673/143 261/676/143 264/675/139 266/674/144
f 265/677/140 268/680/146 267/679/145 264/678/139
f 264/678/139 267/679/145 269/682/147 266/681/144
f 269/682/147 267/679/145 268/680/146 270/683/148
f 266/681/144 269/682/147 270/683/148 271/684/149
f 271/684/149 270/683/148 268/680/146 265/677/140
f 271/685/149 265/688/140 262/687/150 272/686/150
f 263/689/151 266/692/144 271/691/149 272/690/151
o Cube.011
v -21.449005 -0.089447 33.525967
v -21.449005 3.270553 33.525967
v -26.825005 -0.089447 33.525967
v -21.449005 -0.089447 32.823929
v -21.449005 3.270553 32.823929
v -26.825005 -0.089447 32.823929
v -22.565449 0.608332 32.327290
v -22.565449 2.572774 32.327290
v -25.708559 0.608331 32.327290
v -25.708559 2.572774 32.327290
v -26.825005 3.270552 32.823929
v -26.825005 3.270552 33.525967
vn -0.3233 0.7972 0.5099
vn -0.3233 -0.7972 0.5099
vn -1.0000 -0.0000 -0.0000
vn -0.0000 -0.0000 -1.0000
vn -0.0000 1.0000 -0.0000
vn 0.3233 0.7972 0.5099
vn -0.1420 0.2365 0.9612
vn -0.1420 -0.2365 0.9612
vn 0.1420 0.2365 0.9612
vn 0.1420 -0.2365 0.9612
vn 0.3233 -0.7972 0.5099
vn -0.0000 -1.0000 -0.0000
vn 1.0000 -0.0000 -0.0000
vt 0.114465 0.724727
vt 0.114465 0.739904
vt 0.111294 0.739904
vt 0.111294 0.724727
vt 0.106414 0.724727
vt 0.106414 0.739904
vt 0.092214 0.739904
vt 0.092214 0.724727
vt 0.121690 0.703900
vt 0.124861 0.703900
vt 0.124861 0.718100
vt 0.121690 0.718100
vt 0.077850 0.739904
vt 0.077850 0.724727
vt 0.080799 0.727879
vt 0.080799 0.736752
vt 0.092050 0.724727
vt 0.089101 0.727879
vt 0.089101 0.736752
vt 0.092050 0.739904
vt 0.118356 0.703900
vt 0.121527 0.703900
vt 0.121527 0.718100
vt 0.118356 0.718100
vt 0.115970 0.670548
vt 0.115970 0.685725
vt 0.112799 0.685725
vt 0.112799 0.670548
s 1
usemtl Material.001
f 276/693/152 273/696/154 274/695/154 277/694/153
f 273/697/155 275/700/155 284/699/155 274/698/155
f 275/701/156 273/704/156 276/703/152 278/702/157
f 277/705/153 280/708/159 279/707/158 276/706/152
f 276/706/152 279/707/158 281/710/160 278/709/157
f 281/710/160 279/707/158 280/708/159 282/711/161
f 278/709/157 281/710/160 282/711/161 283/712/162
f 283/712/162 282/711/161 280/708/159 277/705/153
f 283/713/162 277/716/153 274/715/163 284/714/163
f 275/717/164 278/720/157 283/719/162 284/718/164
o Cube.012
v -21.449007 3.606553 33.525967
v -21.449007 6.966553 33.525967
v -26.825006 3.606552 33.525967
v -21.449007 3.606553 32.823929
v -21.449007 6.966553 32.823929
v -26.825006 3.606553 32.823929
v -22.565451 4.304332 32.327290
v -22.565451 6.268775 32.327290
v -25.708561 4.304331 32.327290
v -25.708561 6.268775 32.327290
v -26.825006 6.966552 32.823929
v -26.825006 6.966552 33.525967
vn -0.3233 0.7972 0.5099
vn -0.3233 -0.7972 0.5099
vn -1.0000 -0.0000 -0.0000
vn -0.0000 -0.0000 -1.0000
vn -0.0000 1.0000 -0.0000
vn 0.3233 0.7972 0.5099
vn -0.1420 0.2365 0.9612
vn -0.1420 -0.2365 0.9612
vn 0.1420 0.2365 0.9612
vn 0.1420 -0.2365 0.9612
vn 0.3233 -0.7972 0.5099
vn -0.0000 -1.0000 -0.0000
vn 1.0000 -0.0000 -0.0000
vt 0.117800 0.724727
vt 0.117800 0.739904
vt 0.114629 0.739904
vt 0.114629 0.724727
vt 0.077686 0.724727
vt 0.077686 0.739904
vt 0.063486 0.739904
vt 0.063486 0.724727
vt 0.121690 0.689536
vt 0.124861 0.689536
vt 0.124861 0.703736
vt 0.121690 0.703736
vt 0.063486 0.755244
vt 0.063486 0.740067
vt 0.066435 0.743219
vt 0.066435 0.752092
vt 0.077686 0.740067
vt 0.074737 0.743219
vt 0.074737 0.752092
vt 0.077686 0.755244
vt 0.118356 0.689536
vt 0.121527 0.689536
vt 0.121527 0.703736
vt 0.118356 0.703736
vt 0.118192 0.704876
vt 0.118192 0.720053
vt 0.115021 0.720053
vt 0.115021 0.704876
s 1
usemtl Material.001
f 288/721/165 285/724/167 286/723/167 289/722/166
f 285/725/168 287/728/168 296/727/168 286/726/168
f 287/729/169 285/732/169 288/731/165 290/730/170
f 289/733/166 292/736/172 291/735/171 288/734/165
f 288/734/165 291/735/171 293/738/173 290/737/170
f 293/738/173 291/735/171 292/736/172 294/739/174
f 290/737/170 293/738/173 294/739/174 295/740/175
f 295/740/175 294/739/174 292/736/172 289/733/166
f 295/741/175 289/744/166 286/743/176 296/742/176
f 287/745/177 290/748/170 295/747/175 296/746/177
o Cube.013
v -27.161026 3.606552 33.525967
v -27.161026 6.966552 33.525967
v -32.537025 3.606551 33.525967
v -27.161026 3.606552 32.823929
v -27.161026 6.966552 32.823929
v -32.537025 3.606552 32.823929
v -28.277472 4.304331 32.327290
v -28.277472 6.268774 32.327290
v -31.420582 4.304330 32.327290
v -31.420582 6.268774 32.327290
v -32.537025 6.966551 32.823929
v -32.537025 6.966551 33.525967
vn -0.3233 0.7972 0.5099
vn -0.3233 -0.7972 0.5099
vn -1.0000 -0.0000 -0.0000
vn -0.0000 -0.0000 -1.0000
vn -0.0000 1.0000 -0.0000
vn 0.3233 0.7972 0.5099
vn -0.1420 0.2365 0.9612
vn -0.1420 -0.2365 0.9612
vn 0.1420 0.2365 0.9612
vn 0.1420 -0.2365 0.9612
vn 0.3233 -0.7972 0.5099
vn -0.0000 -1.0000 -0.0000
vn 1.0000 -0.0000 -0.0000
vt 0.114465 0.740067
vt 0.114465 0.755244
vt 0.111294 0.755244
vt 0.111294 0.740067
vt 0.106414 0.740067
vt 0.106414 0.755244
vt 0.092214 0.755244
vt 0.092214 0.740067
vt 0.121298 0.724727
vt 0.124469 0.724727
vt 0.124469 0.738927
vt 0.121298 0.738927
vt 0.005245 0.751042
vt 0.005245 0.735865
vt 0.008194 0.739017
vt 0.008194 0.747890
vt 0.019445 0.735865
vt 0.016496 0.739017
vt 0.016496 0.747890
vt 0.019445 0.751042
vt 0.117963 0.724727
vt 0.121134 0.724727
vt 0.121134 0.738927
vt 0.117963 0.738927
vt 0.118192 0.689536
vt 0.118192 0.704713
vt 0.115021 0.704713
vt 0.115021 0.689536
s 1
usemtl Material.001
f 300/749/178 297/752/180 298/751/180 301/750/179
f 297/753/181 299/756/181 308/755/181 298/754/181
f 299/757/182 297/760/182 300/759/178 302/758/183
f 301/761/179 304/764/185 303/763/184 300/762/178
f 300/762/178 303/763/184 305/766/186 302/765/183
f 305/766/186 303/763/184 304/764/185 306/767/187
f 302/765/183 305/766/186 306/767/187 307/768/188
f 307/768/188 306/767/187 304/764/185 301/761/179
f 307/769/188 301/772/179 298/771/189 308/770/189
f 299/773/190 302/776/183 307/775/188 308/774/190
o Cube.014
v -27.161024 -0.089448 33.525967
v -27.161024 3.270552 33.525967
v -32.537025 -0.089448 33.525967
v -27.161024 -0.089448 32.823929
v -27.161024 3.270552 32.823929
v -32.537025 -0.089448 32.823929
v -28.277470 0.608331 32.327290
v -28.277470 2.572773 32.327290
v -31.420580 0.608330 32.327290
v -31.420580 2.572773 32.327290
v -32.537025 3.270551 32.823929
v -32.537025 3.270551 33.525967
vn -0.3233 0.7972 0.5099
vn -0.3233 -0.7972 0.5099
vn -1.0000 -0.0000 -0.0000
vn -0.0000 -0.0000 -1.0000
vn -0.0000 1.0000 -0.0000
vn 0.3233 0.7972 0.5099
vn -0.1420 0.2365 0.9612
vn -0.1420 -0.2365 0.9612
vn 0.1420 0.2365 0.9612
vn 0.1420 -0.2365 0.9612
vn 0.3233 -0.7972 0.5099
vn -0.0000 -1.0000 -0.0000
vn 1.0000 -0.0000 -0.0000
vt 0.112635 0.655208
vt 0.112635 0.670385
vt 0.109464 0.670385
vt 0.109464 0.655208
vt 0.106806 0.689536
vt 0.106806 0.704713
vt 0.092606 0.704713
vt 0.092606 0.689536
vt 0.121298 0.739091
vt 0.124469 0.739091
vt 0.124469 0.753291
vt 0.121298 0.753291
vt 0.048337 0.751042
vt 0.048337 0.735865
vt 0.051286 0.739017
vt 0.051286 0.747890
vt 0.062537 0.735865
vt 0.059588 0.739017
vt 0.059588 0.747890
vt 0.062537 0.751042
vt 0.117963 0.740067
vt 0.121134 0.740067
vt 0.121134 0.754267
vt 0.117963 0.754267
vt 0.114858 0.704876
vt 0.114858 0.720053
vt 0.111687 0.720053
vt 0.111687 0.704876
s 1
usemtl Material.001
f 312/777/191 309/780/193 310/779/193 313/778/192
f 309/781/194 311/784/194 320/783/194 310/782/194
f 311/785/195 309/788/195 312/787/191 314/786/196
f 313/789/192 316/792/198 315/791/197 312/790/191
f 312/790/191 315/791/197 317/794/199 314/793/196
f 317/794/199 315/791/197 316/792/198 318/795/200
f 314/793/196 317/794/199 318/795/200 319/796/201
f 319/796/201 318/795/200 316/792/198 313/789/192
f 319/797/201 313/800/192 310/799/202 320/798/202
f 311/801/203 314/804/196 319/803/201 320/802/203
o Cube.015
v -17.417015 5.118554 32.075256
v -17.417015 5.454554 32.075256
v -17.417015 5.118554 31.739256
v -17.753016 5.118554 32.075256
v -17.417015 5.118554 32.411255
v -17.417015 5.454554 32.411255
v -17.753016 5.118554 32.411255
v -17.753016 5.454554 32.411255
v -17.753016 5.454554 32.075256
v -17.753016 5.454554 31.739256
v -18.761017 5.454553 32.075256
v -19.097015 5.454553 32.075256
v -18.761017 5.454553 32.411255
v -18.761017 5.454553 31.739256
v -18.761017 5.118553 32.075256
v -18.761017 5.118553 31.739256
v -19.097015 5.118553 32.075256
v -18.761017 5.118553 32.411255
v -19.097015 5.118553 32.411255
v -19.097015 5.454553 32.411255
v -19.097015 5.118553 31.739256
v -19.097015 5.454553 31.739256
v -17.753016 5.118554 31.739256
v -17.417015 5.454554 31.739256
vn -1.0000 -0.0000 -0.0000
vn -0.0000 1.0000 -0.0000
vn -0.0000 -0.0000 -1.0000
vn 1.0000 -0.0000 -0.0000
vn -0.0000 -1.0000 -0.0000
vn -0.0000 -0.0000 1.0000
vt 0.097486 0.721734
vt 0.095969 0.721734
vt 0.095969 0.720216
vt 0.097486 0.720216
vt 0.097486 0.723252
vt 0.095969 0.723252
vt 0.077145 0.686549
vt 0.078662 0.686549
vt 0.078662 0.687437
vt 0.077145 0.687437
vt 0.075627 0.687437
vt 0.075627 0.686549
vt 0.104748 0.687831
vt 0.104748 0.689349
vt 0.103860 0.689349
vt 0.103860 0.687831
vt 0.082352 0.689118
vt 0.082352 0.687600
vt 0.083870 0.687600
vt 0.083870 0.689118
vt 0.077145 0.682835
vt 0.077145 0.681948
vt 0.078662 0.681948
vt 0.078662 0.682835
vt 0.075627 0.679285
vt 0.077145 0.679285
vt 0.075627 0.681948
vt 0.075627 0.682835
vt 0.112812 0.724563
vt 0.111294 0.724563
vt 0.111294 0.721901
vt 0.112812 0.721901
vt 0.075627 0.678398
vt 0.077145 0.678398
vt 0.078662 0.678398
vt 0.078662 0.679285
vt 0.082188 0.687600
vt 0.082188 0.689118
vt 0.080671 0.689118
vt 0.080671 0.687600
vt 0.077145 0.683887
vt 0.078662 0.683887
vt 0.077145 0.682999
vt 0.078662 0.682999
vt 0.075627 0.683887
vt 0.075627 0.682999
vt 0.100543 0.687831
vt 0.100543 0.689349
vt 0.099655 0.689349
vt 0.099655 0.687831
vt 0.097650 0.721734
vt 0.099168 0.721734
vt 0.099168 0.723252
vt 0.097650 0.723252
vt 0.097650 0.720216
vt 0.099168 0.720216
vt 0.108488 0.717976
vt 0.106970 0.717976
vt 0.106970 0.717089
vt 0.108488 0.717089
vt 0.106970 0.714426
vt 0.108488 0.714426
vt 0.106970 0.713539
vt 0.108488 0.713539
s 1
usemtl Material.001
f 321/805/204 325/808/204 326/807/204 322/806/204
f 323/809/204 321/805/204 322/806/204 344/810/204
f 324/811/205 321/814/205 323/813/205 343/812/205
f 324/811/205 327/816/205 325/815/205 321/814/205
f 325/817/206 327/820/206 328/819/206 326/818/206
f 329/821/207 328/824/207 327/823/207 324/822/207
f 322/825/208 326/828/208 328/827/208 329/826/208
f 334/829/208 330/831/208 329/826/208 331/830/208
f 330/831/208 344/832/208 322/825/208 329/826/208
f 324/833/206 335/836/206 331/835/206 329/834/206
f 342/837/208 334/829/208 331/830/208 332/838/208
f 331/830/208 333/840/208 340/839/208 332/838/208
f 335/841/204 338/844/204 333/843/204 331/842/204
f 335/845/205 324/811/205 343/812/205 336/846/205
f 337/847/205 335/845/205 336/846/205 341/848/205
f 337/847/205 339/850/205 338/849/205 335/845/205
f 338/851/206 339/854/206 340/853/206 333/852/206
f 332/855/207 340/858/207 339/857/207 337/856/207
f 337/856/207 341/860/207 342/859/207 332/855/207
f 341/861/209 336/864/209 334/863/209 342/862/209
f 336/864/209 343/866/209 330/865/209 334/863/209
f 343/866/209 323/868/209 344/867/209 330/865/209
o Cube.016
v -17.417015 1.422554 32.075256
v -17.417015 1.758554 32.075256
v -17.417015 1.422554 31.739256
v -17.753014 1.422554 32.075256
v -17.417015 1.422554 32.411255
v -17.417015 1.758554 32.411255
v -17.753014 1.422554 32.411255
v -17.753014 1.758554 32.411255
v -17.753014 1.758554 32.075256
v -17.753014 1.758554 31.739256
v -18.761017 1.758553 32.075256
v -19.097015 1.758553 32.075256
v -18.761017 1.758553 32.411255
v -18.761017 1.758554 31.739256
v -18.761017 1.422554 32.075256
v -18.761017 1.422554 31.739256
v -19.097015 1.422554 32.075256
v -18.761017 1.422554 32.411255
v -19.097015 1.422554 32.411255
v -19.097015 1.758553 32.411255
v -19.097015 1.422554 31.739256
v -19.097015 1.758553 31.739256
v -17.753014 1.422554 31.739256
v -17.417015 1.758554 31.739256
vn -1.0000 -0.0000 -0.0000
vn -0.0000 1.0000 -0.0000
vn -0.0000 -0.0000 -1.0000
vn 1.0000 -0.0000 -0.0000
vn -0.0000 -1.0000 -0.0000
vn -0.0000 -0.0000 1.0000
vt 0.108179 0.681433
vt 0.106662 0.681433
vt 0.106662 0.679915
vt 0.108179 0.679915
vt 0.108179 0.682951
vt 0.106662 0.682951
vt 0.080344 0.686549
vt 0.081861 0.686549
vt 0.081861 0.687437
vt 0.080344 0.687437
vt 0.078826 0.687437
vt 0.078826 0.686549
vt 0.107901 0.687831
vt 0.107901 0.689349
vt 0.107014 0.689349
vt 0.107014 0.687831
vt 0.087396 0.689118
vt 0.087396 0.687600
vt 0.088914 0.687600
vt 0.088914 0.689118
vt 0.080344 0.682835
vt 0.080344 0.681948
vt 0.081861 0.681948
vt 0.081861 0.682835
vt 0.078826 0.679285
vt 0.080344 0.679285
vt 0.078826 0.681948
vt 0.078826 0.682835
vt 0.019749 0.753868
vt 0.018231 0.753868
vt 0.018231 0.751206
vt 0.019749 0.751206
vt 0.078826 0.678398
vt 0.080344 0.678398
vt 0.081861 0.678398
vt 0.081861 0.679285
vt 0.093958 0.687600
vt 0.093958 0.689118
vt 0.092440 0.689118
vt 0.092440 0.687600
vt 0.080344 0.683887
vt 0.081861 0.683887
vt 0.080344 0.682999
vt 0.081861 0.682999
vt 0.078826 0.683887
vt 0.078826 0.682999
vt 0.105799 0.687831
vt 0.105799 0.689349
vt 0.104911 0.689349
vt 0.104911 0.687831
vt 0.104980 0.681433
vt 0.106498 0.681433
vt 0.106498 0.682951
vt 0.104980 0.682951
vt 0.104980 0.679915
vt 0.106498 0.679915
vt 0.110921 0.753167
vt 0.109404 0.753167
vt 0.109404 0.752280
vt 0.110921 0.752280
vt 0.109404 0.749617
vt 0.110921 0.749617
vt 0.109404 0.748730
vt 0.110921 0.748730
s 1
usemtl Material.001
f 345/869/210 349/872/210 350/871/210 346/870/210
f 347/873/210 345/869/210 346/870/210 368/874/210
f 348/875/211 345/878/211 347/877/211 367/876/211
f 348/875/211 351/880/211 349/879/211 345/878/211
f 349/881/212 351/884/212 352/883/212 350/882/212
f 353/885/213 352/888/213 351/887/213 348/886/213
f 346/889/214 350/892/214 352/891/214 353/890/214
f 358/893/214 354/895/214 353/890/214 355/894/214
f 354/895/214 368/896/214 346/889/214 353/890/214
f 348/897/212 359/900/212 355/899/212 353/898/212
f 366/901/214 358/893/214 355/894/214 356/902/214
f 355/894/214 357/904/214 364/903/214 356/902/214
f 359/905/210 362/908/210 357/907/210 355/906/210
f 359/909/211 348/875/211 367/876/211 360/910/211
f 361/911/211 359/909/211 360/910/211 365/912/211
f 361/911/211 363/914/211 362/913/211 359/909/211
f 362/915/212 363/918/212 364/917/212 357/916/212
f 356/919/213 364/922/213 363/921/213 361/920/213
f 361/920/213 365/924/213 366/923/213 356/919/213
f 365/925/215 360/928/215 358/927/215 366/926/215
f 360/928/215 367/930/215 354/929/215 358/927/215
f 367/930/215 347/932/215 368/931/215 354/929/215
o Cube.017
v -23.297005 1.422553 32.075256
v -23.297005 1.758553 32.075256
v -23.297005 1.422553 31.739256
v -23.633003 1.422553 32.075256
v -23.297005 1.422553 32.411255
v -23.297005 1.758553 32.411255
v -23.633003 1.422553 32.411255
v -23.633003 1.758553 32.411255
v -23.633003 1.758553 32.075256
v -23.633003 1.758553 31.739256
v -24.641005 1.758552 32.075256
v -24.977005 1.758552 32.075256
v -24.641005 1.758552 32.411255
v -24.641005 1.758553 31.739256
v -24.641005 1.422553 32.075256
v -24.641005 1.422553 31.739256
v -24.977005 1.422553 32.075256
v -24.641005 1.422553 32.411255
v -24.977005 1.422553 32.411255
v -24.977005 1.758552 32.411255
v -24.977005 1.422553 31.739256
v -24.977005 1.758552 31.739256
v -23.633003 1.422553 31.739256
v -23.297005 1.758553 31.739256
vn -1.0000 -0.0000 -0.0000
vn -0.0000 1.0000 -0.0000
vn -0.0000 -0.0000 -1.0000
vn 1.0000 -0.0000 -0.0000
vn -0.0000 -1.0000 -0.0000
vn -0.0000 -0.0000 1.0000
vt 0.104212 0.721734
vt 0.102694 0.721734
vt 0.102694 0.720216
vt 0.104212 0.720216
vt 0.104212 0.723252
vt 0.102694 0.723252
vt 0.086741 0.686549
vt 0.088259 0.686549
vt 0.088259 0.687437
vt 0.086741 0.687437
vt 0.085224 0.687437
vt 0.085224 0.686549
vt 0.102645 0.687831
vt 0.102645 0.689349
vt 0.101758 0.689349
vt 0.101758 0.687831
vt 0.089077 0.689118
vt 0.089077 0.687600
vt 0.090595 0.687600
vt 0.090595 0.689118
vt 0.083542 0.682835
vt 0.083542 0.681948
vt 0.085060 0.681948
vt 0.085060 0.682835
vt 0.082025 0.679285
vt 0.083542 0.679285
vt 0.082025 0.681948
vt 0.082025 0.682835
vt 0.114493 0.724563
vt 0.112975 0.724563
vt 0.112975 0.721901
vt 0.114493 0.721901
vt 0.082025 0.678398
vt 0.083542 0.678398
vt 0.085060 0.678398
vt 0.085060 0.679285
vt 0.096338 0.687831
vt 0.096338 0.689349
vt 0.094821 0.689349
vt 0.094821 0.687831
vt 0.086741 0.683887
vt 0.088259 0.683887
vt 0.086741 0.682999
vt 0.088259 0.682999
vt 0.085224 0.683887
vt 0.085224 0.682999
vt 0.099492 0.687831
vt 0.099492 0.689349
vt 0.098604 0.689349
vt 0.098604 0.687831
vt 0.103299 0.681433
vt 0.104817 0.681433
vt 0.104817 0.682951
vt 0.103299 0.682951
vt 0.103299 0.679915
vt 0.104817 0.679915
vt 0.110169 0.722577
vt 0.108651 0.722577
vt 0.108651 0.721690
vt 0.110169 0.721690
vt 0.108651 0.719027
vt 0.110169 0.719027
vt 0.108651 0.718140
vt 0.110169 0.718140
s 1
usemtl Material.001
f 369/933/216 373/936/216 374/935/216 370/934/216
f 371/937/216 369/933/216 370/934/216 392/938/216
f 372/939/217 369/942/217 371/941/217 391/940/217
f 372/939/217 375/944/217 373/943/217 369/942/217
f 373/945/218 375/948/218 376/947/218 374/946/218
f 377/949/219 376/952/219 375/951/219 372/950/219
f 370/953/220 374/956/220 376/955/220 377/954/220
f 382/957/220 378/959/220 377/954/220 379/958/220
f 378/959/220 392/960/220 370/953/220 377/954/220
f 372/961/218 383/964/218 379/963/218 377/962/218
f 390/965/220 382/957/220 379/958/220 380/966/220
f 379/958/220 381/968/220 388/967/220 380/966/220
f 383/969/216 386/972/216 381/971/216 379/970/216
f 383/973/217 372/939/217 391/940/217 384/974/217
f 385/975/217 383/973/217 384/974/217 389/976/217
f 385/975/217 387/978/217 386/977/217 383/973/217
f 386/979/218 387/982/218 388/981/218 381/980/218
f 380/983/219 388/986/219 387/985/219 385/984/219
f 385/984/219 389/988/219 390/987/219 380/983/219
f 389/989/221 384/992/221 382/991/221 390/990/221
f 384/992/221 391/994/221 378/993/221 382/991/221
f 391/994/221 371/996/221 392/995/221 378/993/221
o Cube.018
v -23.297007 5.118553 32.075256
v -23.297007 5.454553 32.075256
v -23.297007 5.118553 31.739256
v -23.633007 5.118553 32.075256
v -23.297007 5.118553 32.411255
v -23.297007 5.454553 32.411255
v -23.633007 5.118553 32.411255
v -23.633007 5.454553 32.411255
v -23.633007 5.454553 32.075256
v -23.633007 5.454553 31.739256
v -24.641006 5.454553 32.075256
v -24.977007 5.454553 32.075256
v -24.641006 5.454553 32.411255
v -24.641006 5.454553 31.739256
v -24.641006 5.118553 32.075256
v -24.641006 5.118553 31.739256
v -24.977007 5.118553 32.075256
v -24.641006 5.118553 32.411255
v -24.977007 5.118553 32.411255
v -24.977007 5.454553 32.411255
v -24.977007 5.118553 31.739256
v -24.977007 5.454553 31.739256
v -23.633007 5.118553 31.739256
v -23.297007 5.454553 31.739256
vn -1.0000 -0.0000 -0.0000
vn -0.0000 1.0000 -0.0000
vn -0.0000 -0.0000 -1.0000
vn 1.0000 -0.0000 -0.0000
vn -0.0000 -1.0000 -0.0000
vn -0.0000 -0.0000 1.0000
vt 0.094124 0.721734
vt 0.092606 0.721734
vt 0.092606 0.720216
vt 0.094124 0.720216
vt 0.094124 0.723252
vt 0.092606 0.723252
vt 0.086741 0.681948
vt 0.088259 0.681948
vt 0.088259 0.682835
vt 0.086741 0.682835
vt 0.085224 0.682835
vt 0.085224 0.681948
vt 0.098441 0.687831
vt 0.098441 0.689349
vt 0.097553 0.689349
vt 0.097553 0.687831
vt 0.078990 0.689118
vt 0.078990 0.687600
vt 0.080507 0.687600
vt 0.080507 0.689118
vt 0.083542 0.687437
vt 0.083542 0.686549
vt 0.085060 0.686549
vt 0.085060 0.687437
vt 0.082025 0.683887
vt 0.083542 0.683887
vt 0.082025 0.686549
vt 0.082025 0.687437
vt 0.112663 0.688551
vt 0.111145 0.688551
vt 0.111145 0.685888
vt 0.112663 0.685888
vt 0.082025 0.682999
vt 0.083542 0.682999
vt 0.085060 0.682999
vt 0.085060 0.683887
vt 0.078826 0.687600
vt 0.078826 0.689118
vt 0.077308 0.689118
vt 0.077308 0.687600
vt 0.086741 0.679285
vt 0.088259 0.679285
vt 0.086741 0.678398
vt 0.088259 0.678398
vt 0.085224 0.679285
vt 0.085224 0.678398
vt 0.097389 0.687831
vt 0.097389 0.689349
vt 0.096502 0.689349
vt 0.096502 0.687831
vt 0.101013 0.721734
vt 0.102530 0.721734
vt 0.102530 0.723252
vt 0.101013 0.723252
vt 0.101013 0.720216
vt 0.102530 0.720216
vt 0.108488 0.722577
vt 0.106970 0.722577
vt 0.106970 0.721690
vt 0.108488 0.721690
vt 0.106970 0.719027
vt 0.108488 0.719027
vt 0.106970 0.718140
vt 0.108488 0.718140
s 1
usemtl Material.001
f 393/997/222 397/1000/222 398/999/222 394/998/222
f 395/1001/222 393/997/222 394/998/222 416/1002/222
f 396/1003/223 393/1006/223 395/1005/223 415/1004/223
f 396/1003/223 399/1008/223 397/1007/223 393/1006/223
f 397/1009/224 399/1012/224 400/1011/224 398/1010/224
f 401/1013/225 400/1016/225 399/1015/225 396/1014/225
f 394/1017/226 398/1020/226 400/1019/226 401/1018/226
f 406/1021/226 402/1023/226 401/1018/226 403/1022/226
f 402/1023/226 416/1024/226 394/1017/226 401/1018/226
f 396/1025/224 407/1028/224 403/1027/224 401/1026/224
f 414/1029/226 406/1021/226 403/1022/226 404/1030/226
f 403/1022/226 405/1032/226 412/1031/226 404/1030/226
f 407/1033/222 410/1036/222 405/1035/222 403/1034/222
f 407/1037/223 396/1003/223 415/1004/223 408/1038/223
f 409/1039/223 407/1037/223 408/1038/223 413/1040/223
f 409/1039/223 411/1042/223 410/1041/223 407/1037/223
f 410/1043/224 411/1046/224 412/1045/224 405/1044/224
f 404/1047/225 412/1050/225 411/1049/225 409/1048/225
f 409/1048/225 413/1052/225 414/1051/225 404/1047/225
f 413/1053/227 408/1056/227 406/1055/227 414/1054/227
f 408/1056/227 415/1058/227 402/1057/227 406/1055/227
f 415/1058/227 395/1060/227 416/1059/227 402/1057/227
o Cube.019
v -29.009026 5.118552 32.075256
v -29.009026 5.454552 32.075256
v -29.009026 5.118552 31.739256
v -29.345026 5.118552 32.075256
v -29.009026 5.118552 32.411255
v -29.009026 5.454552 32.411255
v -29.345026 5.118552 32.411255
v -29.345026 5.454552 32.411255
v -29.345026 5.454552 32.075256
v -29.345026 5.454552 31.739256
v -30.353025 5.454552 32.075256
v -30.689026 5.454552 32.075256
v -30.353025 5.454552 32.411255
v -30.353025 5.454552 31.739256
v -30.353025 5.118552 32.075256
v -30.353025 5.118552 31.739256
v -30.689026 5.118552 32.075256
v -30.353025 5.118552 32.411255
v -30.689026 5.118552 32.411255
v -30.689026 5.454552 32.411255
v -30.689026 5.118552 31.739256
v -30.689026 5.454552 31.739256
v -29.345026 5.118552 31.739256
v -29.009026 5.454552 31.739256
vn -1.0000 -0.0000 -0.0000
vn -0.0000 1.0000 -0.0000
vn -0.0000 -0.0000 -1.0000
vn 1.0000 -0.0000 -0.0000
vn -0.0000 -1.0000 -0.0000
vn -0.0000 -0.0000 1.0000
vt 0.095805 0.721734
vt 0.094287 0.721734
vt 0.094287 0.720216
vt 0.095805 0.720216
vt 0.095805 0.723252
vt 0.094287 0.723252
vt 0.089940 0.681948
vt 0.091458 0.681948
vt 0.091458 0.682835
vt 0.089940 0.682835
vt 0.088423 0.682835
vt 0.088423 0.681948
vt 0.103696 0.687831
vt 0.103696 0.689349
vt 0.102809 0.689349
vt 0.102809 0.687831
vt 0.084033 0.689118
vt 0.084033 0.687600
vt 0.085551 0.687600
vt 0.085551 0.689118
vt 0.089940 0.687437
vt 0.089940 0.686549
vt 0.091458 0.686549
vt 0.091458 0.687437
vt 0.088423 0.683887
vt 0.089940 0.683887
vt 0.088423 0.686549
vt 0.088423 0.687437
vt 0.114344 0.688551
vt 0.112826 0.688551
vt 0.112826 0.685888
vt 0.114344 0.685888
vt 0.088423 0.682999
vt 0.089940 0.682999
vt 0.091458 0.682999
vt 0.091458 0.683887
vt 0.077145 0.687600
vt 0.077145 0.689118
vt 0.075627 0.689118
vt 0.075627 0.687600
vt 0.089940 0.679285
vt 0.091458 0.679285
vt 0.089940 0.678398
vt 0.091458 0.678398
vt 0.088423 0.679285
vt 0.088423 0.678398
vt 0.101594 0.687831
vt 0.101594 0.689349
vt 0.100707 0.689349
vt 0.100707 0.687831
vt 0.099331 0.721734
vt 0.100849 0.721734
vt 0.100849 0.723252
vt 0.099331 0.723252
vt 0.099331 0.720216
vt 0.100849 0.720216
vt 0.110169 0.717976
vt 0.108651 0.717976
vt 0.108651 0.717089
vt 0.110169 0.717089
vt 0.108651 0.714426
vt 0.110169 0.714426
vt 0.108651 0.713539
vt 0.110169 0.713539
s 1
usemtl Material.001
f 417/1061/228 421/1064/228 422/1063/228 418/1062/228
f 419/1065/228 417/1061/228 418/1062/228 440/1066/228
f 420/1067/229 417/1070/229 419/1069/229 439/1068/229
f 420/1067/229 423/1072/229 421/1071/229 417/1070/229
f 421/1073/230 423/1076/230 424/1075/230 422/1074/230
f 425/1077/231 424/1080/231 423/1079/231 420/1078/231
f 418/1081/232 422/1084/232 424/1083/232 425/1082/232
f 430/1085/232 426/1087/232 425/1082/232 427/1086/232
f 426/1087/232 440/1088/232 418/1081/232 425/1082/232
f 420/1089/230 431/1092/230 427/1091/230 425/1090/230
f 438/1093/232 430/1085/232 427/1086/232 428/1094/232
f 427/1086/232 429/1096/232 436/1095/232 428/1094/232
f 431/1097/228 434/1100/228 429/1099/228 427/1098/228
f 431/1101/229 420/1067/229 439/1068/229 432/1102/229
f 433/1103/229 431/1101/229 432/1102/229 437/1104/229
f 433/1103/229 435/1106/229 434/1105/229 431/1101/229
f 434/1107/230 435/1110/230 436/1109/230 429/1108/230
f 428/1111/231 436/1114/231 435/1113/231 433/1112/231
f 433/1112/231 437/1116/231 438/1115/231 428/1111/231
f 437/1117/233 432/1120/233 430/1119/233 438/1118/233
f 432/1120/233 439/1122/233 426/1121/233 430/1119/233
f 439/1122/233 419/1124/233 440/1123/233 426/1121/233
o Cube.020
v -29.009024 1.422553 32.075256
v -29.009024 1.758552 32.075256
v -29.009024 1.422553 31.739256
v -29.345024 1.422552 32.075256
v -29.009024 1.422552 32.411255
v -29.009024 1.758552 32.411255
v -29.345024 1.422552 32.411255
v -29.345024 1.758552 32.411255
v -29.345024 1.758552 32.075256
v -29.345024 1.758552 31.739256
v -30.353024 1.758552 32.075256
v -30.689024 1.758552 32.075256
v -30.353024 1.758552 32.411255
v -30.353024 1.758552 31.739256
v -30.353024 1.422552 32.075256
v -30.353024 1.422552 31.739256
v -30.689024 1.422552 32.075256
v -30.353024 1.422552 32.411255
v -30.689024 1.422552 32.411255
v -30.689024 1.758552 32.411255
v -30.689024 1.422552 31.739256
v -30.689024 1.758552 31.739256
v -29.345024 1.422553 31.739256
v -29.009024 1.758552 31.739256
vn -1.0000 -0.0000 -0.0000
vn -0.0000 1.0000 -0.0000
vn -0.0000 -0.0000 -1.0000
vn 1.0000 -0.0000 -0.0000
vn -0.0000 -1.0000 -0.0000
vn -0.0000 -0.0000 1.0000
vt 0.110982 0.687406
vt 0.109464 0.687406
vt 0.109464 0.685888
vt 0.110982 0.685888
vt 0.110982 0.688924
vt 0.109464 0.688924
vt 0.093139 0.686549
vt 0.094657 0.686549
vt 0.094657 0.687437
vt 0.093139 0.687437
vt 0.091622 0.687437
vt 0.091622 0.686549
vt 0.107465 0.723046
vt 0.107465 0.724563
vt 0.106577 0.724563
vt 0.106577 0.723046
vt 0.090759 0.689118
vt 0.090759 0.687600
vt 0.092276 0.687600
vt 0.092276 0.689118
vt 0.093139 0.682835
vt 0.093139 0.681948
vt 0.094657 0.681948
vt 0.094657 0.682835
vt 0.091622 0.679285
vt 0.093139 0.679285
vt 0.091622 0.681948
vt 0.091622 0.682835
vt 0.018067 0.753868
vt 0.016550 0.753868
vt 0.016550 0.751206
vt 0.018067 0.751206
vt 0.091622 0.678398
vt 0.093139 0.678398
vt 0.094657 0.678398
vt 0.094657 0.679285
vt 0.087232 0.687600
vt 0.087232 0.689118
vt 0.085715 0.689118
vt 0.085715 0.687600
vt 0.093139 0.683887
vt 0.094657 0.683887
vt 0.093139 0.682999
vt 0.094657 0.682999
vt 0.091622 0.683887
vt 0.091622 0.682999
vt 0.106850 0.687831
vt 0.106850 0.689349
vt 0.105962 0.689349
vt 0.105962 0.687831
vt 0.104375 0.721734
vt 0.105893 0.721734
vt 0.105893 0.723252
vt 0.104375 0.723252
vt 0.104375 0.720216
vt 0.105893 0.720216
vt 0.117651 0.689350
vt 0.116133 0.689350
vt 0.116133 0.688462
vt 0.117651 0.688462
vt 0.116133 0.685800
vt 0.117651 0.685800
vt 0.116133 0.684912
vt 0.117651 0.684912
s 1
usemtl Material.001
f 441/1125/234 445/1128/234 446/1127/234 442/1126/234
f 443/1129/234 441/1125/234 442/1126/234 464/1130/234
f 444/1131/235 441/1134/235 443/1133/235 463/1132/235
f 444/1131/235 447/1136/235 445/1135/235 441/1134/235
f 445/1137/236 447/1140/236 448/1139/236 446/1138/236
f 449/1141/237 448/1144/237 447/1143/237 444/1142/237
f 442/1145/238 446/1148/238 448/1147/238 449/1146/238
f 454/1149/238 450/1151/238 449/1146/238 451/1150/238
f 450/1151/238 464/1152/238 442/1145/238 449/1146/238
f 444/1153/236 455/1156/236 451/1155/236 449/1154/236
f 462/1157/238 454/1149/238 451/1150/238 452/1158/238
f 451/1150/238 453/1160/238 460/1159/238 452/1158/238
f 455/1161/234 458/1164/234 453/1163/234 451/1162/234
f 455/1165/235 444/1131/235 463/1132/235 456/1166/235
f 457/1167/235 455/1165/235 456/1166/235 461/1168/235
f 457/1167/235 459/1170/235 458/1169/235 455/1165/235
f 458/1171/236 459/1174/236 460/1173/236 453/1172/236
f 452/1175/237 460/1178/237 459/1177/237 457/1176/237
f 457/1176/237 461/1180/237 462/1179/237 452/1175/237
f 461/1181/239 456/1184/239 454/1183/239 462/1182/239
f 456/1184/239 463/1186/239 450/1185/239 454/1183/239
f 463/1186/239 443/1188/239 464/1187/239 450/1185/239
o Cube.021
v -15.569029 -2.071847 39.375927
v -15.569029 0.548953 39.375927
v -16.577028 -2.071847 39.375927
v -15.569029 -2.071847 38.367924
v -15.569029 0.548953 38.367928
v -16.577028 -2.071847 38.367924
v -16.577030 0.548953 38.367924
v -16.577030 0.548953 39.375927
vn -1.0000 -0.0000 -0.0000
vn -0.0000 -0.0000 -1.0000
vn -0.0000 1.0000 -0.0000
vn -0.0000 -0.0000 1.0000
vn 1.0000 -0.0000 -0.0000
vn -0.0000 -1.0000 -0.0000
vt 0.111130 0.724727
vt 0.111130 0.736565
vt 0.106577 0.736565
vt 0.106577 0.724727
vt 0.013560 0.751206
vt 0.013560 0.763043
vt 0.010897 0.763043
vt 0.010897 0.751206
vt 0.103136 0.683114
vt 0.103136 0.687667
vt 0.100473 0.687667
vt 0.100473 0.683114
vt 0.010734 0.751206
vt 0.010734 0.763043
vt 0.008071 0.763043
vt 0.008071 0.751206
vt 0.109300 0.667209
vt 0.109300 0.679047
vt 0.104747 0.679047
vt 0.104747 0.667209
vt 0.103136 0.678398
vt 0.103136 0.682951
vt 0.100473 0.682951
vt 0.100473 0.678398
s 1
usemtl Material.001
f 468/1189/240 465/1192/240 466/1191/240 469/1190/240
f 465/1193/241 467/1196/241 472/1195/241 466/1194/241
f 467/1197/242 465/1200/242 468/1199/242 470/1198/242
f 470/1201/243 468/1204/243 469/1203/243 471/1202/243
f 467/1205/244 470/1208/244 471/1207/244 472/1206/244
f 471/1209/245 469/1212/245 466/1211/245 472/1210/245
o Cube.022
v -15.569029 -2.071846 34.335926
v -15.569029 0.548954 34.335930
v -16.577028 -2.071846 34.335926
v -15.569028 -2.071846 33.327927
v -15.569029 0.548954 33.327927
v -16.577028 -2.071846 33.327927
v -16.577028 0.548954 33.327927
v -16.577030 0.548954 34.335930
vn -1.0000 -0.0000 -0.0000
vn -0.0000 -0.0000 -1.0000
vn -0.0000 1.0000 -0.0000
vn -0.0000 -0.0000 1.0000
vn 1.0000 -0.0000 -0.0000
vn -0.0000 -1.0000 -0.0000
vt 0.111523 0.701537
vt 0.111523 0.713375
vt 0.106970 0.713375
vt 0.106970 0.701537
vt 0.016386 0.751206
vt 0.016386 0.763043
vt 0.013724 0.763043
vt 0.013724 0.751206
vt 0.105962 0.683114
vt 0.105962 0.687667
vt 0.103299 0.687667
vt 0.103299 0.683114
vt 0.007908 0.751206
vt 0.007908 0.763043
vt 0.005245 0.763043
vt 0.005245 0.751206
vt 0.109300 0.643207
vt 0.109300 0.655044
vt 0.104747 0.655044
vt 0.104747 0.643207
vt 0.108788 0.683114
vt 0.108788 0.687667
vt 0.106125 0.687667
vt 0.106125 0.683114
s 1
usemtl Material.001
f 476/1213/246 473/1216/246 474/1215/246 477/1214/246
f 473/1217/247 475/1220/247 480/1219/247 474/1218/247
f 475/1221/248 473/1224/248 476/1223/248 478/1222/248
f 478/1225/249 476/1228/249 477/1227/249 479/1226/249
f 475/1229/250 478/1232/250 479/1231/250 480/1230/250
f 479/1233/251 477/1236/251 474/1235/251 480/1234/251
o Cube.023
v -31.697012 -2.071848 34.335926
v -31.697012 0.548952 34.335926
v -32.705013 -2.071848 34.335926
v -31.697008 -2.071848 33.327923
v -31.697010 0.548952 33.327927
v -32.705013 -2.071848 33.327923
v -32.705013 0.548952 33.327927
v -32.705013 0.548952 34.335926
vn -1.0000 -0.0000 -0.0000
vn -0.0000 -0.0000 -1.0000
vn -0.0000 1.0000 -0.0000
vn -0.0000 -0.0000 1.0000
vn 1.0000 -0.0000 -0.0000
vn -0.0000 -1.0000 -0.0000
vt 0.114017 0.643207
vt 0.114017 0.655044
vt 0.109464 0.655044
vt 0.109464 0.643207
vt 0.116843 0.643207
vt 0.116843 0.655044
vt 0.114181 0.655044
vt 0.114181 0.643207
vt 0.097483 0.683114
vt 0.097483 0.687667
vt 0.094821 0.687667
vt 0.094821 0.683114
vt 0.122495 0.643207
vt 0.122495 0.655044
vt 0.119833 0.655044
vt 0.119833 0.643207
vt 0.109300 0.655208
vt 0.109300 0.667046
vt 0.104747 0.667046
vt 0.104747 0.655208
vt 0.100309 0.678398
vt 0.100309 0.682951
vt 0.097647 0.682951
vt 0.097647 0.678398
s 1
usemtl Material.001
f 484/1237/252 481/1240/252 482/1239/252 485/1238/252
f 481/1241/253 483/1244/253 488/1243/253 482/1242/253
f 483/1245/254 481/1248/254 484/1247/254 486/1246/254
f 486/1249/255 484/1252/255 485/1251/255 487/1250/255
f 483/1253/256 486/1256/256 487/1255/256 488/1254/256
f 487/1257/257 485/1260/257 482/1259/257 488/1258/257
o Cube.024
v -31.697012 -2.071849 39.375927
v -31.697012 0.548951 39.375927
v -32.705013 -2.071849 39.375927
v -31.697012 -2.071849 38.367924
v -31.697012 0.548951 38.367928
v -32.705013 -2.071849 38.367924
v -32.705013 0.548951 38.367924
v -32.705013 0.548951 39.375927
vn -1.0000 -0.0000 -0.0000
vn -0.0000 -0.0000 -1.0000
vn -0.0000 1.0000 -0.0000
vn -0.0000 -0.0000 1.0000
vn 1.0000 -0.0000 -0.0000
vn -0.0000 -1.0000 -0.0000
vt 0.111523 0.689536
vt 0.111523 0.701374
vt 0.106970 0.701374
vt 0.106970 0.689536
vt 0.119669 0.643207
vt 0.119669 0.655044
vt 0.117007 0.655044
vt 0.117007 0.643207
vt 0.097483 0.678398
vt 0.097483 0.682951
vt 0.094821 0.682951
vt 0.094821 0.678398
vt 0.109240 0.748730
vt 0.109240 0.760567
vt 0.106577 0.760567
vt 0.106577 0.748730
vt 0.111130 0.736728
vt 0.111130 0.748566
vt 0.106577 0.748566
vt 0.106577 0.736728
vt 0.100309 0.683114
vt 0.100309 0.687667
vt 0.097647 0.687667
vt 0.097647 0.683114
s 1
usemtl Material.001
f 492/1261/258 489/1264/258 490/1263/258 493/1262/258
f 489/1265/259 491/1268/259 496/1267/259 490/1266/259
f 491/1269/260 489/1272/260 492/1271/260 494/1270/260
f 494/1273/261 492/1276/261 493/1275/261 495/1274/261
f 491/1277/262 494/1280/262 495/1279/262 496/1278/262
f 495/1281/263 493/1284/263 490/1283/263 496/1282/263
o Cube.025
v -39.000000 28.999992 40.871410
v -39.000000 32.999992 40.871410
v -39.000000 29.000011 -81.692528
v -35.000004 28.999992 40.871410
v -35.000004 32.999992 40.871410
v -35.000004 29.000013 -81.692528
v -35.000004 33.000015 -81.692520
v -39.000000 33.000015 -81.692520
vn -0.0000 -0.0000 -1.0000
vn 1.0000 -0.0000 -0.0000
vn -0.0000 1.0000 -0.0000
vn -1.0000 -0.0000 -0.0000
vn -0.0000 -0.0000 1.0000
vn -0.0000 -1.0000 -0.0000
vt 0.435120 0.928189
vt 0.435120 0.939435
vt 0.423874 0.939435
vt 0.423874 0.928189
vt 0.974905 0.456770
vt 0.963659 0.456770
vt 0.963659 0.231473
vt 0.974905 0.231473
vt 0.950190 0.231473
vt 0.961436 0.231473
vt 0.961436 0.456770
vt 0.950190 0.456770
vt 0.964258 0.226410
vt 0.953012 0.226410
vt 0.953012 0.001110
vt 0.964258 0.001110
vt 0.110563 0.956774
vt 0.110563 0.968020
vt 0.099317 0.968020
vt 0.099317 0.956774
vt 0.892918 0.658655
vt 0.904163 0.658655
vt 0.904163 0.883952
vt 0.892918 0.883952
s 1
usemtl Material.001
f 500/1285/264 497/1288/264 498/1287/264 501/1286/264
f 497/1289/265 499/1292/265 504/1291/265 498/1290/265
f 499/1293/266 497/1296/266 500/1295/266 502/1294/266
f 502/1297/267 500/1300/267 501/1299/267 503/1298/267
f 499/1301/268 502/1304/268 503/1303/268 504/1302/268
f 503/1305/269 501/1308/269 498/1307/269 504/1306/269
o Cube.026
v 19.641207 29.000015 -80.379608
v 19.641207 33.000015 -80.379608
v -39.136093 29.000006 -80.379616
v 19.641207 29.000015 -84.379608
v 19.641207 33.000015 -84.379608
v -39.136093 29.000006 -84.379616
v -39.136093 33.000008 -84.379616
v -39.136093 33.000008 -80.379616
vn -1.0000 -0.0000 -0.0000
vn -0.0000 -0.0000 -1.0000
vn -0.0000 1.0000 -0.0000
vn -0.0000 -0.0000 1.0000
vn 1.0000 -0.0000 -0.0000
vn -0.0000 -1.0000 -0.0000
vt 0.421650 0.928189
vt 0.421650 0.939435
vt 0.410405 0.939435
vt 0.410405 0.928189
vt 0.842701 0.946726
vt 0.831455 0.946726
vt 0.831455 0.780469
vt 0.842701 0.780469
vt 0.564004 0.757415
vt 0.575250 0.757415
vt 0.575250 0.923671
vt 0.564004 0.923671
vt 0.977727 0.167368
vt 0.966481 0.167368
vt 0.966481 0.001112
vt 0.977727 0.001112
vt 0.423013 0.912507
vt 0.423013 0.923753
vt 0.411767 0.923753
vt 0.411767 0.912507
vt 0.389153 0.767888
vt 0.400399 0.767888
vt 0.400399 0.934145
vt 0.389153 0.934145
s 1
usemtl Material.001
f 508/1309/270 505/1312/270 506/1311/270 509/1310/270
f 505/1313/271 507/1316/271 512/1315/271 506/1314/271
f 507/1317/272 505/1320/272 508/1319/272 510/1318/272
f 510/1321/273 508/1324/273 509/1323/273 511/1322/273
f 507/1325/274 510/1328/274 511/1327/274 512/1326/274
f 511/1329/275 509/1332/275 506/1331/275 512/1330/275
o Cube.027
v 19.641207 29.000002 42.619198
v 19.641207 33.000004 42.619198
v -39.136093 28.999992 42.619190
v 19.641207 29.000002 38.619198
v 19.641207 33.000004 38.619198
v -39.136093 28.999992 38.619190
v -39.136093 32.999996 38.619190
v -39.136093 32.999992 42.619190
vn -1.0000 -0.0000 -0.0000
vn -0.0000 -0.0000 -1.0000
vn -0.0000 1.0000 -0.0000
vn -0.0000 -0.0000 1.0000
vn 1.0000 -0.0000 -0.0000
vn -0.0000 -1.0000 -0.0000
vt 0.124032 0.957530
vt 0.124032 0.968776
vt 0.112787 0.968776
vt 0.112787 0.957530
vt 0.988374 0.734691
vt 0.977129 0.734691
vt 0.977129 0.568434
vt 0.988374 0.568434
vt 0.657438 0.780428
vt 0.668684 0.780428
vt 0.668684 0.946685
vt 0.657438 0.946685
vt 0.988374 0.566210
vt 0.977129 0.566210
vt 0.977129 0.399954
vt 0.988374 0.399954
vt 0.865979 0.930084
vt 0.865979 0.941329
vt 0.854733 0.941329
vt 0.854733 0.930084
vt 0.577474 0.757415
vt 0.588719 0.757415
vt 0.588719 0.923671
vt 0.577474 0.923671
s 1
usemtl Material.001
f 516/1333/276 513/1336/276 514/1335/276 517/1334/276
f 513/1337/277 515/1340/277 520/1339/277 514/1338/277
f 515/1341/278 513/1344/278 516/1343/278 518/1342/278
f 518/1345/279 516/1348/279 517/1347/279 519/1346/279
f 515/1349/280 518/1352/280 519/1351/280 520/1350/280
f 519/1353/281 517/1356/281 514/1355/281 520/1354/281
o Cube.028
v -7.224524 8.755533 -79.559891
v -7.224524 9.244489 -79.559891
v -7.123071 8.597772 -79.559891
v -7.224524 8.755533 -80.343887
v -7.224524 9.244490 -80.343887
v -7.123071 8.597773 -80.343887
v -6.845897 8.482284 -80.343887
v -6.467271 8.440011 -80.343887
v -6.845897 8.482283 -79.559891
v -6.467271 8.440011 -79.559891
v -5.293777 8.440011 -79.559891
v -4.915150 8.482284 -79.559891
v -5.293777 8.440012 -80.343887
v -4.915150 8.482284 -80.343887
v -4.637976 8.597773 -80.343887
v -4.536524 8.755533 -80.343887
v -4.637976 8.597773 -79.559891
v -4.536524 8.755533 -79.559891
v -4.536524 9.244490 -79.559891
v -4.637977 9.402250 -79.559891
v -4.536524 9.244490 -80.343887
v -4.637977 9.402250 -80.343887
v -4.915150 9.517739 -80.343887
v -5.293777 9.560012 -80.343887
v -4.915150 9.517739 -79.559891
v -5.293777 9.560011 -79.559891
v -6.467271 9.560011 -79.559891
v -6.845897 9.517739 -79.559891
v -6.467271 9.560011 -80.343887
v -6.845897 9.517739 -80.343887
v -7.123071 9.402250 -80.343887
v -7.123071 9.402250 -79.559891
v -6.501556 9.400011 -80.965324
v -6.501556 9.400011 -79.445328
v -6.155146 9.200011 -80.965324
v -6.847966 9.200011 -80.965324
v -6.847966 9.200011 -79.445328
v -6.847966 8.800012 -80.965324
v -6.847966 8.800012 -79.445328
v -6.501556 8.600012 -80.965324
v -6.501556 8.600011 -79.445328
v -6.155146 8.800012 -80.965324
v -6.155146 8.800012 -79.445328
v -6.155146 9.200011 -79.445328
v -6.270500 8.866611 -79.328621
v -6.501556 8.733211 -79.328621
v -6.270500 9.133411 -79.328621
v -6.501556 9.266812 -79.328621
v -6.732612 9.133411 -79.328621
v -6.732612 8.866611 -79.328621
vn 0.9535 0.3013 -0.0000
vn 0.9535 -0.3013 -0.0000
vn -0.0000 -0.0000 -1.0000
vn 0.5852 0.8109 -0.0000
vn -0.0000 -0.0000 1.0000
vn 0.2339 0.9723 -0.0000
vn 0.0548 0.9985 -0.0000
vn -0.0548 0.9985 -0.0000
vn -0.2339 0.9723 -0.0000
vn -0.5852 0.8109 -0.0000
vn -0.9535 0.3013 -0.0000
vn -0.9535 -0.3013 -0.0000
vn -0.5852 -0.8109 -0.0000
vn -0.2339 -0.9723 -0.0000
vn -0.0548 -0.9985 -0.0000
vn 0.0548 -0.9985 -0.0000
vn 0.2339 -0.9723 -0.0000
vn 0.5852 -0.8109 -0.0000
vn 0.7902 -0.6129 -0.0000
vn 0.6815 -0.5763 -0.4510
vn 0.4759 -0.8242 -0.3070
vn 0.5000 -0.8660 -0.0000
vn -0.5000 -0.8660 -0.0000
vn -0.4759 -0.8242 -0.3070
vn -0.6815 -0.5763 -0.4510
vn -0.7902 -0.6129 -0.0000
vn 0.7902 0.6129 -0.0000
vn 0.6815 0.5763 -0.4510
vn 0.5000 0.8660 -0.0000
vn 0.4759 0.8242 -0.3070
vn -0.7902 0.6129 -0.0000
vn -0.6815 0.5763 -0.4510
vn -0.4759 0.8242 -0.3070
vn -0.5000 0.8660 -0.0000
vn -0.2754 -0.1574 -0.9483
vn -0.2754 0.1574 -0.9483
vn -0.0000 0.5030 -0.8643
vn -0.0000 -0.5030 -0.8643
vn 0.2754 -0.1574 -0.9483
vn 0.2754 0.1574 -0.9483
vt 0.580634 0.959440
vt 0.580634 0.966123
vt 0.569950 0.966123
vt 0.569950 0.959440
vt 0.523879 0.976953
vt 0.524457 0.974797
vt 0.526036 0.973218
vt 0.528192 0.972640
vt 0.534876 0.972640
vt 0.537032 0.973218
vt 0.538611 0.974797
vt 0.539189 0.976953
vt 0.539189 0.983637
vt 0.538611 0.985793
vt 0.537032 0.987372
vt 0.534876 0.987949
vt 0.528192 0.987949
vt 0.526036 0.987372
vt 0.524457 0.985793
vt 0.523879 0.983637
vt 0.569996 0.957283
vt 0.580679 0.957283
vt 0.539236 0.961596
vt 0.539814 0.959440
vt 0.541393 0.957861
vt 0.543549 0.957283
vt 0.550233 0.957283
vt 0.552389 0.957861
vt 0.553968 0.959440
vt 0.554546 0.961596
vt 0.554546 0.968280
vt 0.553968 0.970436
vt 0.552389 0.972015
vt 0.550233 0.972593
vt 0.543549 0.972593
vt 0.541393 0.972015
vt 0.539814 0.970436
vt 0.539236 0.968280
vt 0.560717 0.974219
vt 0.550001 0.974219
vt 0.550001 0.972640
vt 0.560717 0.972640
vt 0.560717 0.976375
vt 0.550001 0.976375
vt 0.560717 0.983059
vt 0.550001 0.983059
vt 0.560717 0.985215
vt 0.550001 0.985215
vt 0.560717 0.986794
vt 0.550001 0.986794
vt 0.549965 0.997838
vt 0.539282 0.997838
vt 0.539236 0.995681
vt 0.549920 0.995681
vt 0.539236 0.988998
vt 0.549920 0.988998
vt 0.539282 0.986841
vt 0.549965 0.986841
vt 0.549953 0.974219
vt 0.539236 0.974219
vt 0.539236 0.972640
vt 0.549953 0.972640
vt 0.549953 0.976375
vt 0.539236 0.976375
vt 0.549953 0.983059
vt 0.539236 0.983059
vt 0.549953 0.985215
vt 0.539236 0.985215
vt 0.549953 0.986794
vt 0.539236 0.986794
vt 0.580679 0.968280
vt 0.569996 0.968280
vt 0.543064 0.957235
vt 0.543064 0.936522
vt 0.545798 0.936368
vt 0.545798 0.957081
vt 0.556780 0.934932
vt 0.556780 0.955645
vt 0.554047 0.955491
vt 0.554047 0.934777
vt 0.580548 0.934777
vt 0.582521 0.937511
vt 0.582521 0.942979
vt 0.580548 0.945713
vt 0.578575 0.942979
vt 0.578575 0.937511
vt 0.537596 0.957235
vt 0.537596 0.936522
vt 0.534862 0.957081
vt 0.534862 0.936368
vt 0.548579 0.934777
vt 0.548579 0.955491
vt 0.545845 0.955645
vt 0.545845 0.934932
vt 0.553136 0.957133
vt 0.549489 0.957133
vt 0.547666 0.957235
vt 0.570443 0.954449
vt 0.569127 0.956273
vt 0.567811 0.954449
vt 0.567811 0.950802
vt 0.569127 0.948979
vt 0.570443 0.950802
vt 0.554960 0.957235
vt 0.542153 0.934880
vt 0.543977 0.934777
vt 0.538506 0.934880
vt 0.536683 0.934777
s 1
usemtl Material.001
f 521/1357/282 524/1360/282 525/1359/283 522/1358/283
f 531/1361/284 530/1376/284 529/1375/284 523/1374/284 521/1373/284 522/1372/284 552/1371/284 548/1370/284 547/1369/284 546/1368/284 545/1367/284 540/1366/284 539/1365/284 538/1364/284 537/1363/284 532/1362/284
f 526/1377/285 524/1360/282 521/1357/282 523/1378/285
f 528/1379/286 533/1394/286 534/1393/286 535/1392/286 536/1391/286 541/1390/286 542/1389/286 543/1388/286 544/1387/286 549/1386/286 550/1385/286 551/1384/286 525/1383/286 524/1382/286 526/1381/286 527/1380/286
f 527/1395/287 526/1398/285 523/1397/285 529/1396/287
f 528/1399/288 527/1395/287 529/1396/287 530/1400/288
f 528/1399/288 530/1400/288 531/1402/289 533/1401/289
f 531/1402/289 532/1404/290 534/1403/290 533/1401/289
f 532/1404/290 537/1406/291 535/1405/291 534/1403/290
f 537/1407/291 538/1410/292 536/1409/292 535/1408/291
f 536/1409/292 538/1410/292 539/1412/293 541/1411/293
f 542/1413/294 541/1411/293 539/1412/293 540/1414/294
f 543/1415/295 542/1418/294 540/1417/294 545/1416/295
f 544/1419/296 543/1415/295 545/1416/295 546/1420/296
f 544/1419/296 546/1420/296 547/1422/297 549/1421/297
f 547/1422/297 548/1424/298 550/1423/298 549/1421/297
f 548/1424/298 552/1426/299 551/1425/299 550/1423/298
f 552/1427/299 522/1358/283 525/1359/283 551/1428/299
f 556/1429/300 553/1432/303 554/1431/302 557/1430/301
f 553/1433/304 555/1436/307 564/1435/306 554/1434/305
f 553/1437/286 556/1442/286 558/1441/286 560/1440/286 562/1439/286 555/1438/286
f 558/1443/308 556/1429/300 557/1430/301 559/1444/309
f 560/1445/310 558/1443/308 559/1444/309 561/1446/311
f 562/1447/312 560/1450/315 561/1449/314 563/1448/313
f 555/1436/307 562/1447/312 563/1448/313 564/1435/306
f 567/1451/316 564/1435/306 563/1448/313 565/1452/317
f 565/1452/317 563/1448/313 561/1449/314 566/1453/318
f 567/1454/316 565/1459/317 566/1458/318 570/1457/321 569/1456/320 568/1455/319
f 568/1460/319 554/1434/305 564/1435/306 567/1451/316
f 569/1461/320 557/1430/301 554/1431/302 568/1462/319
f 570/1463/321 559/1444/309 557/1430/301 569/1461/320
f 566/1464/318 561/1446/311 559/1444/309 570/1463/321
o Cube.029
v -8.023796 -2.460405 -83.737000
v -9.499998 -2.499987 -83.737000
v -8.023796 -2.460407 -80.024544
v -8.023800 19.023811 -83.736992
v 3.023795 19.023811 -83.736992
v -8.948139 19.948151 -83.736992
v -8.023800 19.023809 -80.024536
v 3.023795 19.023811 -80.024536
v -8.311345 18.904705 -79.736992
v -7.904695 19.311356 -79.736992
v 2.904690 19.311357 -79.736992
v -8.805803 20.212465 -79.736992
v 3.805799 20.212467 -79.736992
v -8.826584 20.221073 -79.745598
v -9.212456 19.805813 -79.736992
v -9.212453 -2.204630 -79.737000
v -9.221064 19.826595 -79.745598
v -9.500002 19.719561 -80.024536
v -9.499998 -2.499989 -80.024544
v -9.500002 19.719563 -83.736992
v -9.395441 20.109785 -80.024536
v -9.109776 20.395452 -80.024536
v -9.395441 20.109787 -83.736992
v -9.109776 20.395454 -83.736992
v -8.719550 20.500011 -83.736992
v 3.719546 20.500013 -83.736992
v -8.719550 20.500011 -80.024536
v 3.719546 20.500013 -80.024536
v 3.826580 20.221075 -79.745598
v 4.109772 20.395454 -80.024536
v 4.395436 20.109787 -80.024536
v 4.109772 20.395456 -83.736992
v 3.948135 19.948153 -83.736992
v 4.395436 20.109789 -83.736992
v 4.499998 19.719563 -83.736992
v 4.500001 -2.499985 -83.737000
v 4.499998 19.719563 -80.024536
v 4.500001 -2.499987 -80.024544
v 4.221060 19.826597 -79.745598
v 4.212452 19.805817 -79.736992
v 4.212455 -2.204628 -79.737000
v 3.311341 18.904705 -79.736992
v 3.311344 -2.180466 -79.737000
v 3.023799 -2.460405 -80.024544
v 3.023799 -2.460403 -83.737000
v -8.311341 -2.180468 -79.737000
vn -0.0000 -0.0000 1.0000
vn -0.0268 0.9996 -0.0000
vn -0.0251 0.9363 -0.3503
vn -0.0252 0.9409 -0.3377
vn -1.0000 -0.0000 -0.0000
vn -0.4097 0.7907 -0.4549
vn -0.9496 -0.0000 -0.3135
vn -0.0000 1.0000 -0.0000
vn 0.4097 0.7907 -0.4549
vn 0.0511 0.2542 -0.9658
vn -0.0511 0.2542 -0.9658
vn -0.2459 0.0869 -0.9654
vn -0.2234 0.3114 -0.9236
vn -0.0812 -0.3673 -0.9266
vn 0.0812 -0.3673 -0.9266
vn 0.2676 -0.0349 -0.9629
vn -0.2174 -0.5654 -0.7957
vn -0.1473 -0.9208 -0.3611
vn 0.1473 -0.9208 -0.3611
vn 0.2174 -0.5654 -0.7957
vn 0.4397 -0.2914 -0.8496
vn 0.2113 0.3296 -0.9201
vn 0.8578 -0.2001 -0.4734
vn 0.9516 -0.0000 -0.3074
vn 0.5072 -0.7803 -0.3659
vn 0.6976 -0.5466 -0.4632
vn 0.9912 -0.1324 -0.0000
vn 1.0000 -0.0000 -0.0000
vn 0.8497 -0.5272 -0.0000
vn 0.4455 -0.8953 -0.0000
vn 0.1215 -0.9926 -0.0000
vn -0.1215 -0.9926 -0.0000
vn -0.5072 -0.7803 -0.3659
vn -0.4455 -0.8953 -0.0000
vn -0.8578 -0.2001 -0.4734
vn -0.6976 -0.5466 -0.4632
vn -0.4397 -0.2914 -0.8496
vn -0.8497 -0.5272 -0.0000
vn -0.9912 -0.1324 -0.0000
vn -0.9516 -0.0000 -0.3074
vn -0.2676 -0.0349 -0.9629
vn -0.2113 0.3296 -0.9201
vn 0.2459 0.0869 -0.9654
vn 0.2234 0.3114 -0.9236
vn 0.9496 -0.0000 -0.3135
vn 0.0251 0.9363 -0.3503
vn 0.0252 0.9409 -0.3377
vn 0.0268 0.9996 -0.0000
vt 0.667447 0.450390
vt 0.667447 0.234671
vt 0.673623 0.234274
vt 0.673623 0.457376
vt 0.671314 0.459671
vt 0.807074 0.905773
vt 0.813250 0.905773
vt 0.813250 0.943049
vt 0.807074 0.943049
vt 0.675846 0.671846
vt 0.712938 0.671436
vt 0.712938 0.885824
vt 0.675846 0.886236
vt 0.505527 0.840045
vt 0.542803 0.840045
vt 0.542803 0.886264
vt 0.505527 0.886264
vt 0.621227 0.450390
vt 0.670357 0.465212
vt 0.618316 0.465212
vt 0.617360 0.459671
vt 0.727743 0.220116
vt 0.682520 0.220116
vt 0.682022 0.217228
vt 0.728242 0.217228
vt 0.715930 0.672726
vt 0.715930 0.883133
vt 0.715761 0.668480
vt 0.731513 0.229164
vt 0.678751 0.229164
vt 0.677049 0.225080
vt 0.680819 0.216032
vt 0.789155 0.781653
vt 0.791956 0.782101
vt 0.791956 0.834142
vt 0.789155 0.834590
vt 0.789069 0.834503
vt 0.789069 0.781741
vt 0.678663 0.229250
vt 0.677013 0.225288
vt 0.680819 0.004320
vt 0.677049 0.004078
vt 0.829220 0.234449
vt 0.829140 0.455442
vt 0.829051 0.455650
vt 0.826144 0.454567
vt 0.826225 0.231474
vt 0.826480 0.462433
vt 0.826311 0.461369
vt 0.826188 0.458488
vt 0.829220 0.459627
vt 0.789069 0.454588
vt 0.789150 0.231495
vt 0.789113 0.458511
vt 0.789236 0.461390
vt 0.673185 0.461294
vt 0.671990 0.464163
vt 0.829232 0.834142
vt 0.829232 0.835775
vt 0.791956 0.835775
vt 0.829232 0.782101
vt 0.791956 0.780469
vt 0.829232 0.780469
vt 0.834510 0.453611
vt 0.834467 0.457457
vt 0.834348 0.460176
vt 0.834186 0.461039
vt 0.831443 0.458336
vt 0.831607 0.454582
vt 0.871559 0.457047
vt 0.871440 0.459764
vt 0.616683 0.464163
vt 0.615489 0.461294
vt 0.615051 0.457376
vt 0.871602 0.453201
vt 0.621227 0.234671
vt 0.615051 0.234274
vt 0.871602 0.231474
vt 0.834510 0.231884
vt 0.831518 0.454370
vt 0.831518 0.234730
vt 0.733215 0.225080
vt 0.733251 0.225288
vt 0.731600 0.229250
vt 0.729445 0.216032
vt 0.729445 0.004320
vt 0.733215 0.004078
vt 0.781933 0.003992
vt 0.781933 0.219702
vt 0.778936 0.216883
vt 0.778936 0.005178
vt 0.779113 0.001112
vt 0.728242 0.001509
vt 0.734418 0.001112
vt 0.639232 0.943009
vt 0.633057 0.943009
vt 0.633057 0.905733
vt 0.639232 0.905733
vt 0.819008 0.003956
vt 0.819008 0.219666
vt 0.675846 0.001112
vt 0.682022 0.001509
s 1
usemtl Material.001
f 574/1465/322 576/1469/322 590/1468/322 572/1467/322 571/1466/322
f 572/1470/323 589/1473/325 573/1472/324 571/1471/323
f 574/1474/326 571/1477/326 573/1476/328 577/1475/327
f 577/1478/327 578/1481/330 575/1480/329 574/1479/329
f 575/1482/322 603/1485/322 596/1484/322 595/1483/322 576/1469/322 574/1465/322
f 581/1486/331 578/1489/330 577/1488/327 580/1487/332
f 573/1476/328 616/1491/334 579/1490/333 577/1475/327
f 579/1490/333 580/1492/332 577/1475/327
f 580/1487/332 582/1494/336 583/1493/335 581/1486/331
f 580/1487/332 579/1496/333 585/1495/337 582/1494/336
f 599/1497/338 583/1502/335 582/1501/336 584/1500/341 597/1499/340 598/1498/339
f 585/1495/337 587/1504/342 584/1503/341 582/1494/336
f 616/1505/334 586/1506/343 585/1495/337 579/1496/333
f 586/1507/343 589/1511/345 588/1510/344 587/1509/342 585/1508/337
f 597/1512/340 584/1515/341 587/1509/342 588/1510/344 591/1514/347 592/1513/346
f 589/1511/345 572/1517/349 590/1516/348 588/1510/344
f 591/1514/347 588/1510/344 590/1516/348 593/1518/350
f 592/1513/346 591/1514/347 593/1518/350 594/1519/351
f 590/1468/322 576/1469/322 593/1520/322
f 593/1520/322 576/1469/322 594/1521/322
f 594/1521/322 576/1469/322 595/1483/322
f 597/1499/340 592/1524/346 594/1523/351 595/1522/352
f 596/1525/353 598/1498/339 597/1499/340 595/1522/352
f 600/1526/354 598/1498/339 596/1525/353 602/1527/355
f 607/1528/356 609/1533/358 599/1532/338 598/1531/339 600/1530/354 601/1529/357
f 601/1529/357 600/1530/354 602/1535/355 604/1534/359
f 596/1484/322 603/1485/322 602/1536/322
f 602/1536/322 603/1485/322 604/1537/322
f 604/1537/322 603/1485/322 605/1538/322
f 607/1528/356 601/1529/357 604/1534/359 605/1539/360
f 615/1540/322 606/1541/322 605/1538/322 603/1485/322 575/1482/322
f 606/1542/326 608/1543/361 607/1528/356 605/1539/360
f 610/1544/362 609/1533/358 607/1528/356 608/1543/361 611/1545/363
f 610/1546/362 583/1493/335 599/1548/338 609/1547/358
f 612/1549/364 610/1546/362 611/1551/363 613/1550/365
f 583/1493/335 610/1546/362 612/1549/364 581/1486/331
f 578/1552/330 612/1555/364 613/1554/365 614/1553/366
f 612/1555/364 578/1552/330 581/1556/331
f 614/1557/367 613/1550/365 611/1551/363 608/1558/368
f 608/1559/368 606/1562/369 615/1561/369 614/1560/367
f 614/1553/366 615/1564/349 575/1563/349 578/1552/330
f 589/1565/325 586/1506/343 616/1505/334 573/1566/324
o Cube.030
v -8.999998 -1.999990 -80.857162
v -9.000001 19.540020 -80.857162
v -8.999998 -1.999990 -83.857162
v 4.000000 -1.999988 -80.857162
v 3.999997 19.540020 -80.857162
v 4.000000 -1.999988 -83.857162
v 3.999997 19.540020 -83.857162
v -9.000001 19.540020 -83.857162
vn -0.0000 -0.0000 -1.0000
vn 1.0000 -0.0000 -0.0000
vn -0.0000 1.0000 -0.0000
vn -1.0000 -0.0000 -0.0000
vn -0.0000 -0.0000 1.0000
vn -0.0000 -1.0000 -0.0000
vt 0.730234 0.231474
vt 0.730234 0.447754
vt 0.675846 0.447754
vt 0.675846 0.231474
vt 0.718154 0.884779
vt 0.718154 0.668509
vt 0.748114 0.668480
vt 0.748114 0.884750
vt 0.255938 0.845083
vt 0.255938 0.899471
vt 0.225816 0.899471
vt 0.225816 0.845083
vt 0.863539 0.216389
vt 0.863539 0.001444
vt 0.893512 0.001112
vt 0.893512 0.216057
vt 0.786845 0.449976
vt 0.786845 0.666256
vt 0.732457 0.666256
vt 0.732457 0.449976
vt 0.288284 0.845084
vt 0.288284 0.899471
vt 0.258162 0.899471
vt 0.258162 0.845084
s 1
usemtl Material.001
f 620/1567/370 617/1570/370 618/1569/370 621/1568/370
f 617/1571/371 619/1574/371 624/1573/371 618/1572/371
f 619/1575/372 617/1578/372 620/1577/372 622/1576/372
f 622/1579/373 620/1582/373 621/1581/373 623/1580/373
f 619/1583/374 622/1586/374 623/1585/374 624/1584/374
f 623/1587/375 621/1590/375 618/1589/375 624/1588/375
o Cube.032
v -38.642021 -2.000009 40.946274
v -38.642021 1.999991 40.946274
v -38.642021 -1.999989 -81.805603
v -36.394760 -2.000009 40.946274
v -36.394760 1.999991 40.946274
v -36.394760 -1.999989 -81.805603
v -36.394760 2.000011 -81.805603
v -38.642021 2.000011 -81.805603
vn -0.0000 -0.0000 -1.0000
vn 1.0000 -0.0000 -0.0000
vn -0.0000 1.0000 -0.0000
vn -1.0000 -0.0000 -0.0000
vn -0.0000 -0.0000 1.0000
vn -0.0000 -1.0000 -0.0000
vt 0.343190 0.973381
vt 0.343190 0.984627
vt 0.336872 0.984627
vt 0.336872 0.973381
vt 0.961436 0.684291
vt 0.950190 0.684291
vt 0.950190 0.458994
vt 0.961436 0.458994
vt 0.979951 0.001112
vt 0.986269 0.001112
vt 0.986269 0.226409
vt 0.979951 0.226409
vt 0.961436 0.911812
vt 0.950190 0.911812
vt 0.950190 0.686512
vt 0.961436 0.686512
vt 0.381004 0.975927
vt 0.381004 0.987173
vt 0.374686 0.987173
vt 0.374686 0.975927
vt 0.977129 0.736915
vt 0.983447 0.736915
vt 0.983447 0.962212
vt 0.977129 0.962212
s 1
usemtl Material.001
f 628/1591/376 625/1594/376 626/1593/376 629/1592/376
f 625/1595/377 627/1598/377 632/1597/377 626/1596/377
f 627/1599/378 625/1602/378 628/1601/378 630/1600/378
f 630/1603/379 628/1606/379 629/1605/379 631/1604/379
f 627/1607/380 630/1610/380 631/1609/380 632/1608/380
f 631/1611/381 629/1614/381 626/1613/381 632/1612/381
o Cube.033
v 19.641212 -1.999984 -81.379616
v 19.641212 2.000015 -81.379616
v -39.136086 -1.999993 -81.379616
v 19.641212 -1.999984 -84.379608
v 19.641212 2.000016 -84.379608
v -39.136086 -1.999993 -84.379616
v -39.136086 2.000007 -84.379616
v -39.136086 2.000007 -81.379616
vn -1.0000 -0.0000 -0.0000
vn -0.0000 -0.0000 -1.0000
vn -0.0000 1.0000 -0.0000
vn -0.0000 -0.0000 1.0000
vn 1.0000 -0.0000 -0.0000
vn -0.0000 -1.0000 -0.0000
vt 0.873825 0.943553
vt 0.873825 0.954799
vt 0.865391 0.954799
vt 0.865391 0.943553
vt 0.974905 0.625251
vt 0.963659 0.625251
vt 0.963659 0.458994
vt 0.974905 0.458994
vt 0.985670 0.736915
vt 0.994105 0.736915
vt 0.994105 0.903172
vt 0.985670 0.903172
vt 0.974905 0.962212
vt 0.963659 0.962212
vt 0.963659 0.795956
vt 0.974905 0.795956
vt 0.107752 0.970244
vt 0.107752 0.981489
vt 0.099317 0.981489
vt 0.099317 0.970244
vt 0.988492 0.001112
vt 0.996927 0.001112
vt 0.996927 0.167369
vt 0.988492 0.167369
s 1
usemtl Material.001
f 636/1615/382 633/1618/382 634/1617/382 637/1616/382
f 633/1619/383 635/1622/383 640/1621/383 634/1620/383
f 635/1623/384 633/1626/384 636/1625/384 638/1624/384
f 638/1627/385 636/1630/385 637/1629/385 639/1628/385
f 635/1631/386 638/1634/386 639/1633/386 640/1632/386
f 639/1635/387 637/1638/387 634/1637/387 640/1636/387
o Cube.034
v 19.641212 -1.999997 42.619190
v 19.641212 2.000003 42.619194
v -39.136086 -2.000005 42.619186
v 19.641212 -1.999996 39.670433
v 19.641212 2.000004 39.670433
v -39.136086 -2.000005 39.670425
v -39.136086 1.999995 39.670425
v -39.136086 1.999994 42.619186
vn -1.0000 -0.0000 -0.0000
vn -0.0000 -0.0000 -1.0000
vn -0.0000 1.0000 -0.0000
vn -0.0000 -0.0000 1.0000
vn 1.0000 -0.0000 -0.0000
vn -0.0000 -1.0000 -0.0000
vt 0.121077 0.970999
vt 0.121077 0.982245
vt 0.112787 0.982245
vt 0.112787 0.970999
vt 0.988374 0.397730
vt 0.977129 0.397730
vt 0.977129 0.231473
vt 0.988374 0.231473
vt 0.990598 0.399954
vt 0.998888 0.399954
vt 0.998888 0.566211
vt 0.990598 0.566211
vt 0.974905 0.793730
vt 0.963659 0.793730
vt 0.963659 0.627474
vt 0.974905 0.627474
vt 0.188246 0.945284
vt 0.188246 0.956529
vt 0.179956 0.956529
vt 0.179956 0.945284
vt 0.990598 0.231473
vt 0.998888 0.231473
vt 0.998888 0.397730
vt 0.990598 0.397730
s 1
usemtl Material.001
f 644/1639/388 641/1642/388 642/1641/388 645/1640/388
f 641/1643/389 643/1646/389 648/1645/389 642/1644/389
f 643/1647/390 641/1650/390 644/1649/390 646/1648/390
f 646/1651/391 644/1654/391 645/1653/391 647/1652/391
f 643/1655/392 646/1658/392 647/1657/392 648/1656/392
f 647/1659/393 645/1662/393 642/1661/393 648/1660/393
o Cube.035
v -27.436588 -2.016486 22.600002
v 7.436591 -2.016480 22.600002
v -27.130291 -1.841851 22.255703
v -28.518295 -2.016486 22.310160
v -29.310158 -2.016486 21.518297
v -28.192997 -1.841851 21.970955
v -28.970951 -1.841851 21.192999
v -28.006271 -1.720106 21.423311
v -27.306366 -1.720106 21.610847
v -28.423306 -1.720106 21.006273
v -27.641064 -1.720106 20.790751
v -27.790749 -1.720106 20.641068
v -27.213482 -1.720106 20.905321
v 7.213483 -1.720101 20.905321
v 7.641067 -1.720101 20.790751
v 7.306367 -1.720101 21.610847
v 8.006272 -1.720101 21.423311
v 7.130294 -1.841846 22.255703
v 8.193000 -1.841845 21.970955
v 8.518296 -2.016480 22.310160
v 8.970954 -1.841845 21.192999
v 9.310161 -2.016480 21.518297
v 9.255700 -1.841845 20.130295
v 8.423308 -1.720100 21.006273
v 8.610847 -1.720100 20.306368
v 7.790750 -1.720100 20.641068
v 7.905320 -1.720100 20.213484
v 7.905320 -1.720095 -14.213480
v 7.790750 -1.720095 -14.641064
v 8.610847 -1.720095 -14.306364
v 8.423308 -1.720095 -15.006269
v 9.255700 -1.841839 -14.130291
v 9.600001 -2.016474 -14.436588
v 8.970954 -1.841839 -15.192999
v 8.193000 -1.841839 -15.970953
v 9.310161 -2.016474 -15.518295
v 8.518296 -2.016474 -16.310156
v 7.436591 -2.016474 -16.599997
v -27.436588 -2.016479 -16.599997
v 7.130294 -1.841839 -16.255699
v -27.130291 -1.841845 -16.255699
v 7.306367 -1.720095 -15.610846
v 8.006272 -1.720095 -15.423309
v -27.306366 -1.720100 -15.610846
v 7.213483 -1.720095 -14.905315
v 7.641067 -1.720095 -14.790747
v -27.213482 -1.720100 -14.905315
v -27.641064 -1.720100 -14.790747
v -27.790749 -1.720100 -14.641064
v -28.006271 -1.720100 -15.423309
v -28.192997 -1.841845 -15.970953
v -28.423306 -1.720100 -15.006269
v -28.970951 -1.841845 -15.192999
v -28.610844 -1.720100 -14.306364
v -29.255699 -1.841845 -14.130291
v -28.610844 -1.720106 20.306368
v -27.905319 -1.720100 -14.213480
v -27.905319 -1.720106 20.213484
v -29.255699 -1.841851 20.130295
v -29.599998 -2.016486 20.436590
v -29.599998 -2.016480 -14.436588
v -29.310158 -2.016480 -15.518295
v -28.518295 -2.016479 -16.310156
v 9.600001 -2.016480 20.436590
vn -0.0000 1.0000 -0.0000
vn 0.0524 -0.9087 -0.4143
vn -0.0524 -0.9087 -0.4143
vn -0.0362 -0.9450 -0.3251
vn 0.0362 -0.9450 -0.3251
vn 0.1409 -0.9567 -0.2547
vn 0.1468 -0.9297 -0.3379
vn 0.2585 -0.9566 -0.1343
vn 0.2747 -0.9368 -0.2165
vn 0.0191 -0.9932 -0.1148
vn 0.0745 -0.9920 -0.1021
vn 0.0974 -0.9940 -0.0504
vn -0.0000 -1.0000 -0.0000
vn -0.0191 -0.9932 -0.1148
vn -0.0745 -0.9920 -0.1021
vn -0.1409 -0.9567 -0.2547
vn -0.1468 -0.9297 -0.3379
vn -0.2747 -0.9368 -0.2165
vn -0.2585 -0.9566 -0.1343
vn -0.0974 -0.9940 -0.0504
vn -0.3922 -0.9163 -0.0815
vn -0.3036 -0.9526 -0.0198
vn -0.0972 -0.9951 -0.0181
vn -0.0972 -0.9951 0.0181
vn -0.0974 -0.9940 0.0504
vn -0.3036 -0.9526 0.0198
vn -0.2585 -0.9566 0.1343
vn -0.2747 -0.9368 0.2165
vn -0.3922 -0.9163 0.0815
vn -0.0745 -0.9920 0.1021
vn -0.1409 -0.9567 0.2547
vn -0.1468 -0.9297 0.3379
vn -0.0524 -0.9087 0.4143
vn -0.0362 -0.9450 0.3251
vn 0.0524 -0.9087 0.4143
vn 0.0362 -0.9450 0.3251
vn 0.0191 -0.9932 0.1148
vn -0.0191 -0.9932 0.1148
vn 0.0745 -0.9920 0.1021
vn 0.0974 -0.9940 0.0504
vn 0.1409 -0.9567 0.2547
vn 0.2585 -0.9566 0.1343
vn 0.0972 -0.9951 0.0181
vn 0.3036 -0.9526 0.0198
vn 0.0972 -0.9951 -0.0181
vn 0.3036 -0.9526 -0.0198
vn 0.3922 -0.9163 -0.0815
vn 0.3922 -0.9163 0.0815
vn 0.2747 -0.9368 0.2165
vn 0.1468 -0.9297 0.3379
vt 0.202871 0.621062
vt 0.201394 0.626576
vt 0.197358 0.630612
vt 0.191844 0.632089
vt 0.014101 0.632089
vt 0.008587 0.630612
vt 0.004551 0.626576
vt 0.003074 0.621062
vt 0.003074 0.443319
vt 0.004551 0.437805
vt 0.008587 0.433769
vt 0.014101 0.432292
vt 0.191844 0.432292
vt 0.197358 0.433769
vt 0.201394 0.437805
vt 0.202871 0.443319
vt 0.201116 0.619501
vt 0.201116 0.444880
vt 0.199665 0.439463
vt 0.195700 0.435498
vt 0.197829 0.443982
vt 0.196874 0.440415
vt 0.194748 0.438290
vt 0.194233 0.444456
vt 0.193649 0.442277
vt 0.192887 0.441514
vt 0.190707 0.440930
vt 0.194233 0.619925
vt 0.193649 0.622105
vt 0.192887 0.622867
vt 0.190707 0.623451
vt 0.015238 0.623451
vt 0.013058 0.622867
vt 0.012296 0.622105
vt 0.011712 0.619925
vt 0.011712 0.444456
vt 0.012296 0.442277
vt 0.013058 0.441514
vt 0.015238 0.440930
vt 0.197829 0.620399
vt 0.196874 0.623966
vt 0.199665 0.624918
vt 0.195700 0.628883
vt 0.194748 0.626092
vt 0.190283 0.630334
vt 0.191181 0.627047
vt 0.014764 0.627047
vt 0.011197 0.626092
vt 0.015662 0.630334
vt 0.010245 0.628883
vt 0.009071 0.623966
vt 0.006280 0.624918
vt 0.004829 0.619501
vt 0.004829 0.444880
vt 0.008116 0.443982
vt 0.008116 0.620399
vt 0.009072 0.440415
vt 0.011197 0.438289
vt 0.006280 0.439463
vt 0.010245 0.435498
vt 0.014764 0.437334
vt 0.015662 0.434047
vt 0.191181 0.437334
vt 0.190283 0.434047
s 1
usemtl Material.001
f 649/1663/394 650/1678/394 668/1677/394 670/1676/394 712/1675/394 681/1674/394 684/1673/394 685/1672/394 686/1671/394 687/1670/394 711/1669/394 710/1668/394 709/1667/394 708/1666/394 653/1665/394 652/1664/394
f 649/1678/395 651/1680/398 666/1679/397 650/1663/396
f 649/1678/395 652/1677/400 654/1681/399 651/1680/398
f 652/1677/400 653/1676/402 655/1682/401 654/1681/399
f 657/1683/403 651/1680/398 654/1681/399 656/1684/404
f 656/1684/404 654/1681/399 655/1682/401 658/1685/405
f 661/1686/406 657/1683/403 656/1684/404 659/1687/406
f 659/1687/406 656/1684/404 658/1685/405 660/1688/406
f 706/1689/406 705/1701/406 697/1700/406 696/1699/406 695/1698/406 693/1697/406 694/1696/406 677/1695/406 676/1694/406 675/1693/406 674/1692/406 663/1691/406 662/1690/406 661/1686/406 659/1687/406 660/1688/406
f 662/1690/406 664/1702/407 657/1683/403 661/1686/406
f 663/1691/406 665/1703/408 664/1702/407 662/1690/406
f 665/1703/408 667/1704/409 666/1679/397 664/1702/407
f 664/1702/407 666/1679/397 651/1680/398 657/1683/403
f 666/1679/397 667/1704/409 668/1664/410 650/1663/396
f 667/1704/409 669/1705/412 670/1665/411 668/1664/410
f 672/1706/413 669/1705/412 667/1704/409 665/1703/408
f 669/1705/412 671/1707/415 712/1666/414 670/1665/411
f 673/1708/416 671/1707/415 669/1705/412 672/1706/413
f 674/1692/406 672/1706/413 665/1703/408 663/1691/406
f 675/1693/406 673/1708/416 672/1706/413 674/1692/406
f 676/1694/406 678/1709/417 673/1708/416 675/1693/406
f 677/1695/406 679/1710/418 678/1709/417 676/1694/406
f 679/1710/418 682/1712/420 680/1711/419 678/1709/417
f 678/1709/417 680/1711/419 671/1707/415 673/1708/416
f 684/1668/421 681/1667/422 680/1711/419 682/1712/420
f 712/1666/414 671/1707/415 680/1711/419 681/1667/422
f 691/1713/423 683/1714/424 682/1712/420 679/1710/418
f 685/1669/425 684/1668/421 682/1712/420 683/1714/424
f 686/1670/426 685/1669/425 683/1714/424 688/1715/427
f 686/1670/426 688/1715/427 689/1716/429 687/1671/428
f 692/1717/430 689/1716/429 688/1715/427 690/1718/431
f 690/1718/431 688/1715/427 683/1714/424 691/1713/423
f 693/1697/406 690/1718/431 691/1713/423 694/1696/406
f 695/1698/406 692/1717/430 690/1718/431 693/1697/406
f 696/1699/406 698/1719/432 692/1717/430 695/1698/406
f 697/1700/406 700/1720/433 698/1719/432 696/1699/406
f 698/1719/432 699/1721/434 689/1716/429 692/1717/430
f 700/1720/433 701/1722/435 699/1721/434 698/1719/432
f 702/1723/436 703/1724/437 701/1722/435 700/1720/433
f 705/1701/406 702/1723/436 700/1720/433 697/1700/406
f 704/1725/438 707/1726/439 703/1724/437 702/1723/436
f 706/1689/406 704/1725/438 702/1723/436 705/1701/406
f 660/1688/406 658/1685/405 704/1725/438 706/1689/406
f 658/1685/405 655/1682/401 707/1726/439 704/1725/438
f 653/1676/402 708/1675/440 707/1726/439 655/1682/401
f 709/1674/441 703/1724/437 707/1726/439 708/1675/440
f 701/1722/435 703/1724/437 709/1674/441 710/1673/442
f 699/1721/434 701/1722/435 710/1673/442 711/1672/443
f 689/1716/429 699/1721/434 711/1672/443 687/1671/428
f 694/1696/406 691/1713/423 679/1710/418 677/1695/406
o Cube.040
v -1.003514 0.406030 3.247570
v -1.112375 0.602960 2.976517
v -1.003514 0.602960 3.311554
v -0.718514 0.284321 3.415089
v -1.003515 0.284321 3.080051
v -0.718515 0.087390 3.144035
v -1.003515 0.284321 2.872986
v -0.718515 0.087390 2.808998
v -1.003515 0.406030 2.705467
v -0.718515 0.284321 2.537949
v -1.003515 0.602960 2.641479
v -0.718515 0.602960 2.434414
v -1.003515 0.799890 2.705467
v -0.718515 0.921599 2.537949
v -1.003515 0.921599 2.872986
v -0.718515 1.118530 2.808998
v -1.003515 0.921599 3.080051
v -0.718515 1.118530 3.144035
v -1.003514 0.799890 3.247570
v -0.718514 0.921599 3.415089
v -0.366235 0.921599 3.415089
v -0.718514 0.602960 3.518620
v -0.366235 0.602960 3.518620
v -0.366235 0.284321 3.415089
v -0.081235 0.602960 3.311554
v -0.081235 0.406030 3.247570
v 0.027625 0.602960 2.976517
v -0.081235 0.799890 3.247570
v -0.081235 0.921599 3.080051
v -0.081235 0.921599 2.872986
v -0.366236 1.118530 3.144035
v -0.366236 1.118530 2.808998
v -0.366236 0.921599 2.537949
v -0.366236 0.602960 2.434414
v -0.081235 0.799890 2.705467
v -0.081235 0.602960 2.641479
v -0.081235 0.406030 2.705467
v -0.081235 0.284321 2.872986
v -0.366236 0.284321 2.537949
v -0.366236 0.087390 2.808998
v -0.366235 0.087390 3.144035
v -0.081235 0.284321 3.080051
vn 0.7388 0.3961 -0.5452
vn 1.0000 -0.0000 -0.0000
vn 0.7388 0.6409 -0.2083
vn 0.7388 -0.0000 -0.6739
vn 0.2125 -0.0000 -0.9772
vn 0.2125 0.5744 -0.7905
vn 0.2125 0.9293 -0.3020
vn 0.7388 0.6409 0.2083
vn 0.2125 0.9293 0.3020
vn 0.7388 0.3961 0.5452
vn 0.2125 0.5744 0.7905
vn 0.7388 -0.0000 0.6739
vn 0.2125 -0.0000 0.9772
vn 0.7388 -0.3961 0.5452
vn 0.2125 -0.5744 0.7905
vn 0.7388 -0.6409 0.2083
vn 0.2125 -0.9293 0.3020
vn 0.7388 -0.6409 -0.2083
vn 0.2125 -0.9293 -0.3020
vn 0.7388 -0.3961 -0.5452
vn 0.2125 -0.5744 -0.7905
vn -0.2125 -0.9293 -0.3020
vn -0.2125 -0.5744 -0.7905
vn -0.2125 -0.0000 -0.9772
vn -0.2125 0.5744 -0.7905
vn -0.7388 -0.0000 -0.6739
vn -0.7388 0.3961 -0.5452
vn -0.7388 -0.3961 -0.5452
vn -1.0000 -0.0000 -0.0000
vn -0.7388 -0.6409 -0.2083
vn -0.7388 -0.6409 0.2083
vn -0.2125 -0.9293 0.3020
vn -0.2125 -0.5744 0.7905
vn -0.7388 -0.3961 0.5452
vn -0.2125 -0.0000 0.9772
vn -0.7388 -0.0000 0.6739
vn -0.7388 0.3961 0.5452
vn -0.2125 0.5744 0.7905
vn -0.7388 0.6409 0.2083
vn -0.2125 0.9293 0.3020
vn -0.2125 0.9293 -0.3020
vn -0.7388 0.6409 -0.2083
vt 0.741727 0.222556
vt 0.739784 0.225230
vt 0.739784 0.221925
vt 0.742928 0.224209
vt 0.775174 0.959546
vt 0.775174 0.962357
vt 0.773232 0.962357
vt 0.772031 0.959546
vt 0.737683 0.952590
vt 0.736030 0.955472
vt 0.734378 0.955395
vt 0.735009 0.952465
vt 0.737842 0.222556
vt 0.732335 0.955395
vt 0.731704 0.952465
vt 0.736641 0.224209
vt 0.730683 0.955472
vt 0.729030 0.952590
vt 0.736641 0.226252
vt 0.412270 0.983469
vt 0.413471 0.980657
vt 0.415414 0.980657
vt 0.415414 0.983469
vt 0.737842 0.227904
vt 0.417356 0.980657
vt 0.418557 0.983469
vt 0.739784 0.228535
vt 0.718154 0.949199
vt 0.719806 0.946316
vt 0.721459 0.946393
vt 0.720828 0.949323
vt 0.741727 0.227904
vt 0.723502 0.946393
vt 0.724133 0.949323
vt 0.742928 0.226252
vt 0.725154 0.946316
vt 0.726807 0.949199
vt 0.778317 0.959546
vt 0.777117 0.962357
vt 0.724133 0.952791
vt 0.726807 0.952667
vt 0.778317 0.956071
vt 0.775174 0.956071
vt 0.772031 0.956071
vt 0.775174 0.953259
vt 0.773232 0.953259
vt 0.777117 0.953259
vt 0.748295 0.225230
vt 0.745151 0.226252
vt 0.745151 0.224209
vt 0.746352 0.227904
vt 0.723502 0.955472
vt 0.725154 0.955395
vt 0.748295 0.228535
vt 0.721459 0.955472
vt 0.720828 0.952791
vt 0.750237 0.227904
vt 0.718154 0.952667
vt 0.719806 0.955395
vt 0.415414 0.986944
vt 0.418557 0.986944
vt 0.415414 0.989755
vt 0.417356 0.989755
vt 0.751438 0.224209
vt 0.751438 0.226252
vt 0.413471 0.989755
vt 0.412270 0.986944
vt 0.750237 0.222556
vt 0.732335 0.946316
vt 0.731704 0.948997
vt 0.729030 0.949122
vt 0.730683 0.946393
vt 0.748295 0.221925
vt 0.735009 0.948997
vt 0.734378 0.946316
vt 0.737683 0.949122
vt 0.736030 0.946393
vt 0.746352 0.222556
s 1
usemtl Material.001
f 713/1727/444 717/1729/446 714/1728/445
f 715/1730/447 713/1727/444 714/1728/445
f 734/1731/448 716/1734/449 713/1733/444 715/1732/447
f 716/1735/449 718/1738/450 717/1737/446 713/1736/444
f 717/1729/446 719/1739/451 714/1728/445
f 718/1738/450 720/1741/452 719/1740/451 717/1737/446
f 719/1739/451 721/1742/453 714/1728/445
f 720/1741/452 722/1744/454 721/1743/453 719/1740/451
f 721/1742/453 723/1745/455 714/1728/445
f 722/1746/454 724/1749/456 723/1748/455 721/1747/453
f 723/1745/455 725/1750/457 714/1728/445
f 724/1749/456 726/1752/458 725/1751/457 723/1748/455
f 725/1750/457 727/1753/459 714/1728/445
f 726/1754/458 728/1757/460 727/1756/459 725/1755/457
f 727/1753/459 729/1758/461 714/1728/445
f 728/1757/460 730/1760/462 729/1759/461 727/1756/459
f 729/1758/461 731/1761/463 714/1728/445
f 730/1760/462 732/1763/464 731/1762/463 729/1759/461
f 731/1761/463 715/1730/447 714/1728/445
f 732/1764/464 734/1731/448 715/1732/447 731/1765/463
f 743/1766/465 733/1767/466 732/1763/464 730/1760/462
f 733/1768/466 735/1769/467 734/1731/448 732/1764/464
f 735/1769/467 736/1770/468 716/1734/449 734/1731/448
f 737/1771/469 738/1772/470 736/1770/468 735/1769/467
f 740/1773/471 737/1771/469 735/1769/467 733/1768/466
f 739/1774/472 738/1776/470 737/1775/469
f 739/1774/472 737/1775/469 740/1777/471
f 741/1778/473 740/1779/471 733/1767/466 743/1766/465
f 739/1774/472 740/1777/471 741/1780/473
f 742/1781/474 741/1778/473 743/1766/465 744/1782/475
f 739/1774/472 741/1780/473 742/1783/474
f 744/1782/475 743/1766/465 730/1760/462 728/1757/460
f 745/1784/476 744/1782/475 728/1757/460 726/1754/458
f 747/1785/477 742/1781/474 744/1782/475 745/1784/476
f 746/1786/478 745/1787/476 726/1752/458 724/1749/456
f 748/1788/479 747/1789/477 745/1787/476 746/1786/478
f 739/1774/472 747/1791/477 748/1790/479
f 739/1774/472 742/1783/474 747/1791/477
f 749/1792/480 748/1788/479 746/1786/478 751/1793/481
f 739/1774/472 748/1790/479 749/1794/480
f 750/1795/482 749/1798/480 751/1797/481 752/1796/483
f 739/1774/472 749/1794/480 750/1799/482
f 751/1793/481 746/1786/478 724/1749/456 722/1746/454
f 752/1796/483 751/1797/481 722/1744/454 720/1741/452
f 753/1800/484 752/1796/483 720/1741/452 718/1738/450
f 754/1801/485 750/1795/482 752/1796/483 753/1800/484
f 736/1802/468 753/1800/484 718/1738/450 716/1735/449
f 738/1803/470 754/1801/485 753/1800/484 736/1802/468
f 739/1774/472 754/1804/485 738/1776/470
f 739/1774/472 750/1799/482 754/1804/485
o Cube.041
v 7.991285 -1.734794 -0.434799
v 7.991285 -1.620961 -0.709617
v 7.991286 -1.734795 6.387900
v 0.391287 -1.734795 -0.434799
v 0.391287 -1.620962 -0.709612
v 0.391288 -1.734797 6.387900
v 0.391288 -1.620963 6.662718
v 0.391288 -1.346146 6.776551
v 7.991286 -1.620962 6.662718
v 7.991286 -1.346144 6.776551
v 7.991286 2.511030 6.776552
v 7.991286 2.785847 6.662719
v 0.391287 2.511029 6.776552
v 0.391287 2.785846 6.662719
v 0.391287 2.899679 6.387901
v 0.391287 2.899680 -0.434798
v 7.991286 2.899680 6.387901
v 7.991284 2.899682 -0.434798
v 7.991284 2.785848 -0.709616
v 7.991284 2.511031 -0.823447
v 0.391287 2.785847 -0.709611
v 0.391287 2.511030 -0.823447
v 0.391287 -1.346144 -0.823448
v 7.991285 -1.346143 -0.823448
vn -0.0000 0.9808 0.1951
vn -0.0000 0.7071 0.7071
vn -1.0000 -0.0000 -0.0000
vn -0.0000 0.9808 -0.1951
vn 1.0000 -0.0000 -0.0000
vn -0.0000 0.7071 -0.7071
vn -0.0000 0.1951 -0.9808
vn -0.0000 -0.1951 -0.9808
vn -0.0000 -0.7071 -0.7071
vn -0.0000 -0.9808 -0.1951
vn -0.0000 -0.9808 0.1951
vn -0.0000 -0.7071 0.7071
vn -0.0000 -0.1951 0.9808
vn -0.0000 0.1951 0.9808
vt 0.445312 0.680303
vt 0.445312 0.755119
vt 0.442602 0.755192
vt 0.442602 0.680374
vt 0.170455 0.771722
vt 0.171578 0.769011
vt 0.174289 0.767889
vt 0.212339 0.767889
vt 0.215050 0.769011
vt 0.216173 0.771722
vt 0.216173 0.839026
vt 0.215050 0.841737
vt 0.212339 0.842860
vt 0.174289 0.842860
vt 0.171578 0.841737
vt 0.170455 0.839026
vt 0.512616 0.680303
vt 0.512616 0.755119
vt 0.122515 0.771722
vt 0.123638 0.769011
vt 0.126348 0.767888
vt 0.164398 0.767888
vt 0.167109 0.769011
vt 0.168232 0.771722
vt 0.168232 0.839025
vt 0.167109 0.841736
vt 0.164398 0.842859
vt 0.126348 0.842859
vt 0.123638 0.841736
vt 0.122515 0.839025
vt 0.515327 0.680374
vt 0.515327 0.755192
vt 0.307564 0.767888
vt 0.307564 0.842860
vt 0.304852 0.842860
vt 0.304852 0.767888
vt 0.266803 0.842860
vt 0.266803 0.767888
vt 0.264092 0.842860
vt 0.264092 0.767888
vt 0.520262 0.680302
vt 0.520262 0.755118
vt 0.517551 0.755191
vt 0.517551 0.680373
vt 0.587565 0.680302
vt 0.587565 0.755118
vt 0.590276 0.680373
vt 0.590276 0.755191
vt 0.218397 0.842859
vt 0.218397 0.767888
vt 0.221107 0.767888
vt 0.221107 0.842859
vt 0.259157 0.842859
vt 0.259157 0.767888
vt 0.261868 0.767888
vt 0.261868 0.842859
s 1
usemtl Material.001
f 755/1805/486 756/1808/487 759/1807/487 758/1806/486
f 755/1809/488 757/1820/488 763/1819/488 764/1818/488 765/1817/488 766/1816/488 771/1815/488 772/1814/488 773/1813/488 774/1812/488 778/1811/488 756/1810/488
f 757/1821/489 755/1805/486 758/1806/486 760/1822/489
f 760/1823/490 758/1834/490 759/1833/490 777/1832/490 776/1831/490 775/1830/490 770/1829/490 769/1828/490 768/1827/490 767/1826/490 762/1825/490 761/1824/490
f 760/1822/489 761/1836/491 763/1835/491 757/1821/489
f 761/1837/491 762/1840/492 764/1839/492 763/1838/491
f 764/1839/492 762/1840/492 767/1842/493 765/1841/493
f 766/1843/494 765/1841/493 767/1842/493 768/1844/494
f 771/1845/495 766/1848/494 768/1847/494 769/1846/495
f 769/1846/495 770/1850/496 772/1849/496 771/1845/495
f 770/1850/496 775/1852/497 773/1851/497 772/1849/496
f 775/1853/497 776/1856/498 774/1855/498 773/1854/497
f 777/1857/499 778/1858/499 774/1855/498 776/1856/498
f 756/1859/487 778/1858/499 777/1857/499 759/1860/487
o Cube.042
v 0.474236 -1.388927 0.111019
v 0.474236 -1.293308 -0.119827
v 0.474238 -1.388928 5.842083
v 0.132237 -1.388928 0.111019
v -0.209764 -1.194280 0.397572
v 0.132237 -1.293308 -0.119827
v 0.132237 -1.388929 5.842083
v 0.132237 -1.293310 6.072933
v -0.209763 -1.194281 5.555534
v -0.209763 -1.108224 5.763294
v -0.209763 -0.900461 5.849354
v -0.209764 2.015563 5.849354
v 0.132237 -1.062462 6.168552
v 0.132237 2.177565 6.168552
v 0.474238 -1.062462 6.168552
v 0.474237 2.177565 6.168552
v 0.474238 -1.293309 6.072933
v 0.474237 2.408411 6.072933
v 0.474237 2.504031 5.842083
v 0.132237 2.408411 6.072933
v -0.209764 2.223326 5.763294
v 0.132237 2.504031 5.842083
v 0.132236 2.504032 0.111019
v -0.209764 2.309383 5.555534
v -0.209764 2.309384 0.397572
v -0.209764 2.223327 0.189808
v -0.209764 2.015564 0.103752
v 0.132236 2.408412 -0.119827
v 0.474236 2.408412 -0.119827
v 0.132236 2.177566 -0.215446
v 0.132237 -1.062460 -0.215446
v 0.474236 2.177566 -0.215446
v 0.474236 -1.062460 -0.215446
v -0.209764 -0.900460 0.103752
v -0.209764 -1.108223 0.189808
v 0.474236 2.504032 0.111019
vn -0.0000 0.9808 0.1951
vn 0.2262 0.9508 0.2118
vn 0.2362 0.6803 0.6939
vn -0.0000 0.7071 0.7071
vn -1.0000 -0.0000 -0.0000
vn -0.0000 0.9808 -0.1951
vn 0.2262 0.9508 -0.2118
vn 0.7824 0.6201 -0.0583
vn 0.7824 0.6201 0.0583
vn 0.8573 0.3931 0.3324
vn -0.0000 0.7071 -0.7071
vn 0.2362 0.6803 -0.6939
vn 0.8573 0.3931 -0.3324
vn 0.8793 0.0752 -0.4703
vn 0.8793 -0.0752 -0.4703
vn 0.8573 -0.3931 -0.3324
vn 0.7824 -0.6201 -0.0583
vn 0.7824 -0.6201 0.0583
vn 0.8573 -0.3931 0.3324
vn 0.8793 -0.0752 0.4703
vn 0.8793 0.0752 0.4703
vn 0.2502 0.1954 -0.9483
vn 0.2502 -0.1954 -0.9483
vn -0.0000 0.1951 -0.9808
vn -0.0000 -0.1951 -0.9808
vn -0.0000 -0.7071 -0.7071
vn 0.2362 -0.6803 -0.6939
vn -0.0000 -0.9808 -0.1951
vn 0.2262 -0.9508 -0.2118
vn -0.0000 -0.9808 0.1951
vn 0.2262 -0.9508 0.2118
vn 0.2362 -0.6803 0.6939
vn 0.2502 -0.1954 0.9483
vn -0.0000 -0.7071 0.7071
vn -0.0000 -0.1951 0.9808
vn 0.2502 0.1954 0.9483
vn -0.0000 0.1951 0.9808
vt 0.892918 0.944987
vt 0.896284 0.944987
vt 0.896345 0.947265
vt 0.892978 0.947265
vt 0.309787 0.771108
vt 0.310730 0.768831
vt 0.313008 0.767888
vt 0.344969 0.767888
vt 0.347247 0.768831
vt 0.348190 0.771108
vt 0.348190 0.827643
vt 0.347247 0.829921
vt 0.344969 0.830864
vt 0.313008 0.830864
vt 0.310730 0.829921
vt 0.309787 0.827643
vt 0.892918 0.888452
vt 0.896284 0.888452
vt 0.899774 0.891279
vt 0.899774 0.942161
vt 0.899829 0.944210
vt 0.892978 0.886175
vt 0.896345 0.886175
vt 0.899829 0.889229
vt 0.351390 0.773936
vt 0.352239 0.771886
vt 0.354289 0.771037
vt 0.383054 0.771037
vt 0.385104 0.771886
vt 0.385953 0.773936
vt 0.385953 0.824817
vt 0.385104 0.826867
vt 0.383054 0.827715
vt 0.354289 0.827715
vt 0.352239 0.826867
vt 0.351390 0.824817
vt 0.350413 0.768832
vt 0.352691 0.767889
vt 0.174359 0.908062
vt 0.174359 0.940023
vt 0.170985 0.938425
vt 0.170985 0.909660
vt 0.177732 0.908062
vt 0.177732 0.940023
vt 0.174359 0.905784
vt 0.177732 0.905784
vt 0.177732 0.942301
vt 0.174359 0.942301
vt 0.908963 0.888452
vt 0.905597 0.888452
vt 0.905536 0.886175
vt 0.908903 0.886175
vt 0.386930 0.768832
vt 0.384652 0.767889
vt 0.902107 0.891279
vt 0.902052 0.889229
vt 0.908963 0.944987
vt 0.905597 0.944987
vt 0.902107 0.942161
vt 0.905536 0.947265
vt 0.902052 0.944210
vt 0.386930 0.829921
vt 0.384652 0.830864
vt 0.165388 0.942301
vt 0.162014 0.942301
vt 0.162014 0.940023
vt 0.165388 0.940023
vt 0.908903 0.947265
vt 0.168761 0.909660
vt 0.168761 0.938425
vt 0.165388 0.908062
vt 0.162014 0.908062
vt 0.162014 0.905784
vt 0.165388 0.905784
vt 0.350413 0.829921
vt 0.352691 0.830864
s 1
usemtl Material.001
f 779/1861/500 780/1864/503 784/1863/502 782/1862/501
f 779/1865/504 781/1876/504 795/1875/504 793/1874/504 794/1873/504 796/1872/504 797/1871/504 814/1870/504 807/1869/504 810/1868/504 811/1867/504 780/1866/504
f 781/1877/505 779/1861/500 782/1862/501 785/1878/506
f 785/1878/506 782/1862/501 783/1880/508 787/1879/507
f 782/1862/501 784/1863/502 813/1881/509 783/1880/508
f 785/1878/506 786/1883/511 795/1882/510 781/1877/505
f 787/1879/507 788/1884/512 786/1883/511 785/1878/506
f 787/1885/507 783/1896/508 813/1895/509 812/1894/520 805/1893/519 804/1892/518 803/1891/517 802/1890/516 799/1889/515 790/1888/514 789/1887/513 788/1886/512
f 788/1886/512 789/1887/513 791/1898/521 786/1897/511
f 791/1899/521 789/1902/513 790/1901/514 792/1900/522
f 793/1903/523 791/1899/521 792/1900/522 794/1904/524
f 786/1905/511 791/1899/521 793/1903/523 795/1906/510
f 796/1907/525 794/1904/524 792/1900/522 798/1908/526
f 797/1909/527 796/1912/525 798/1911/526 800/1910/528
f 798/1913/526 792/1914/522 790/1888/514 799/1889/515
f 800/1910/528 798/1911/526 799/1916/515 802/1915/516
f 800/1910/528 801/1918/530 814/1917/529 797/1909/527
f 802/1915/516 803/1919/517 801/1918/530 800/1910/528
f 803/1919/517 804/1921/518 806/1920/531 801/1918/530
f 804/1892/518 805/1893/519 808/1923/532 806/1922/531
f 806/1924/531 808/1927/532 810/1926/534 807/1925/533
f 801/1918/530 806/1920/531 807/1928/533 814/1917/529
f 812/1929/520 809/1931/535 808/1927/532 805/1930/519
f 809/1931/535 811/1932/536 810/1926/534 808/1927/532
f 780/1933/503 811/1932/536 809/1931/535 784/1934/502
f 784/1935/502 809/1936/535 812/1894/520 813/1895/509
o Cube.048
v -3.000002 21.760012 -81.819633
v -3.857213 21.930523 -81.819633
v -3.000002 21.760012 -81.129860
v -2.142791 21.930523 -81.819633
v -1.416083 22.416094 -81.819633
v -2.142791 21.930521 -81.129860
v -1.416083 22.416094 -81.129860
v -2.268231 21.997572 -81.039627
v -2.101502 22.066633 -81.039627
v -2.225279 22.365458 -81.039627
v -1.557633 22.430035 -81.039627
v -1.786343 22.658745 -81.039627
v -1.430024 22.557644 -81.039627
v -1.658735 22.786354 -81.039627
v -1.066623 23.101513 -81.039627
v -1.365447 23.225290 -81.039627
v -0.930512 23.142801 -81.129860
v -0.997561 23.268242 -81.039627
v -1.296385 23.392019 -81.039627
v -0.869951 23.909779 -81.039627
v -1.193397 23.909779 -81.039627
v -0.760002 24.000011 -81.129860
v -0.869951 24.090246 -81.039627
v -1.193397 24.090246 -81.039627
v -0.997561 24.731783 -81.039627
v -1.296386 24.608006 -81.039627
v -0.930513 24.857224 -81.129860
v -1.066622 24.898512 -81.039627
v -1.365447 24.774734 -81.039627
v -1.430025 25.442381 -81.039627
v -1.658735 25.213671 -81.039627
v -1.416083 25.583931 -81.129860
v -1.557633 25.569990 -81.039627
v -1.786343 25.341280 -81.039627
v -2.101503 25.933392 -81.039627
v -2.225280 25.634567 -81.039627
v -2.142791 26.069502 -81.129860
v -2.268232 26.002453 -81.039627
v -2.392008 25.703629 -81.039627
v -2.909770 26.130062 -81.039627
v -2.909770 25.806618 -81.039627
v -3.000003 26.240013 -81.129860
v -3.090235 26.130062 -81.039627
v -3.090235 25.806618 -81.039627
v -3.731773 26.002453 -81.039627
v -3.607996 25.703629 -81.039627
v -3.857213 26.069502 -81.129860
v -3.898502 25.933392 -81.039627
v -3.774724 25.634567 -81.039627
v -4.442371 25.569990 -81.039627
v -4.213661 25.341280 -81.039627
v -4.583921 25.583931 -81.129860
v -4.569980 25.442381 -81.039627
v -4.341269 25.213671 -81.039627
v -4.933382 24.898512 -81.039627
v -4.634557 24.774734 -81.039627
v -5.069492 24.857222 -81.129860
v -5.002442 24.731783 -81.039627
v -4.703619 24.608006 -81.039627
v -5.130053 24.090244 -81.039627
v -4.806607 24.090244 -81.039627
v -5.240002 24.000011 -81.129860
v -5.130053 23.909779 -81.039627
v -4.806607 23.909779 -81.039627
v -5.002442 23.268240 -81.039627
v -4.703618 23.392017 -81.039627
v -5.069491 23.142799 -81.129860
v -4.933381 23.101513 -81.039627
v -4.634557 23.225288 -81.039627
v -4.569980 22.557644 -81.039627
v -4.341269 22.786354 -81.039627
v -4.583921 22.416094 -81.129860
v -4.442371 22.430035 -81.039627
v -4.213661 22.658745 -81.039627
v -3.898501 22.066633 -81.039627
v -3.774724 22.365458 -81.039627
v -3.857213 21.930521 -81.129860
v -3.731772 21.997570 -81.039627
v -3.607995 22.296394 -81.039627
v -3.090235 21.869961 -81.039627
v -3.090235 22.193407 -81.039627
v -2.909769 21.869961 -81.039627
v -2.909769 22.193407 -81.039627
v -2.392008 22.296394 -81.039627
v -3.000002 22.267458 -81.129860
v -3.663021 22.399342 -81.129860
v -3.000002 22.267458 -81.379745
v -2.336982 22.399342 -81.129860
v -1.774902 22.774912 -81.129860
v -2.336982 22.399342 -81.379745
v -1.774902 22.774912 -81.379745
v -1.399331 23.336992 -81.379745
v -1.399331 23.336992 -81.129860
v -1.267449 24.000011 -81.379745
v -1.267449 24.000011 -81.129860
v -1.399331 24.663033 -81.379745
v -1.399331 24.663033 -81.129860
v -1.774902 25.225113 -81.379745
v -1.774902 25.225113 -81.129860
v -2.336983 25.600681 -81.379745
v -2.336983 25.600681 -81.129860
v -3.000003 25.732565 -81.379745
v -3.000003 25.732565 -81.129860
v -3.663022 25.600681 -81.379745
v -3.663022 25.600681 -81.129860
v -4.225102 25.225113 -81.379745
v -4.225102 25.225113 -81.129860
v -4.600673 24.663031 -81.379745
v -4.600673 24.663031 -81.129860
v -4.732555 24.000011 -81.379745
v -4.600672 23.336992 -81.379745
v -4.732555 24.000011 -81.129860
v -4.600672 23.336992 -81.129860
v -4.225102 22.774912 -81.129860
v -4.225102 22.774912 -81.379745
v -3.663021 22.399342 -81.379745
v -4.583921 22.416094 -81.819633
v -5.069491 23.142801 -81.819633
v -5.240002 24.000011 -81.819633
v -5.069492 24.857224 -81.819633
v -4.583921 25.583931 -81.819633
v -3.857213 26.069502 -81.819633
v -3.000003 26.240013 -81.819633
v -2.142791 26.069502 -81.819633
v -1.416083 25.583931 -81.819633
v -0.930513 24.857224 -81.819633
v -0.760002 24.000013 -81.819633
v -0.930512 23.142801 -81.819633
vn -0.0000 -0.0000 1.0000
vn 0.3087 0.8630 -0.3999
vn 0.3490 0.9371 -0.0000
vn -0.0000 1.0000 -0.0000
vn -0.0000 0.9324 -0.3615
vn -0.3490 0.9371 -0.0000
vn -0.3087 0.8630 -0.3999
vn -0.6875 0.7261 -0.0000
vn -0.6063 0.6619 -0.4408
vn -0.1993 0.2512 -0.9472
vn -0.1775 0.2984 -0.9378
vn -0.1057 0.3628 -0.9258
vn -0.0504 0.4007 -0.9148
vn 0.1561 -0.2976 -0.9419
vn 0.0861 -0.3329 -0.9390
vn 0.1863 -0.2538 -0.9492
vn -0.2399 0.1761 -0.9547
vn 0.2305 -0.1853 -0.9553
vn 0.2416 -0.1463 -0.9593
vn -0.2468 0.1430 -0.9585
vn -0.8134 0.3580 -0.4584
vn -0.2653 0.0650 -0.9620
vn 0.2612 -0.0702 -0.9627
vn 0.2638 -0.0384 -0.9638
vn -0.2668 0.0393 -0.9629
vn -0.8860 -0.0000 -0.4637
vn -0.2668 -0.0393 -0.9629
vn 0.2638 0.0384 -0.9638
vn 0.2612 0.0702 -0.9627
vn -0.2653 -0.0650 -0.9620
vn -0.8134 -0.3580 -0.4584
vn -0.2468 -0.1430 -0.9585
vn 0.2416 0.1463 -0.9593
vn 0.2305 0.1853 -0.9553
vn -0.2399 -0.1761 -0.9547
vn -0.6063 -0.6619 -0.4408
vn -0.1993 -0.2512 -0.9472
vn 0.1863 0.2538 -0.9492
vn 0.1561 0.2976 -0.9419
vn -0.1775 -0.2984 -0.9378
vn -0.3087 -0.8630 -0.3999
vn -0.1057 -0.3628 -0.9258
vn 0.0861 0.3329 -0.9390
vn 0.0360 0.3479 -0.9369
vn -0.0504 -0.4007 -0.9148
vn -0.0000 -0.9324 -0.3615
vn 0.0504 -0.4007 -0.9148
vn -0.0360 0.3479 -0.9369
vn -0.0861 0.3329 -0.9390
vn 0.1057 -0.3628 -0.9258
vn 0.3087 -0.8630 -0.3999
vn 0.1775 -0.2984 -0.9378
vn -0.1561 0.2976 -0.9419
vn -0.1863 0.2538 -0.9492
vn 0.1993 -0.2512 -0.9472
vn 0.6063 -0.6619 -0.4408
vn 0.2399 -0.1761 -0.9547
vn -0.2305 0.1853 -0.9553
vn -0.2416 0.1463 -0.9593
vn 0.2468 -0.1430 -0.9585
vn 0.8134 -0.3580 -0.4584
vn 0.2653 -0.0650 -0.9620
vn -0.2612 0.0702 -0.9627
vn -0.2638 0.0384 -0.9638
vn 0.2668 -0.0393 -0.9629
vn 0.8860 -0.0000 -0.4637
vn 0.2668 0.0393 -0.9629
vn -0.2638 -0.0384 -0.9638
vn -0.2612 -0.0702 -0.9627
vn 0.2653 0.0650 -0.9620
vn 0.8134 0.3580 -0.4584
vn 0.2468 0.1430 -0.9585
vn -0.2416 -0.1463 -0.9593
vn -0.2305 -0.1853 -0.9553
vn 0.2399 0.1761 -0.9547
vn 0.6063 0.6619 -0.4408
vn 0.1993 0.2512 -0.9472
vn -0.1863 -0.2538 -0.9492
vn -0.1561 -0.2976 -0.9419
vn 0.1775 0.2984 -0.9378
vn 0.1057 0.3628 -0.9258
vn -0.0861 -0.3329 -0.9390
vn -0.0360 -0.3478 -0.9369
vn 0.0504 0.4007 -0.9148
vn 0.0360 -0.3478 -0.9369
vn 0.3373 -0.8472 -0.4105
vn -0.0000 -0.9069 -0.4214
vn -0.3373 -0.8472 -0.4105
vn -0.0000 -1.0000 -0.0000
vn -0.3490 -0.9371 -0.0000
vn 0.3490 -0.9371 -0.0000
vn 0.6411 -0.6486 -0.4101
vn 0.6875 -0.7261 -0.0000
vn -0.0000 -0.0000 -1.0000
vn 0.8417 -0.3504 -0.4109
vn 0.9188 -0.3947 -0.0000
vn 0.9117 -0.0000 -0.4108
vn 1.0000 -0.0000 -0.0000
vn 0.8417 0.3504 -0.4109
vn 0.9188 0.3947 -0.0000
vn 0.6411 0.6486 -0.4101
vn 0.6875 0.7261 -0.0000
vn 0.3373 0.8472 -0.4105
vn -0.0000 0.9069 -0.4214
vn -0.3373 0.8472 -0.4105
vn -0.6411 0.6486 -0.4101
vn -0.8417 0.3504 -0.4109
vn -0.9188 0.3947 -0.0000
vn -0.9117 -0.0000 -0.4108
vn -1.0000 -0.0000 -0.0000
vn -0.8417 -0.3503 -0.4109
vn -0.9188 -0.3947 -0.0000
vn -0.6411 -0.6486 -0.4101
vn -0.6875 -0.7261 -0.0000
vt 0.475205 0.950378
vt 0.478083 0.950378
vt 0.480742 0.951479
vt 0.482777 0.953515
vt 0.483878 0.956173
vt 0.483878 0.959052
vt 0.482777 0.961710
vt 0.480742 0.963746
vt 0.478083 0.964847
vt 0.475205 0.964847
vt 0.472546 0.963745
vt 0.470511 0.961710
vt 0.469409 0.959052
vt 0.469409 0.956173
vt 0.470511 0.953515
vt 0.472546 0.951479
vt 0.462435 0.992219
vt 0.460164 0.992219
vt 0.460164 0.989560
vt 0.462435 0.989560
vt 0.460164 0.986682
vt 0.462435 0.986682
vt 0.460164 0.984023
vt 0.462435 0.984023
vt 0.482777 0.976238
vt 0.480742 0.978273
vt 0.480788 0.977807
vt 0.482311 0.976284
vt 0.462732 0.987044
vt 0.462732 0.989198
vt 0.482641 0.975789
vt 0.481425 0.975692
vt 0.481755 0.975198
vt 0.480196 0.976921
vt 0.480293 0.978137
vt 0.479702 0.977251
vt 0.478096 0.977916
vt 0.478303 0.978961
vt 0.478083 0.979374
vt 0.477721 0.979077
vt 0.477513 0.978032
vt 0.475775 0.978032
vt 0.475567 0.979077
vt 0.512316 0.982659
vt 0.512316 0.985537
vt 0.512019 0.985174
vt 0.512019 0.983021
vt 0.474984 0.978961
vt 0.475192 0.977916
vt 0.475205 0.979374
vt 0.473586 0.977251
vt 0.472994 0.978137
vt 0.472546 0.978273
vt 0.472500 0.977807
vt 0.473092 0.976921
vt 0.471862 0.975692
vt 0.470977 0.976284
vt 0.470511 0.976238
vt 0.470647 0.975789
vt 0.471532 0.975198
vt 0.470867 0.973592
vt 0.469822 0.973800
vt 0.469409 0.973579
vt 0.469707 0.973217
vt 0.470751 0.973009
vt 0.470751 0.971271
vt 0.469707 0.971063
vt 0.509963 0.940261
vt 0.509963 0.943139
vt 0.509666 0.942777
vt 0.509666 0.940623
vt 0.469822 0.970480
vt 0.470867 0.970688
vt 0.469409 0.970701
vt 0.471532 0.969082
vt 0.470647 0.968490
vt 0.470511 0.968042
vt 0.470977 0.967996
vt 0.471862 0.968588
vt 0.473092 0.967359
vt 0.472500 0.966473
vt 0.472546 0.966007
vt 0.472994 0.966143
vt 0.473586 0.967028
vt 0.475192 0.966363
vt 0.474984 0.965319
vt 0.475205 0.964905
vt 0.475567 0.965203
vt 0.475775 0.966247
vt 0.477513 0.966247
vt 0.477721 0.965203
vt 0.478083 0.964905
vt 0.478303 0.965319
vt 0.478096 0.966363
vt 0.479702 0.967028
vt 0.480293 0.966143
vt 0.509689 0.984694
vt 0.509689 0.987572
vt 0.509392 0.987210
vt 0.509392 0.985056
vt 0.480788 0.966473
vt 0.480196 0.967359
vt 0.480742 0.966007
vt 0.481425 0.968588
vt 0.482311 0.967996
vt 0.482777 0.968042
vt 0.482641 0.968490
vt 0.481755 0.969082
vt 0.482420 0.970688
vt 0.483465 0.970480
vt 0.483878 0.970701
vt 0.483581 0.971063
vt 0.482536 0.971271
vt 0.482536 0.973009
vt 0.483581 0.973217
vt 0.483878 0.973579
vt 0.483465 0.973800
vt 0.482420 0.973592
vt 0.481387 0.975309
vt 0.482239 0.973253
vt 0.467942 0.982389
vt 0.467645 0.982633
vt 0.467645 0.982050
vt 0.467645 0.984371
vt 0.467942 0.984615
vt 0.468765 0.982389
vt 0.468765 0.984615
vt 0.467942 0.980333
vt 0.468765 0.980333
vt 0.479813 0.976883
vt 0.467942 0.978759
vt 0.468765 0.978759
vt 0.468884 0.956294
vt 0.469057 0.955831
vt 0.469201 0.956294
vt 0.488419 0.980000
vt 0.490645 0.980000
vt 0.492702 0.980851
vt 0.494276 0.982426
vt 0.495128 0.984482
vt 0.495128 0.986708
vt 0.494276 0.988765
vt 0.492702 0.990339
vt 0.490645 0.991191
vt 0.488419 0.991191
vt 0.486363 0.990339
vt 0.484789 0.988765
vt 0.483937 0.986708
vt 0.483937 0.984482
vt 0.484789 0.982426
vt 0.486363 0.980851
vt 0.467942 0.978700
vt 0.467942 0.977126
vt 0.468765 0.977126
vt 0.468765 0.978700
vt 0.467942 0.975069
vt 0.468765 0.975069
vt 0.467942 0.972843
vt 0.468765 0.972843
vt 0.467942 0.970787
vt 0.468765 0.970787
vt 0.467942 0.969213
vt 0.468765 0.969213
vt 0.482819 0.985772
vt 0.482819 0.983715
vt 0.483642 0.983715
vt 0.483642 0.985772
vt 0.482819 0.981489
vt 0.483642 0.981489
vt 0.482819 0.979433
vt 0.483642 0.979433
vt 0.481938 0.987346
vt 0.481938 0.985289
vt 0.482760 0.985289
vt 0.482760 0.987346
vt 0.481938 0.983063
vt 0.482760 0.983063
vt 0.481938 0.981007
vt 0.482760 0.981007
vt 0.479813 0.967396
vt 0.477757 0.966544
vt 0.481640 0.985045
vt 0.481640 0.983307
vt 0.481640 0.982724
vt 0.481938 0.979433
vt 0.482760 0.979433
vt 0.481387 0.968970
vt 0.469181 0.953672
vt 0.469181 0.954166
vt 0.468884 0.953783
vt 0.467942 0.986672
vt 0.468765 0.986672
vt 0.482239 0.971027
vt 0.469027 0.956352
vt 0.469201 0.956815
vt 0.468884 0.956815
vt 0.475531 0.966544
vt 0.473474 0.967396
vt 0.481640 0.985628
vt 0.471900 0.968970
vt 0.468884 0.955157
vt 0.469187 0.954767
vt 0.469187 0.955251
vt 0.471048 0.971027
vt 0.468884 0.953091
vt 0.469268 0.952653
vt 0.469268 0.953104
vt 0.471048 0.973253
vt 0.468898 0.953162
vt 0.469268 0.953613
vt 0.468884 0.953613
vt 0.471900 0.975309
vt 0.469027 0.955310
vt 0.469201 0.955773
vt 0.468884 0.955773
vt 0.473474 0.976883
vt 0.468884 0.957336
vt 0.469057 0.956873
vt 0.469201 0.957336
vt 0.467645 0.974825
vt 0.467645 0.973087
vt 0.467645 0.972504
vt 0.475531 0.977735
vt 0.477757 0.977735
vt 0.467645 0.975408
vt 0.469187 0.954709
vt 0.468884 0.954318
vt 0.469187 0.954224
vt 0.467645 0.984954
vt 0.509689 0.990231
vt 0.511960 0.990231
vt 0.511960 0.992266
vt 0.509689 0.992266
vt 0.511960 0.987572
vt 0.511960 0.984694
vt 0.509689 0.982035
vt 0.511960 0.982035
vt 0.509689 0.980000
vt 0.511960 0.980000
vt 0.509963 0.945798
vt 0.512235 0.945798
vt 0.512235 0.947833
vt 0.509963 0.947833
vt 0.512235 0.943139
vt 0.512235 0.940261
vt 0.509963 0.937602
vt 0.512235 0.937602
vt 0.509963 0.935567
vt 0.512235 0.935567
vt 0.514587 0.985537
vt 0.514587 0.988195
vt 0.512316 0.988195
vt 0.514587 0.982659
vt 0.512316 0.980000
vt 0.514587 0.980000
s 1
usemtl Material.001
f 818/1937/537 819/1952/537 942/1951/537 941/1950/537 940/1949/537 939/1948/537 938/1947/537 937/1946/537 936/1945/537 935/1944/537 934/1943/537 933/1942/537 932/1941/537 931/1940/537 816/1939/537 815/1938/537
f 891/1953/538 817/1956/541 815/1955/540 816/1954/539
f 817/1956/541 820/1958/543 818/1957/542 815/1955/540
f 820/1958/543 821/1960/545 819/1959/544 818/1957/542
f 820/1961/543 823/1964/547 825/1963/546 821/1962/545
f 817/1956/541 896/1966/549 822/1965/548 820/1958/543
f 822/1967/548 823/1964/547 820/1961/543
f 823/1964/547 822/1967/548 898/1969/551 824/1968/550
f 826/1970/552 825/1963/546 823/1964/547 824/1968/550
f 827/1971/553 825/1963/546 826/1970/552 828/1972/554
f 825/1963/546 827/1971/553 821/1962/545
f 830/1973/555 829/1974/556 827/1971/553 828/1972/554
f 821/1962/545 827/1971/553 829/1974/556 831/1975/557
f 832/1976/558 829/1974/556 830/1973/555 833/1977/559
f 829/1974/556 832/1976/558 831/1975/557
f 835/1978/560 834/1979/561 832/1976/558 833/1977/559
f 831/1980/557 832/1983/558 834/1982/561 836/1981/562
f 837/1984/563 834/1979/561 835/1978/560 838/1985/564
f 834/1979/561 837/1984/563 836/1986/562
f 840/1987/565 839/1988/566 837/1984/563 838/1985/564
f 836/1986/562 837/1984/563 839/1988/566 841/1989/567
f 842/1990/568 839/1988/566 840/1987/565 843/1991/569
f 839/1988/566 842/1990/568 841/1989/567
f 845/1992/570 844/1993/571 842/1990/568 843/1991/569
f 841/1989/567 842/1990/568 844/1993/571 846/1994/572
f 847/1995/573 844/1993/571 845/1992/570 848/1996/574
f 844/1993/571 847/1995/573 846/1994/572
f 850/1997/575 849/1998/576 847/1995/573 848/1996/574
f 846/1994/572 847/1995/573 849/1998/576 851/1999/577
f 852/2000/578 849/1998/576 850/1997/575 853/2001/579
f 849/1998/576 852/2000/578 851/1999/577
f 855/2002/580 854/2003/581 852/2000/578 853/2001/579
f 851/2004/577 852/2007/578 854/2006/581 856/2005/582
f 857/2008/583 854/2003/581 855/2002/580 858/2009/584
f 854/2003/581 857/2008/583 856/2010/582
f 860/2011/585 859/2012/586 857/2008/583 858/2009/584
f 856/2010/582 857/2008/583 859/2012/586 861/2013/587
f 862/2014/588 859/2012/586 860/2011/585 863/2015/589
f 859/2012/586 862/2014/588 861/2013/587
f 865/2016/590 864/2017/591 862/2014/588 863/2015/589
f 861/2013/587 862/2014/588 864/2017/591 866/2018/592
f 867/2019/593 864/2017/591 865/2016/590 868/2020/594
f 864/2017/591 867/2019/593 866/2018/592
f 870/2021/595 869/2022/596 867/2019/593 868/2020/594
f 866/2018/592 867/2019/593 869/2022/596 871/2023/597
f 872/2024/598 869/2022/596 870/2021/595 873/2025/599
f 869/2022/596 872/2024/598 871/2023/597
f 875/2026/600 874/2027/601 872/2024/598 873/2025/599
f 871/2023/597 872/2024/598 874/2027/601 876/2028/602
f 877/2029/603 874/2027/601 875/2026/600 878/2030/604
f 874/2027/601 877/2029/603 876/2028/602
f 880/2031/605 879/2032/606 877/2029/603 878/2030/604
f 876/2033/602 877/2036/603 879/2035/606 881/2034/607
f 882/2037/608 879/2032/606 880/2031/605 883/2038/609
f 879/2032/606 882/2037/608 881/2039/607
f 885/2040/610 884/2041/611 882/2037/608 883/2038/609
f 881/2039/607 882/2037/608 884/2041/611 886/2042/612
f 887/2043/613 884/2041/611 885/2040/610 888/2044/614
f 884/2041/611 887/2043/613 886/2042/612
f 890/2045/615 889/2046/616 887/2043/613 888/2044/614
f 886/2042/612 887/2043/613 889/2046/616 891/2047/538
f 892/2048/617 889/2046/616 890/2045/615 893/2049/618
f 889/2046/616 892/2048/617 891/2047/538
f 895/2050/619 894/2051/620 892/2048/617 893/2049/618
f 891/2047/538 892/2048/617 894/2051/620 817/2052/541
f 895/2050/619 897/2054/621 896/2053/549 894/2051/620
f 896/2053/549 817/2052/541 894/2051/620
f 898/1969/551 822/1967/548 896/2053/549 897/2054/621
f 897/2054/621 899/2056/623 902/2055/622 898/1969/551
f 899/2057/623 897/2059/621 895/2058/619
f 893/2060/618 900/2061/624 899/2057/623 895/2058/619
f 900/2061/624 930/2063/626 901/2062/625 899/2057/623
f 899/2057/623 901/2062/625 904/2065/627 902/2064/622
f 824/1968/550 902/2055/622 903/2066/628 826/1970/552
f 902/2064/622 904/2065/627 905/2068/629 903/2067/628
f 898/2069/551 902/2071/622 824/2070/550
f 901/2072/630 930/2087/630 929/2086/630 925/2085/630 924/2084/630 922/2083/630 920/2082/630 918/2081/630 916/2080/630 914/2079/630 912/2078/630 910/2077/630 908/2076/630 906/2075/630 905/2074/630 904/2073/630
f 903/2088/628 905/2091/629 906/2090/632 907/2089/631
f 907/2089/631 906/2090/632 908/2093/634 909/2092/633
f 909/2092/633 908/2093/634 910/2095/636 911/2094/635
f 911/2094/635 910/2095/636 912/2097/638 913/2096/637
f 913/2096/637 912/2097/638 914/2099/539 915/2098/639
f 915/2100/639 914/2103/539 916/2102/540 917/2101/640
f 917/2101/640 916/2102/540 918/2105/542 919/2104/641
f 919/2104/641 918/2105/542 920/2107/544 921/2106/642
f 921/2108/642 920/2111/544 922/2110/644 923/2109/643
f 923/2109/643 922/2110/644 924/2113/646 926/2112/645
f 926/2112/645 924/2113/646 925/2115/648 927/2114/647
f 878/2030/604 926/2117/645 927/2116/647 880/2031/605
f 873/2118/599 923/2109/643 926/2112/645 875/2119/600
f 875/2119/600 926/2112/645 878/2120/604
f 927/2114/647 925/2115/648 929/2122/650 928/2121/649
f 883/2038/609 927/2116/647 928/2123/649 885/2040/610
f 880/2124/605 927/2126/647 883/2125/609
f 928/2127/649 929/2128/650 930/2063/626 900/2061/624
f 888/2044/614 928/2123/649 900/2129/624 890/2045/615
f 885/2130/610 928/2132/649 888/2131/614
f 868/2020/594 921/2134/642 923/2133/643 870/2021/595
f 870/2135/595 923/2109/643 873/2118/599
f 863/2015/589 919/2136/641 921/2134/642 865/2016/590
f 865/2137/590 921/2139/642 868/2138/594
f 858/2009/584 917/2140/640 919/2136/641 860/2011/585
f 860/2141/585 919/2143/641 863/2142/589
f 853/2001/579 915/2144/639 917/2140/640 855/2002/580
f 855/2145/580 917/2147/640 858/2146/584
f 848/1996/574 913/2148/637 915/2144/639 850/1997/575
f 850/2149/575 915/2151/639 853/2150/579
f 843/1991/569 911/2152/635 913/2148/637 845/1992/570
f 845/2153/570 913/2155/637 848/2154/574
f 838/2156/564 909/2092/633 911/2094/635 840/2157/565
f 840/2157/565 911/2094/635 843/2158/569
f 833/1977/559 907/2160/631 909/2159/633 835/1978/560
f 835/2161/560 909/2092/633 838/2156/564
f 828/1972/554 903/2066/628 907/2160/631 830/1973/555
f 830/2162/555 907/2164/631 833/2163/559
f 826/1970/552 903/2066/628 828/1972/554
f 890/2165/615 900/2061/624 893/2060/618
f 886/2166/612 891/2169/538 816/2168/539 931/2167/638
f 881/2034/607 886/2166/612 931/2167/638 932/2170/636
f 876/2033/602 881/2034/607 932/2170/636 933/2171/634
f 871/2172/597 876/2033/602 933/2171/634 934/2173/632
f 866/2174/592 871/2172/597 934/2173/632 935/2175/629
f 861/2176/587 866/2179/592 935/2178/629 936/2177/627
f 856/2005/582 861/2176/587 936/2177/627 937/2180/625
f 851/2004/577 856/2005/582 937/2180/625 938/2181/626
f 846/2182/572 851/2004/577 938/2181/626 939/2183/650
f 841/2184/567 846/2182/572 939/2183/650 940/2185/648
f 836/1981/562 841/2188/567 940/2187/648 941/2186/646
f 831/1980/557 836/1981/562 941/2186/646 942/2189/644
f 821/2190/545 831/1980/557 942/2189/644 819/2191/544
o Cube.049
v -30.317133 -1.239993 -30.916000
v -30.317133 4.040008 -31.239998
v -29.201227 -1.239993 -30.694035
v -31.433037 -1.239993 -30.694035
v -31.557028 4.040008 -30.993370
v -32.379055 -1.239993 -30.061924
v -32.608158 4.040008 -30.291025
v -33.011166 -1.239993 -29.115906
v -33.310501 4.040007 -29.239893
v -33.233131 -1.239994 -28.000000
v -33.557133 4.040007 -27.999998
v -33.011166 -1.239994 -26.884096
v -33.310501 4.040007 -26.760105
v -32.379055 -1.239994 -25.938076
v -32.608158 4.040007 -25.708973
v -31.433037 -1.239994 -25.305969
v -31.557028 4.040007 -25.006626
v -30.317133 -1.239994 -25.084002
v -30.317133 4.040007 -24.759998
v -29.201227 -1.239994 -25.305969
v -29.077238 4.040007 -25.006626
v -28.255211 -1.239993 -25.938076
v -28.026108 4.040008 -25.708973
v -27.623100 -1.239993 -26.884096
v -27.323763 4.040008 -26.760105
v -27.401131 -1.239993 -28.000000
v -27.077133 4.040008 -27.999998
v -27.623100 -1.239993 -29.115906
v -27.323763 4.040008 -29.239893
v -28.255211 -1.239993 -30.061924
v -28.026108 4.040008 -30.291025
v -29.077238 4.040008 -30.993370
v -27.704287 4.387162 -30.612848
v -26.903284 4.387162 -29.414062
v -28.903070 4.387162 -31.413849
v -27.621014 6.092854 -30.696117
v -28.858006 6.092854 -31.522646
v -26.794485 6.092854 -29.459129
v -28.311773 6.092854 -30.005360
v -29.231842 6.092854 -30.620129
v -27.697006 6.092854 -29.085293
v -28.728033 4.531157 -29.589102
v -28.240875 4.531157 -28.860016
v -29.457117 4.531157 -30.076262
v -30.317133 4.531157 -30.247326
v -31.177147 4.531157 -30.076262
v -30.317133 6.092854 -30.836006
v -30.317133 6.092854 -31.812887
v -31.402424 6.092854 -30.620129
v -32.322491 6.092854 -30.005360
v -31.776262 6.092854 -31.522646
v -33.013252 6.092854 -30.696117
v -31.731195 4.387162 -31.413849
v -32.929981 4.387161 -30.612848
v -30.317133 4.387162 -31.695122
v -33.730980 4.387161 -29.414062
v -34.012257 4.387161 -27.999998
v -33.839783 6.092853 -29.459129
v -34.130020 6.092853 -27.999998
v -32.937260 6.092853 -29.085293
v -33.153137 6.092853 -27.999998
v -32.393391 4.531157 -28.860016
v -31.906233 4.531157 -29.589102
v -32.564457 4.531157 -28.000002
v -32.393391 4.531156 -27.139986
v -31.906233 4.531156 -26.410904
v -32.937260 6.092853 -26.914707
v -32.322491 6.092853 -25.994642
v -33.839783 6.092853 -26.540871
v -33.730980 4.387161 -26.585938
v -33.013252 6.092853 -25.303879
v -31.776262 6.092853 -24.477350
v -32.929981 4.387161 -25.387154
v -31.731195 4.387161 -24.586153
v -30.317133 4.387161 -24.304874
v -28.903070 4.387161 -24.586153
v -30.317133 6.092853 -24.187113
v -28.858006 6.092853 -24.477350
v -30.317133 6.092853 -25.163994
v -29.231842 6.092853 -25.379873
v -30.317133 4.531157 -25.752676
v -31.402424 6.092853 -25.379873
v -31.177147 4.531156 -25.923744
v -29.457117 4.531157 -25.923744
v -28.728033 4.531157 -26.410904
v -28.240875 4.531157 -27.139986
v -28.311773 6.092854 -25.994642
v -27.697006 6.092854 -26.914707
v -27.621014 6.092854 -25.303879
v -26.794485 6.092854 -26.540871
v -27.704287 4.387161 -25.387154
v -26.903284 4.387162 -26.585938
v -26.622011 4.387162 -27.999998
v -26.504246 6.092854 -27.999998
v -27.481129 6.092854 -27.999998
v -28.069807 4.531157 -28.000002
vn 0.3517 0.0612 0.9341
vn 0.3192 0.5191 0.7929
vn -0.0000 0.5259 0.8506
vn -0.0000 0.0612 0.9981
vn -0.3192 0.5191 0.7929
vn -0.3517 0.0612 0.9341
vn -0.0000 1.0000 -0.0000
vn 0.6892 0.0612 0.7220
vn 0.6008 0.5311 0.5974
vn 0.9180 0.0612 0.3918
vn 0.7779 0.5431 0.3161
vn 0.9981 0.0612 -0.0000
vn 0.8369 0.5473 -0.0000
vn 0.9180 0.0612 -0.3918
vn 0.7779 0.5431 -0.3161
vn 0.6892 0.0612 -0.7220
vn 0.6008 0.5311 -0.5974
vn 0.3517 0.0612 -0.9341
vn 0.3192 0.5191 -0.7929
vn -0.0000 0.0612 -0.9981
vn -0.0000 0.5259 -0.8506
vn -0.3517 0.0612 -0.9341
vn -0.3192 0.5191 -0.7929
vn -0.6892 0.0612 -0.7220
vn -0.6008 0.5311 -0.5974
vn -0.9180 0.0612 -0.3918
vn -0.7779 0.5431 -0.3161
vn -0.9981 0.0612 -0.0000
vn -0.8369 0.5473 -0.0000
vn -0.9180 0.0612 0.3918
vn -0.7779 0.5431 0.3161
vn -0.6892 0.0612 0.7220
vn -0.6008 0.5311 0.5974
vn -0.2957 0.4784 0.8268
vn -0.5717 0.5242 0.6312
vn -0.7690 0.5377 0.3458
vn -0.6827 0.0688 0.7275
vn -0.9156 0.0689 0.3962
vn -0.3444 0.0688 0.9363
vn -0.0000 -1.0000 -0.0000
vn 0.6279 -0.3523 -0.6940
vn 0.3099 -0.3522 -0.8831
vn 0.3466 -0.3527 -0.8692
vn 0.6600 -0.3527 -0.6633
vn 0.8545 -0.3526 -0.3814
vn 0.8651 -0.3527 -0.3567
vn -0.0000 -0.3527 -0.9357
vn -0.3099 -0.3522 -0.8831
vn -0.3466 -0.3527 -0.8692
vn -0.6279 -0.3523 -0.6940
vn -0.6600 -0.3527 -0.6633
vn 0.2957 0.4784 0.8268
vn 0.5717 0.5242 0.6312
vn 0.6827 0.0688 0.7275
vn 0.3444 0.0688 0.9363
vn -0.0000 0.4323 0.9017
vn -0.0000 0.0689 0.9976
vn 0.7690 0.5377 0.3458
vn 0.9156 0.0689 0.3962
vn 0.8417 0.5400 -0.0000
vn 0.9976 0.0689 -0.0000
vn -0.8545 -0.3526 -0.3814
vn -0.9357 -0.3527 -0.0000
vn -0.8651 -0.3527 -0.3567
vn -0.8545 -0.3526 0.3814
vn -0.8651 -0.3527 0.3567
vn -0.6279 -0.3523 0.6940
vn -0.6600 -0.3527 0.6633
vn 0.7690 0.5377 -0.3458
vn 0.5717 0.5242 -0.6312
vn 0.6827 0.0688 -0.7275
vn 0.9156 0.0689 -0.3962
vn 0.2957 0.4784 -0.8268
vn 0.3444 0.0688 -0.9363
vn -0.0000 0.4323 -0.9017
vn -0.0000 0.0689 -0.9976
vn -0.2957 0.4784 -0.8268
vn -0.3444 0.0688 -0.9363
vn -0.0000 -0.3527 0.9357
vn 0.3099 -0.3523 0.8831
vn 0.3466 -0.3527 0.8692
vn -0.3099 -0.3523 0.8831
vn -0.3466 -0.3527 0.8692
vn 0.6279 -0.3523 0.6940
vn 0.6600 -0.3527 0.6633
vn 0.8545 -0.3526 0.3814
vn 0.8651 -0.3527 0.3567
vn -0.5717 0.5242 -0.6312
vn -0.7690 0.5377 -0.3458
vn -0.9156 0.0689 -0.3962
vn -0.6827 0.0688 -0.7275
vn -0.8417 0.5400 -0.0000
vn -0.9976 0.0689 -0.0000
vn 0.9357 -0.3527 -0.0000
vt 0.497896 0.951633
vt 0.508459 0.951091
vt 0.508318 0.952889
vt 0.497769 0.953251
vt 0.508241 0.955239
vt 0.497701 0.955366
vt 0.484220 0.943373
vt 0.484220 0.940783
vt 0.485211 0.938390
vt 0.487043 0.936559
vt 0.489436 0.935567
vt 0.492026 0.935567
vt 0.494419 0.936559
vt 0.496251 0.938390
vt 0.497242 0.940783
vt 0.497242 0.943373
vt 0.496251 0.945767
vt 0.494419 0.947598
vt 0.492026 0.948589
vt 0.489436 0.948589
vt 0.487043 0.947598
vt 0.485211 0.945767
vt 0.500495 0.936271
vt 0.500368 0.946804
vt 0.498020 0.946880
vt 0.498382 0.936340
vt 0.502782 0.936271
vt 0.502910 0.946804
vt 0.504896 0.936340
vt 0.505258 0.946880
vt 0.470323 0.988741
vt 0.480598 0.989094
vt 0.480735 0.990846
vt 0.470446 0.990318
vt 0.470256 0.986681
vt 0.480524 0.986805
vt 0.470256 0.984451
vt 0.480524 0.984327
vt 0.470323 0.982391
vt 0.480598 0.982038
vt 0.470446 0.980814
vt 0.480735 0.980286
vt 0.507728 0.963709
vt 0.507599 0.974325
vt 0.505233 0.974402
vt 0.505597 0.963778
vt 0.510033 0.963709
vt 0.510161 0.974325
vt 0.512163 0.963778
vt 0.512528 0.974402
vt 0.497769 0.959771
vt 0.508318 0.960133
vt 0.508459 0.961932
vt 0.497896 0.961390
vt 0.497701 0.957656
vt 0.508241 0.957783
vt 0.454313 0.958543
vt 0.454313 0.961047
vt 0.453428 0.961223
vt 0.453428 0.958367
vt 0.455271 0.956229
vt 0.454522 0.955728
vt 0.505483 0.946827
vt 0.505355 0.944150
vt 0.508756 0.944144
vt 0.508888 0.946905
vt 0.505309 0.941252
vt 0.508709 0.941153
vt 0.461933 0.950666
vt 0.463959 0.949827
vt 0.465034 0.951436
vt 0.462311 0.952564
vt 0.465509 0.948277
vt 0.467118 0.949352
vt 0.508545 0.956951
vt 0.508511 0.954725
vt 0.511738 0.954905
vt 0.511765 0.956669
vt 0.508644 0.959006
vt 0.511843 0.958298
vt 0.499718 0.981448
vt 0.501380 0.981448
vt 0.502915 0.982084
vt 0.504089 0.983258
vt 0.504725 0.984793
vt 0.504725 0.986455
vt 0.504089 0.987990
vt 0.502915 0.989165
vt 0.501380 0.989800
vt 0.499718 0.989800
vt 0.498183 0.989165
vt 0.497008 0.987990
vt 0.496373 0.986455
vt 0.496373 0.984793
vt 0.497008 0.983258
vt 0.498183 0.982084
vt 0.508545 0.952667
vt 0.511765 0.953275
vt 0.508644 0.951091
vt 0.511843 0.952026
vt 0.459741 0.950666
vt 0.459364 0.952564
vt 0.457716 0.949827
vt 0.456641 0.951436
vt 0.499395 0.989849
vt 0.499458 0.991786
vt 0.496422 0.992004
vt 0.496373 0.990469
vt 0.456166 0.948277
vt 0.454556 0.949352
vt 0.504938 0.991396
vt 0.504817 0.988873
vt 0.508022 0.988867
vt 0.508147 0.991470
vt 0.505355 0.938573
vt 0.505483 0.936521
vt 0.508888 0.936271
vt 0.508756 0.938388
vt 0.457042 0.965132
vt 0.459356 0.966091
vt 0.459180 0.966975
vt 0.456541 0.965882
vt 0.455271 0.963361
vt 0.454522 0.963862
vt 0.461861 0.966091
vt 0.462037 0.966975
vt 0.504774 0.986142
vt 0.507978 0.986048
vt 0.504817 0.983617
vt 0.508022 0.983443
vt 0.464175 0.965132
vt 0.464676 0.965882
vt 0.455327 0.944059
vt 0.455327 0.946251
vt 0.453428 0.946629
vt 0.453428 0.943681
vt 0.499458 0.993883
vt 0.499395 0.995820
vt 0.496373 0.995200
vt 0.496422 0.993665
vt 0.456417 0.991935
vt 0.456334 0.990602
vt 0.459055 0.990088
vt 0.459122 0.991144
vt 0.456304 0.988863
vt 0.459032 0.988710
vt 0.457716 0.940484
vt 0.456166 0.942034
vt 0.454556 0.940958
vt 0.456641 0.938874
vt 0.453381 0.992338
vt 0.453308 0.990072
vt 0.456185 0.990111
vt 0.456260 0.992449
vt 0.504938 0.981683
vt 0.508147 0.981448
vt 0.459741 0.939645
vt 0.459364 0.937746
vt 0.453308 0.987620
vt 0.456185 0.987581
vt 0.466904 0.961047
vt 0.466904 0.958543
vt 0.467789 0.958367
vt 0.467789 0.961223
vt 0.465946 0.963361
vt 0.466695 0.963862
vt 0.465946 0.956229
vt 0.466695 0.955728
vt 0.453381 0.985354
vt 0.456260 0.985243
vt 0.464256 0.982953
vt 0.464127 0.981318
vt 0.466843 0.981422
vt 0.466975 0.983110
vt 0.464175 0.954458
vt 0.464676 0.953708
vt 0.463959 0.940484
vt 0.461933 0.939645
vt 0.462311 0.937746
vt 0.465034 0.938874
vt 0.466596 0.983151
vt 0.466695 0.984406
vt 0.464136 0.984931
vt 0.464058 0.983936
vt 0.456334 0.986981
vt 0.456417 0.985243
vt 0.459122 0.985841
vt 0.459055 0.987218
vt 0.466748 0.986046
vt 0.464178 0.986230
vt 0.466748 0.987821
vt 0.464178 0.987637
vt 0.466348 0.944059
vt 0.465509 0.942034
vt 0.467118 0.940958
vt 0.468246 0.943681
vt 0.464058 0.979181
vt 0.464058 0.976868
vt 0.466771 0.976831
vt 0.466771 0.979218
vt 0.461861 0.953499
vt 0.459356 0.953499
vt 0.459180 0.952615
vt 0.462037 0.952615
vt 0.464127 0.974732
vt 0.466843 0.974627
vt 0.457042 0.954458
vt 0.456541 0.953708
vt 0.464256 0.973097
vt 0.466975 0.972939
vt 0.466348 0.946251
vt 0.468246 0.946629
vt 0.466695 0.989461
vt 0.466596 0.990716
vt 0.464058 0.989931
vt 0.464136 0.988936
s 1
usemtl Material.001
f 946/2192/651 943/2195/654 944/2194/653 947/2193/652
f 943/2195/654 945/2197/656 974/2196/655 944/2194/653
f 943/2198/657 946/2213/657 948/2212/657 950/2211/657 952/2210/657 954/2209/657 956/2208/657 958/2207/657 960/2206/657 962/2205/657 964/2204/657 966/2203/657 968/2202/657 970/2201/657 972/2200/657 945/2199/657
f 948/2214/658 946/2217/651 947/2216/652 949/2215/659
f 950/2218/660 948/2214/658 949/2215/659 951/2219/661
f 952/2220/662 950/2218/660 951/2219/661 953/2221/663
f 954/2222/664 952/2225/662 953/2224/663 955/2223/665
f 956/2226/666 954/2222/664 955/2223/665 957/2227/667
f 958/2228/668 956/2226/666 957/2227/667 959/2229/669
f 960/2230/670 958/2228/668 959/2229/669 961/2231/671
f 962/2232/672 960/2230/670 961/2231/671 963/2233/673
f 964/2234/674 962/2237/672 963/2236/673 965/2235/675
f 966/2238/676 964/2234/674 965/2235/675 967/2239/677
f 968/2240/678 966/2238/676 967/2239/677 969/2241/679
f 970/2242/680 968/2245/678 969/2244/679 971/2243/681
f 972/2246/682 970/2242/680 971/2243/681 973/2247/683
f 945/2197/656 972/2246/682 973/2247/683 974/2196/655
f 973/2248/683 975/2251/685 977/2250/684 974/2249/655
f 971/2252/681 976/2253/686 975/2251/685 973/2248/683
f 976/2254/686 980/2257/688 978/2256/687 975/2255/685
f 975/2255/685 978/2256/687 979/2259/689 977/2258/684
f 982/2260/690 979/2263/690 978/2262/690 981/2261/690
f 981/2261/690 978/2262/690 980/2265/690 983/2264/690
f 981/2266/691 984/2269/694 986/2268/693 982/2267/692
f 983/2270/695 985/2271/696 984/2269/694 981/2266/691
f 986/2272/690 984/2287/690 985/2286/690 1038/2285/690 1028/2284/690 1027/2283/690 1026/2282/690 1023/2281/690 1025/2280/690 1008/2279/690 1007/2278/690 1006/2277/690 1004/2276/690 1005/2275/690 988/2274/690 987/2273/690
f 982/2267/692 986/2268/693 987/2289/697 989/2288/697
f 989/2288/697 987/2289/697 988/2291/699 991/2290/698
f 989/2292/690 990/2293/690 979/2263/690 982/2260/690
f 991/2294/690 993/2295/690 990/2293/690 989/2292/690
f 991/2296/698 988/2299/699 1005/2298/701 992/2297/700
f 992/2300/690 994/2301/690 993/2295/690 991/2294/690
f 995/2302/702 993/2305/705 994/2304/704 996/2303/703
f 997/2306/706 990/2309/707 993/2308/705 995/2307/702
f 947/2310/652 995/2313/702 996/2312/703 949/2311/659
f 944/2314/653 997/2315/706 995/2313/702 947/2310/652
f 974/2249/655 977/2250/684 997/2315/706 944/2314/653
f 977/2258/684 979/2259/689 990/2309/707 997/2306/706
f 949/2311/659 996/2312/703 998/2317/708 951/2316/661
f 996/2303/703 994/2304/704 1000/2319/709 998/2318/708
f 998/2318/708 1000/2319/709 1001/2321/711 999/2320/710
f 951/2316/661 998/2317/708 999/2323/710 953/2322/663
f 1003/2324/690 1001/2327/690 1000/2326/690 1002/2325/690
f 1002/2325/690 1000/2326/690 994/2301/690 992/2300/690
f 1002/2328/712 1004/2331/714 1006/2330/713 1003/2329/713
f 992/2297/700 1005/2298/701 1004/2331/714 1002/2328/712
f 1003/2332/713 1006/2335/713 1007/2334/716 1009/2333/715
f 1009/2333/715 1007/2334/716 1008/2337/718 1010/2336/717
f 1010/2338/690 1013/2341/690 1011/2340/690 1009/2339/690
f 1009/2339/690 1011/2340/690 1001/2327/690 1003/2324/690
f 1012/2342/719 1011/2345/722 1013/2344/721 1015/2343/720
f 999/2320/710 1001/2321/711 1011/2347/722 1012/2346/719
f 1024/2348/690 1014/2349/690 1013/2341/690 1010/2338/690
f 1015/2343/720 1013/2344/721 1014/2351/724 1016/2350/723
f 957/2352/667 1015/2355/720 1016/2354/723 959/2353/669
f 955/2356/665 1012/2357/719 1015/2355/720 957/2352/667
f 959/2353/669 1016/2354/723 1017/2359/725 961/2358/671
f 1016/2350/723 1014/2351/724 1019/2361/726 1017/2360/725
f 1017/2362/725 1019/2365/726 1020/2364/728 1018/2363/727
f 961/2358/671 1017/2359/725 1018/2367/727 963/2366/673
f 1022/2368/690 1020/2371/690 1019/2370/690 1021/2369/690
f 1021/2369/690 1019/2370/690 1014/2349/690 1024/2348/690
f 1021/2372/729 1023/2375/729 1026/2374/731 1022/2373/730
f 1024/2376/732 1025/2379/733 1023/2378/729 1021/2377/729
f 1010/2336/717 1008/2337/718 1025/2379/733 1024/2376/732
f 1022/2373/730 1026/2374/731 1027/2381/735 1029/2380/734
f 1029/2380/734 1027/2381/735 1028/2383/737 1030/2382/736
f 1030/2384/690 1032/2387/690 1031/2386/690 1029/2385/690
f 1029/2385/690 1031/2386/690 1020/2371/690 1022/2368/690
f 1033/2388/738 1031/2391/741 1032/2390/740 1034/2389/739
f 1018/2363/727 1020/2364/728 1031/2391/741 1033/2388/738
f 965/2392/675 1033/2395/738 1034/2394/739 967/2393/677
f 963/2366/673 1018/2367/727 1033/2395/738 965/2392/675
f 1034/2389/739 1032/2390/740 1036/2397/743 1035/2396/742
f 967/2393/677 1034/2394/739 1035/2399/742 969/2398/679
f 969/2398/679 1035/2399/742 976/2253/686 971/2252/681
f 1035/2396/742 1036/2397/743 980/2401/688 976/2400/686
f 983/2264/690 980/2265/690 1036/2403/690 1037/2402/690
f 1037/2402/690 1036/2403/690 1032/2387/690 1030/2384/690
f 1037/2404/744 1038/2407/744 985/2406/696 983/2405/695
f 1030/2382/736 1028/2383/737 1038/2407/744 1037/2404/744
f 953/2322/663 999/2323/710 1012/2357/719 955/2356/665
o Cube.050
v -21.776613 7.335788 37.824471
v -22.259012 9.207788 37.342072
v -25.153414 7.335787 37.824471
v -21.776613 7.335788 34.447670
v -22.259012 9.207788 34.930069
v -25.153414 7.335788 34.447670
v -24.671013 9.207788 34.930069
v -24.671013 9.207788 37.342072
vn -0.9684 -0.2495 -0.0000
vn -0.0000 -0.2495 -0.9684
vn -0.0000 1.0000 -0.0000
vn -0.0000 -0.2495 0.9684
vn 0.9684 -0.2495 -0.0000
vn -0.0000 -1.0000 -0.0000
vt 0.013131 0.942153
vt 0.030412 0.946588
vt 0.030412 0.968790
vt 0.013131 0.973237
vt 0.047901 0.942153
vt 0.064927 0.946593
vt 0.064927 0.968796
vt 0.047901 0.973238
vt 0.013131 0.910964
vt 0.043982 0.910964
vt 0.043982 0.942048
vt 0.013131 0.942048
vt 0.044087 0.910964
vt 0.061600 0.915405
vt 0.061600 0.937608
vt 0.044087 0.942048
vt 0.030517 0.942153
vt 0.047796 0.946587
vt 0.047796 0.968790
vt 0.030517 0.973237
vt 0.083771 0.933167
vt 0.061705 0.933167
vt 0.061705 0.910964
vt 0.083771 0.910964
s 1
usemtl Material.001
f 1042/2408/745 1039/2411/745 1040/2410/745 1043/2409/745
f 1039/2412/746 1041/2415/746 1046/2414/746 1040/2413/746
f 1041/2416/747 1039/2419/747 1042/2418/747 1044/2417/747
f 1044/2420/748 1042/2423/748 1043/2422/748 1045/2421/748
f 1041/2424/749 1044/2427/749 1045/2426/749 1046/2425/749
f 1045/2428/750 1043/2431/750 1040/2430/750 1046/2429/750
o Cube.051
v -23.987013 9.063788 36.334068
v -23.987013 9.639788 36.334068
v -24.383013 9.063787 36.334068
v -23.987013 9.063788 35.938068
v -23.987013 9.639788 35.938068
v -24.383013 9.063788 35.938068
v -24.383013 9.639788 35.938068
v -24.383013 9.639788 36.334068
v -24.383013 9.819788 35.938068
v -24.383013 9.639788 35.758068
v -23.987013 9.639788 35.758068
v -24.383013 9.819788 35.758068
v -23.987013 9.819788 35.758068
v -24.383013 9.906233 35.758068
v -23.987013 9.906233 35.758068
v -24.383013 9.906233 35.938068
v -23.987013 9.906233 35.938068
v -23.987013 9.819788 35.938068
v -23.987013 9.819788 36.334068
v -24.383013 9.819788 36.334068
v -23.987013 9.819788 36.514069
v -23.987013 9.906233 36.334068
v -24.383013 9.906233 36.334068
v -23.987013 9.906233 36.514069
v -24.383013 9.906233 36.514069
v -24.383013 9.819788 36.514069
v -24.383013 9.639788 36.514069
v -23.987013 9.639788 36.514069
vn -1.0000 -0.0000 -0.0000
vn -0.0000 -0.0000 -1.0000
vn -0.0000 1.0000 -0.0000
vn -0.0000 -0.0000 1.0000
vn 1.0000 -0.0000 -0.0000
vn -0.0000 -1.0000 -0.0000
vt 0.088201 0.933272
vt 0.088201 0.938574
vt 0.084555 0.938574
vt 0.084555 0.933272
vt 0.088867 0.981936
vt 0.088867 0.987233
vt 0.085222 0.987233
vt 0.085222 0.981936
vt 0.085222 0.987339
vt 0.088840 0.987339
vt 0.088840 0.990984
vt 0.085222 0.990984
vt 0.081366 0.981936
vt 0.081366 0.987224
vt 0.077721 0.987224
vt 0.077721 0.981936
vt 0.070426 0.941027
vt 0.070426 0.935725
vt 0.074072 0.935725
vt 0.074072 0.941027
vt 0.070427 0.934068
vt 0.074072 0.934068
vt 0.048276 0.991780
vt 0.048276 0.988134
vt 0.049921 0.988134
vt 0.049921 0.991780
vt 0.075729 0.934068
vt 0.075729 0.935725
vt 0.072688 0.991602
vt 0.072688 0.987956
vt 0.074340 0.987956
vt 0.074340 0.991602
vt 0.075134 0.987956
vt 0.075134 0.991602
vt 0.074072 0.933272
vt 0.075729 0.933272
vt 0.055644 0.988835
vt 0.055644 0.985190
vt 0.057291 0.985190
vt 0.057291 0.988835
vt 0.088991 0.925650
vt 0.088991 0.922005
vt 0.089786 0.922005
vt 0.089786 0.925650
vt 0.088201 0.940231
vt 0.089858 0.940231
vt 0.089858 0.941027
vt 0.088201 0.941027
vt 0.084555 0.940231
vt 0.081344 0.990974
vt 0.077721 0.990974
vt 0.077721 0.987329
vt 0.081344 0.987329
vt 0.089858 0.938574
vt 0.026855 0.992022
vt 0.026855 0.988376
vt 0.027649 0.988376
vt 0.027649 0.992022
vt 0.082898 0.940231
vt 0.082898 0.938574
vt 0.084555 0.941027
vt 0.082898 0.941027
vt 0.062787 0.988832
vt 0.062787 0.985186
vt 0.064433 0.985186
vt 0.064433 0.988832
vt 0.090628 0.991205
vt 0.090628 0.987560
vt 0.091423 0.987560
vt 0.091423 0.991205
vt 0.068770 0.934068
vt 0.068770 0.933272
vt 0.070427 0.933272
vt 0.088972 0.991205
vt 0.088972 0.987560
vt 0.068770 0.935725
vt 0.092700 0.987454
vt 0.092700 0.983809
vt 0.094345 0.983809
vt 0.094345 0.987454
s 1
usemtl Material.001
f 1050/2432/751 1047/2435/751 1048/2434/751 1051/2433/751
f 1047/2436/752 1049/2439/752 1054/2438/752 1048/2437/752
f 1049/2440/753 1047/2443/753 1050/2442/753 1052/2441/753
f 1052/2444/754 1050/2447/754 1051/2446/754 1053/2445/754
f 1049/2448/755 1052/2451/755 1053/2450/755 1054/2449/755
f 1053/2450/755 1055/2453/755 1066/2452/755 1054/2449/755
f 1051/2454/753 1057/2457/753 1056/2456/753 1053/2455/753
f 1053/2450/755 1056/2459/755 1058/2458/755 1055/2453/755
f 1057/2460/754 1059/2463/754 1058/2462/754 1056/2461/754
f 1059/2463/754 1061/2465/754 1060/2464/754 1058/2462/754
f 1058/2458/755 1060/2467/755 1062/2466/755 1055/2453/755
f 1062/2468/756 1060/2471/756 1061/2470/756 1063/2469/756
f 1055/2472/752 1062/2475/752 1063/2474/752 1064/2473/752
f 1064/2476/751 1063/2479/751 1061/2478/751 1059/2477/751
f 1048/2434/751 1065/2480/751 1064/2476/751 1051/2433/751
f 1055/2481/756 1064/2484/756 1065/2483/756 1066/2482/756
f 1064/2476/751 1059/2477/751 1057/2485/751 1051/2433/751
f 1065/2486/754 1068/2489/754 1069/2488/754 1066/2487/754
f 1048/2434/751 1074/2491/751 1067/2490/751 1065/2480/751
f 1067/2490/751 1070/2493/751 1068/2492/751 1065/2480/751
f 1068/2494/756 1070/2497/756 1071/2496/756 1069/2495/756
f 1072/2498/752 1071/2501/752 1070/2500/752 1067/2499/752
f 1066/2452/755 1069/2504/755 1071/2503/755 1072/2502/755
f 1073/2505/752 1072/2498/752 1067/2499/752 1074/2506/752
f 1066/2452/755 1072/2502/755 1073/2507/755 1054/2449/755
f 1054/2508/753 1073/2511/753 1074/2510/753 1048/2509/753
o Cube.052
v -22.565016 9.063788 36.334068
v -22.565016 9.639789 36.334068
v -22.961018 9.063788 36.334068
v -22.565016 9.063788 35.938068
v -22.565016 9.639789 35.938068
v -22.961018 9.063788 35.938068
v -22.961018 9.639789 35.938068
v -22.961018 9.639789 36.334068
v -22.961018 9.819788 35.938068
v -22.961018 9.639789 35.758068
v -22.565016 9.639789 35.758068
v -22.961018 9.819788 35.758068
v -22.565016 9.819788 35.758068
v -22.961018 9.906234 35.758068
v -22.565016 9.906234 35.758068
v -22.961018 9.906234 35.938068
v -22.565016 9.906234 35.938068
v -22.565016 9.819788 35.938068
v -22.565016 9.819788 36.334068
v -22.961018 9.819788 36.334068
v -22.565016 9.819788 36.514069
v -22.565016 9.906234 36.334068
v -22.961018 9.906233 36.334068
v -22.565016 9.906234 36.514069
v -22.961018 9.906233 36.514069
v -22.961018 9.819788 36.514069
v -22.961018 9.639789 36.514069
v -22.565016 9.639789 36.514069
vn -1.0000 -0.0000 -0.0000
vn -0.0000 -0.0000 -1.0000
vn -0.0000 1.0000 -0.0000
vn -0.0000 -0.0000 1.0000
vn 1.0000 -0.0000 -0.0000
vn -0.0000 -1.0000 -0.0000
vt 0.081136 0.933272
vt 0.081136 0.938574
vt 0.077491 0.938574
vt 0.077491 0.933272
vt 0.092618 0.978407
vt 0.092618 0.983704
vt 0.088972 0.983704
vt 0.088972 0.978407
vt 0.081472 0.987329
vt 0.085090 0.987329
vt 0.085090 0.990974
vt 0.081472 0.990974
vt 0.085117 0.981936
vt 0.085117 0.987224
vt 0.081472 0.987224
vt 0.081472 0.981936
vt 0.067007 0.933272
vt 0.067007 0.938574
vt 0.063362 0.938574
vt 0.063362 0.933272
vt 0.067007 0.940231
vt 0.063362 0.940231
vt 0.094368 0.978407
vt 0.094368 0.982052
vt 0.092723 0.982052
vt 0.092723 0.978407
vt 0.061705 0.940231
vt 0.061705 0.938574
vt 0.091381 0.914609
vt 0.091381 0.910964
vt 0.093033 0.910964
vt 0.093033 0.914609
vt 0.093827 0.910964
vt 0.093827 0.914609
vt 0.063362 0.941027
vt 0.061705 0.941027
vt 0.048276 0.988029
vt 0.048276 0.984384
vt 0.049923 0.984384
vt 0.049923 0.988029
vt 0.088991 0.929401
vt 0.088991 0.925755
vt 0.089786 0.925755
vt 0.089786 0.929401
vt 0.081136 0.940231
vt 0.082793 0.940231
vt 0.082793 0.941027
vt 0.081136 0.941027
vt 0.077491 0.940231
vt 0.092595 0.987454
vt 0.088972 0.987454
vt 0.088972 0.983809
vt 0.092595 0.983809
vt 0.082793 0.938574
vt 0.094143 0.945798
vt 0.094143 0.942153
vt 0.094937 0.942153
vt 0.094937 0.945798
vt 0.075834 0.940231
vt 0.075834 0.938574
vt 0.077491 0.941027
vt 0.075834 0.941027
vt 0.076833 0.981936
vt 0.076833 0.985581
vt 0.075186 0.985581
vt 0.075186 0.981936
vt 0.070927 0.987956
vt 0.070927 0.991602
vt 0.070132 0.991602
vt 0.070132 0.987956
vt 0.068664 0.940231
vt 0.068664 0.941027
vt 0.067007 0.941027
vt 0.068664 0.938574
vt 0.072583 0.987956
vt 0.072583 0.991602
vt 0.077616 0.987329
vt 0.077616 0.990974
vt 0.075971 0.990974
vt 0.075971 0.987329
s 1
usemtl Material.001
f 1078/2512/757 1075/2515/757 1076/2514/757 1079/2513/757
f 1075/2516/758 1077/2519/758 1082/2518/758 1076/2517/758
f 1077/2520/759 1075/2523/759 1078/2522/759 1080/2521/759
f 1080/2524/760 1078/2527/760 1079/2526/760 1081/2525/760
f 1077/2528/761 1080/2531/761 1081/2530/761 1082/2529/761
f 1081/2530/761 1083/2533/761 1094/2532/761 1082/2529/761
f 1079/2534/759 1085/2537/759 1084/2536/759 1081/2535/759
f 1081/2530/761 1084/2539/761 1086/2538/761 1083/2533/761
f 1085/2540/760 1087/2543/760 1086/2542/760 1084/2541/760
f 1087/2543/760 1089/2545/760 1088/2544/760 1086/2542/760
f 1086/2538/761 1088/2547/761 1090/2546/761 1083/2533/761
f 1090/2548/762 1088/2551/762 1089/2550/762 1091/2549/762
f 1083/2552/758 1090/2555/758 1091/2554/758 1092/2553/758
f 1092/2556/757 1091/2559/757 1089/2558/757 1087/2557/757
f 1076/2514/757 1093/2560/757 1092/2556/757 1079/2513/757
f 1083/2561/762 1092/2564/762 1093/2563/762 1094/2562/762
f 1092/2556/757 1087/2557/757 1085/2565/757 1079/2513/757
f 1093/2566/760 1096/2569/760 1097/2568/760 1094/2567/760
f 1076/2514/757 1102/2571/757 1095/2570/757 1093/2560/757
f 1095/2570/757 1098/2573/757 1096/2572/757 1093/2560/757
f 1096/2574/762 1098/2577/762 1099/2576/762 1097/2575/762
f 1100/2578/758 1099/2581/758 1098/2580/758 1095/2579/758
f 1094/2532/761 1097/2584/761 1099/2583/761 1100/2582/761
f 1094/2532/761 1100/2582/761 1101/2585/761 1082/2529/761
f 1101/2586/758 1100/2578/758 1095/2579/758 1102/2587/758
f 1082/2588/759 1101/2591/759 1102/2590/759 1076/2589/759
o Cube.053
v -22.474819 9.772509 36.283928
v -22.442764 9.923957 36.339375
v -22.226616 9.515196 36.339642
v -22.486839 9.715678 36.136070
v -22.909483 9.949379 36.259552
v -22.914909 9.903463 36.136070
v -23.465015 9.999790 36.256069
v -22.895014 10.071819 36.305859
v -22.880545 10.194261 36.259552
v -23.465015 10.118427 36.301071
v -24.034992 10.071827 36.305882
v -23.465015 10.237064 36.256069
v -24.049467 10.194285 36.259571
v -23.465015 10.281553 36.136070
v -23.465015 10.237065 36.016071
v -22.875116 10.240176 36.136070
v -24.054895 10.240208 36.136070
v -24.531199 10.132142 36.136070
v -24.049467 10.194285 36.012569
v -24.519165 10.075413 35.988068
v -24.034992 10.071827 35.966255
v -24.487080 9.924038 35.932571
v -24.020519 9.949368 36.012569
v -23.465015 10.118427 35.971069
v -23.465015 9.999790 36.016071
v -22.895014 10.071820 35.966282
v -22.909483 9.949379 36.012589
v -22.880545 10.194262 36.012589
v -22.442764 9.923957 35.932766
v -22.410711 10.075194 35.988213
v -22.474819 9.772509 35.988213
v -22.172888 9.739664 35.856159
v -22.226616 9.515196 35.932499
v -22.119160 9.961557 35.932499
v -21.937450 9.543712 35.779552
v -21.865536 9.838582 35.876785
v -22.009365 9.241613 35.876785
v -21.606499 9.329840 35.762653
v -21.687538 9.011940 35.864708
v -21.535221 9.645766 35.864708
v -21.321236 9.176188 35.873520
v -21.431282 8.947713 35.920715
v -21.217339 9.125726 36.136070
v -21.310207 9.449963 35.920715
v -21.247433 9.477935 36.136070
v -21.310207 9.449963 36.351425
v -21.501696 9.759281 36.136070
v -21.838570 9.948564 36.136070
v -21.535221 9.645766 36.407433
v -21.606499 9.329840 36.509483
v -21.865536 9.838582 36.395355
v -21.937450 9.543712 36.492588
v -22.119160 9.961556 36.339642
v -22.172888 9.739664 36.415981
v -22.410711 10.075194 36.283928
v -22.099010 10.044705 36.136070
v -22.398691 10.131872 36.136070
v -22.009365 9.241613 36.395355
v -22.036333 9.128552 36.136070
v -21.687538 9.011940 36.407433
v -21.711300 8.889275 36.136070
v -21.431282 8.947712 36.351425
v -21.395041 8.868194 36.136070
v -21.321236 9.176188 36.398617
v -22.246763 9.430948 36.136070
v -23.465015 9.955301 36.136070
v -24.015091 9.903446 36.136070
v -24.442959 9.715569 36.136070
v -24.020519 9.949368 36.259571
v -24.454990 9.772451 36.284069
v -24.487080 9.924038 36.339569
v -24.702803 9.515023 36.340069
v -24.756630 9.739905 36.416569
v -24.919937 9.241169 36.396069
v -24.682617 9.430617 36.136070
v -24.702803 9.515023 35.932068
v -24.892908 9.127839 36.136070
v -24.919937 9.241169 35.876068
v -25.218483 8.888137 36.136070
v -25.242300 9.011108 35.863903
v -25.242300 9.011108 36.408237
v -25.535486 8.867064 36.136070
v -25.713629 9.125259 36.136070
v -25.499153 8.946770 36.352070
v -25.499153 8.946770 35.920071
v -25.609472 9.175824 35.872734
v -25.323542 9.329791 35.761547
v -25.620527 9.450269 35.920071
v -25.394993 9.646503 35.863903
v -25.683456 9.478316 36.136070
v -25.620527 9.450269 36.352070
v -25.428598 9.760314 36.136070
v -25.091129 9.949785 36.136070
v -25.394995 9.646503 36.408237
v -25.064098 9.839532 36.396069
v -25.323542 9.329791 36.510590
v -24.992018 9.543969 36.493568
v -25.609472 9.175824 36.399403
v -24.810457 9.962220 36.340069
v -24.830643 10.045524 36.136070
v -24.519165 10.075413 36.284069
v -24.810457 9.962220 35.932068
v -25.064098 9.839532 35.876068
v -24.756630 9.739905 35.855568
v -24.992018 9.543970 35.778568
v -24.454990 9.772452 35.988068
vn 0.4479 0.5261 -0.7229
vn 0.1191 -0.0772 -0.9899
vn 0.0205 -0.0580 -0.9981
vn 0.1732 0.6412 -0.7476
vn 0.6097 0.3827 -0.6942
vn 0.2102 -0.1132 -0.9711
vn 0.5945 0.8041 -0.0000
vn 0.7955 0.6060 -0.0000
vn 0.2447 0.9696 -0.0000
vn -0.0000 0.6797 -0.7335
vn -0.0000 1.0000 -0.0000
vn -0.0000 -0.0442 -0.9990
vn -0.1455 -0.6871 -0.7119
vn -0.0977 -0.7205 -0.6866
vn -0.0000 -0.7317 -0.6817
vn -0.0207 -0.0580 -0.9981
vn -0.1734 0.6412 -0.7476
vn 0.0975 -0.7205 -0.6865
vn 0.1393 -0.9903 -0.0000
vn -0.0000 -1.0000 -0.0000
vn -0.1395 -0.9902 -0.0000
vn 0.0975 -0.7205 0.6865
vn -0.0000 -0.7317 0.6817
vn -0.0977 -0.7205 0.6866
vn 0.2508 -0.9680 -0.0000
vn 0.1447 -0.6874 -0.7117
vn 0.1447 -0.6874 0.7117
vn -0.1201 -0.0775 0.9897
vn -0.0207 -0.0580 0.9981
vn -0.0000 -0.0442 0.9990
vn -0.4488 0.5258 0.7226
vn -0.1734 0.6412 0.7476
vn -0.0000 0.6797 0.7335
vn 0.0205 -0.0580 0.9981
vn 0.1732 0.6412 0.7476
vn 0.1191 -0.0772 0.9899
vn 0.4479 0.5261 0.7229
vn -0.1455 -0.6871 0.7119
vn -0.1327 -0.6458 0.7519
vn 0.2102 -0.1132 0.9711
vn 0.6097 0.3827 0.6942
vn 0.1222 -0.0732 0.9898
vn 0.4573 0.4372 0.7744
vn -0.1837 -0.5812 0.7928
vn -0.3704 -0.4840 0.7928
vn -0.0774 0.0657 0.9948
vn 0.1364 0.6105 0.7802
vn -0.4846 0.2248 0.8454
vn -0.2136 0.7686 0.6030
vn -0.6657 -0.3005 0.6831
vn -0.9523 0.3051 -0.0000
vn -0.8433 0.5375 -0.0000
vn -0.8893 -0.4573 -0.0000
vn -0.5778 -0.8162 -0.0000
vn -0.6657 -0.3005 -0.6831
vn -0.4846 0.2248 -0.8454
vn -0.3704 -0.4840 -0.7928
vn -0.4067 -0.9135 -0.0000
vn -0.1837 -0.5812 -0.7928
vn -0.0774 0.0657 -0.9948
vn 0.1222 -0.0732 -0.9898
vn -0.1327 -0.6458 -0.7519
vn -0.3146 -0.9492 -0.0000
vn -0.2516 -0.9678 -0.0000
vn 0.4573 0.4372 -0.7744
vn 0.1364 0.6105 -0.7802
vn 0.6760 0.7369 -0.0000
vn 0.2779 0.9606 -0.0000
vn 0.1080 0.9942 -0.0000
vn -0.2136 0.7686 -0.6030
vn -0.2449 0.9696 -0.0000
vn -0.5951 0.8037 -0.0000
vn -0.4487 0.5258 -0.7226
vn -0.1201 -0.0775 -0.9897
vn -0.2114 -0.1137 -0.9708
vn -0.6107 0.3821 -0.6936
vn -0.7961 0.6051 -0.0000
vn -0.1227 -0.0735 -0.9897
vn -0.4577 0.4370 -0.7743
vn -0.6762 0.7367 -0.0000
vn -0.6107 0.3821 0.6936
vn -0.4577 0.4370 0.7743
vn -0.1364 0.6107 -0.7801
vn -0.2778 0.9606 -0.0000
vn -0.1364 0.6107 0.7801
vn -0.1078 0.9942 -0.0000
vn 0.2137 0.7687 0.6029
vn 0.2137 0.7687 -0.6029
vn 0.8433 0.5374 -0.0000
vn 0.9524 0.3050 -0.0000
vn 0.4847 0.2249 0.8453
vn 0.4847 0.2249 -0.8453
vn 0.0773 0.0657 0.9948
vn 0.3703 -0.4841 0.7928
vn 0.6658 -0.3006 0.6829
vn 0.8893 -0.4573 -0.0000
vn 0.5776 -0.8163 -0.0000
vn 0.3703 -0.4841 -0.7928
vn 0.6658 -0.3006 -0.6829
vn 0.4058 -0.9140 -0.0000
vn 0.1829 -0.5816 0.7926
vn 0.1829 -0.5816 -0.7926
vn 0.0773 0.0657 -0.9948
vn 0.1315 -0.6464 -0.7515
vn 0.3132 -0.9497 -0.0000
vn 0.1315 -0.6464 0.7515
vn -0.2114 -0.1137 0.9708
vn -0.1227 -0.0735 0.9897
vt 0.081306 0.971111
vt 0.079892 0.971406
vt 0.078544 0.967244
vt 0.079688 0.967110
vt 0.083651 0.973395
vt 0.081557 0.973890
vt 0.054507 0.991075
vt 0.053146 0.990550
vt 0.053149 0.987953
vt 0.055023 0.988730
vt 0.092244 0.926800
vt 0.091168 0.926850
vt 0.091379 0.922909
vt 0.092666 0.922799
vt 0.092156 0.931914
vt 0.091109 0.931914
vt 0.078116 0.961997
vt 0.079225 0.961997
vt 0.078523 0.971702
vt 0.077436 0.967377
vt 0.077043 0.961997
vt 0.078542 0.956750
vt 0.079686 0.956883
vt 0.077434 0.956617
vt 0.090943 0.954798
vt 0.092120 0.954848
vt 0.092045 0.960228
vt 0.090902 0.960228
vt 0.092122 0.965608
vt 0.090945 0.965658
vt 0.089860 0.954848
vt 0.089850 0.960228
vt 0.089862 0.965608
vt 0.091053 0.950413
vt 0.092465 0.950524
vt 0.089757 0.950525
vt 0.067960 0.971396
vt 0.066533 0.971691
vt 0.065426 0.967367
vt 0.066581 0.967234
vt 0.065032 0.961987
vt 0.066151 0.961987
vt 0.069314 0.971101
vt 0.067674 0.967101
vt 0.067210 0.961987
vt 0.066584 0.956740
vt 0.067677 0.956874
vt 0.065429 0.956607
vt 0.067965 0.952578
vt 0.069318 0.952873
vt 0.066539 0.952282
vt 0.067621 0.949599
vt 0.069709 0.950094
vt 0.071718 0.950589
vt 0.071561 0.947927
vt 0.074268 0.948590
vt 0.068788 0.947264
vt 0.070567 0.944224
vt 0.073536 0.944881
vt 0.076385 0.945628
vt 0.074872 0.942255
vt 0.076938 0.943269
vt 0.072327 0.942153
vt 0.069635 0.982710
vt 0.070027 0.984809
vt 0.067618 0.984287
vt 0.067666 0.981936
vt 0.069544 0.987319
vt 0.067556 0.987532
vt 0.070027 0.989155
vt 0.067509 0.990148
vt 0.065580 0.987243
vt 0.065194 0.984716
vt 0.065032 0.989058
vt 0.091245 0.975200
vt 0.093729 0.974952
vt 0.094038 0.977992
vt 0.091439 0.978301
vt 0.088985 0.974952
vt 0.089073 0.977993
vt 0.082425 0.979760
vt 0.085290 0.979103
vt 0.086748 0.981729
vt 0.084248 0.981831
vt 0.080656 0.976720
vt 0.083329 0.976057
vt 0.079546 0.974385
vt 0.091146 0.972803
vt 0.093094 0.972617
vt 0.091057 0.970044
vt 0.092467 0.969933
vt 0.089762 0.969934
vt 0.089369 0.972618
vt 0.086146 0.975394
vt 0.088254 0.978356
vt 0.053152 0.985190
vt 0.055539 0.986233
vt 0.048097 0.989818
vt 0.045891 0.990287
vt 0.045863 0.987283
vt 0.048171 0.986834
vt 0.045598 0.984384
vt 0.047500 0.984530
vt 0.088867 0.980715
vt 0.065670 0.982633
vt 0.043237 0.987325
vt 0.043584 0.984919
vt 0.043383 0.990287
vt 0.051275 0.988730
vt 0.050766 0.986233
vt 0.051785 0.991075
vt 0.089988 0.926800
vt 0.089964 0.922799
vt 0.089963 0.931914
vt 0.091168 0.936977
vt 0.089988 0.937027
vt 0.092244 0.937027
vt 0.091379 0.940916
vt 0.089963 0.941027
vt 0.092667 0.941027
vt 0.079887 0.952588
vt 0.081303 0.952883
vt 0.081549 0.950106
vt 0.083648 0.950601
vt 0.060282 0.990549
vt 0.058919 0.991074
vt 0.058407 0.988730
vt 0.060285 0.987951
vt 0.083320 0.947939
vt 0.086144 0.948602
vt 0.057895 0.986232
vt 0.060288 0.985186
vt 0.061644 0.991074
vt 0.062163 0.988730
vt 0.062682 0.986232
vt 0.072419 0.987851
vt 0.070206 0.987381
vt 0.070132 0.984392
vt 0.072447 0.984842
vt 0.074934 0.987851
vt 0.075081 0.984884
vt 0.072712 0.981936
vt 0.074732 0.982473
vt 0.070805 0.982082
vt 0.086518 0.922005
vt 0.086470 0.924364
vt 0.084039 0.924792
vt 0.084516 0.922703
vt 0.088492 0.922780
vt 0.088886 0.924886
vt 0.073529 0.979097
vt 0.076386 0.978350
vt 0.076938 0.980715
vt 0.074867 0.981730
vt 0.070552 0.979754
vt 0.072315 0.981831
vt 0.086407 0.927616
vt 0.084425 0.927325
vt 0.086360 0.930236
vt 0.083876 0.929143
vt 0.088886 0.929240
vt 0.088401 0.927402
vt 0.091238 0.945259
vt 0.088972 0.945509
vt 0.089058 0.942463
vt 0.091431 0.942153
vt 0.093730 0.945508
vt 0.094038 0.942462
vt 0.080640 0.947276
vt 0.082410 0.944230
vt 0.085282 0.944886
vt 0.084236 0.942153
vt 0.086742 0.942254
vt 0.088254 0.945634
vt 0.088867 0.943269
vt 0.079535 0.949611
vt 0.093092 0.947843
vt 0.091141 0.947657
vt 0.078516 0.952293
vt 0.089360 0.947843
vt 0.069702 0.973878
vt 0.067609 0.974373
vt 0.071552 0.976045
vt 0.068773 0.976708
vt 0.071715 0.973383
vt 0.074266 0.975382
s 1
usemtl Material.001
f 1103/2592/763 1107/2595/766 1110/2594/765 1104/2593/764
f 1104/2593/764 1156/2597/768 1105/2596/767 1103/2592/763
f 1103/2598/763 1105/2601/767 1167/2600/770 1106/2599/769
f 1107/2602/766 1103/2605/763 1106/2604/769 1108/2603/771
f 1109/2606/772 1107/2602/766 1108/2603/771 1168/2607/773
f 1107/2595/766 1109/2609/772 1112/2608/774 1110/2594/765
f 1104/2593/764 1110/2594/765 1111/2611/776 1157/2610/775
f 1110/2594/765 1112/2608/774 1114/2612/777 1111/2611/776
f 1109/2609/772 1171/2614/779 1113/2613/778 1112/2608/774
f 1112/2608/774 1113/2613/778 1115/2615/780 1114/2612/777
f 1119/2616/781 1116/2619/782 1114/2618/777 1115/2617/780
f 1116/2619/782 1118/2621/783 1111/2620/776 1114/2618/777
f 1121/2622/784 1117/2623/785 1116/2619/782 1119/2616/781
f 1117/2623/785 1130/2624/786 1118/2621/783 1116/2619/782
f 1120/2625/787 1119/2616/781 1115/2617/780 1203/2626/788
f 1122/2627/789 1121/2622/784 1119/2616/781 1120/2625/787
f 1124/2628/790 1123/2631/791 1121/2630/784 1122/2629/789
f 1123/2631/791 1126/2633/792 1117/2632/785 1121/2630/784
f 1208/2634/793 1125/2635/794 1123/2631/791 1124/2628/790
f 1125/2635/794 1127/2636/795 1126/2633/792 1123/2631/791
f 1127/2636/795 1129/2638/797 1128/2637/796 1126/2633/792
f 1126/2633/792 1128/2637/796 1130/2639/786 1117/2632/785
f 1129/2638/797 1133/2641/799 1131/2640/798 1128/2637/796
f 1128/2637/796 1131/2640/798 1132/2642/800 1130/2639/786
f 1131/2640/798 1134/2644/802 1136/2643/801 1132/2642/800
f 1133/2641/799 1135/2645/803 1134/2644/802 1131/2640/798
f 1135/2645/803 1139/2647/805 1137/2646/804 1134/2644/802
f 1134/2644/802 1137/2646/804 1138/2648/806 1136/2643/801
f 1137/2646/804 1140/2650/808 1142/2649/807 1138/2648/806
f 1139/2647/805 1141/2651/809 1140/2650/808 1137/2646/804
f 1141/2651/809 1144/2653/811 1143/2652/810 1140/2650/808
f 1140/2650/808 1143/2652/810 1146/2654/812 1142/2649/807
f 1144/2655/811 1165/2658/814 1145/2657/813 1143/2656/810
f 1143/2656/810 1145/2657/813 1147/2660/815 1146/2659/812
f 1142/2661/807 1146/2659/812 1147/2660/815 1149/2662/816
f 1145/2657/813 1166/2664/818 1148/2663/817 1147/2660/815
f 1149/2662/816 1147/2660/815 1148/2663/817 1151/2665/819
f 1150/2666/820 1149/2669/816 1151/2668/819 1153/2667/821
f 1138/2670/806 1142/2671/807 1149/2669/816 1150/2666/820
f 1151/2672/819 1148/2675/817 1166/2674/818 1152/2673/822
f 1153/2676/821 1151/2672/819 1152/2673/822 1154/2677/823
f 1155/2678/824 1153/2676/821 1154/2677/823 1156/2597/768
f 1158/2679/825 1150/2666/820 1153/2667/821 1155/2680/824
f 1157/2610/775 1155/2678/824 1156/2597/768 1104/2593/764
f 1159/2681/826 1158/2679/825 1155/2680/824 1157/2682/775
f 1132/2683/800 1136/2684/801 1158/2679/825 1159/2681/826
f 1136/2684/801 1138/2670/806 1150/2666/820 1158/2679/825
f 1118/2621/783 1159/2681/826 1157/2682/775 1111/2620/776
f 1130/2624/786 1132/2683/800 1159/2681/826 1118/2621/783
f 1156/2597/768 1154/2677/823 1160/2685/827 1105/2596/767
f 1154/2677/823 1152/2673/822 1162/2686/828 1160/2685/827
f 1105/2601/767 1160/2688/827 1161/2687/829 1167/2600/770
f 1160/2689/827 1162/2692/828 1163/2691/830 1161/2690/829
f 1162/2692/828 1164/2694/832 1165/2693/831 1163/2691/830
f 1152/2673/822 1166/2674/818 1164/2695/832 1162/2686/828
f 1165/2658/814 1164/2696/832 1166/2664/818 1145/2657/813
f 1163/2691/830 1165/2693/831 1144/2698/811 1141/2697/809
f 1161/2690/829 1163/2691/830 1141/2697/809 1139/2699/805
f 1167/2600/770 1161/2687/829 1139/2701/805 1135/2700/803
f 1106/2599/769 1167/2600/770 1135/2700/803 1133/2702/799
f 1108/2603/771 1106/2604/769 1133/2704/799 1129/2703/797
f 1168/2607/773 1108/2603/771 1129/2703/797 1127/2705/795
f 1169/2706/833 1168/2607/773 1127/2705/795 1125/2707/794
f 1171/2708/779 1109/2606/772 1168/2607/773 1169/2706/833
f 1170/2709/834 1169/2706/833 1125/2707/794 1208/2710/793
f 1172/2711/835 1171/2708/779 1169/2706/833 1170/2709/834
f 1171/2614/779 1172/2713/835 1173/2712/836 1113/2613/778
f 1172/2713/835 1174/2715/838 1175/2714/837 1173/2712/836
f 1170/2716/834 1177/2719/839 1174/2718/838 1172/2717/835
f 1174/2715/838 1176/2721/841 1199/2720/840 1175/2714/837
f 1177/2719/839 1179/2723/842 1176/2722/841 1174/2718/838
f 1208/2724/793 1178/2725/843 1177/2719/839 1170/2716/834
f 1178/2725/843 1180/2726/844 1179/2723/842 1177/2719/839
f 1179/2727/842 1181/2730/846 1183/2729/845 1176/2728/841
f 1180/2731/844 1182/2732/847 1181/2730/846 1179/2727/842
f 1182/2732/847 1187/2734/849 1184/2733/848 1181/2730/846
f 1181/2730/846 1184/2733/848 1186/2735/850 1183/2729/845
f 1184/2736/851 1187/2739/849 1188/2738/853 1185/2737/852
f 1186/2740/850 1184/2736/851 1185/2737/852 1200/2741/854
f 1189/2742/855 1188/2745/853 1187/2744/849 1182/2743/847
f 1191/2746/856 1190/2747/857 1188/2745/853 1189/2742/855
f 1185/2737/852 1188/2738/853 1190/2749/857 1192/2748/858
f 1194/2750/859 1192/2748/858 1190/2749/857 1191/2751/856
f 1196/2752/860 1193/2753/861 1192/2748/858 1194/2750/859
f 1200/2741/854 1185/2737/852 1192/2748/858 1193/2753/861
f 1195/2754/862 1194/2757/859 1191/2756/856 1205/2755/863
f 1197/2758/864 1196/2759/860 1194/2757/859 1195/2754/862
f 1199/2720/840 1198/2762/865 1196/2761/860 1197/2760/864
f 1198/2762/865 1200/2764/854 1193/2763/861 1196/2761/860
f 1176/2721/841 1183/2765/845 1198/2762/865 1199/2720/840
f 1183/2765/845 1186/2766/850 1200/2764/854 1198/2762/865
f 1175/2714/837 1199/2720/840 1197/2760/864 1201/2767/866
f 1201/2768/866 1197/2758/864 1195/2754/862 1202/2769/867
f 1203/2626/788 1201/2768/866 1202/2769/867 1120/2625/787
f 1173/2712/836 1175/2714/837 1201/2767/866 1203/2770/788
f 1113/2613/778 1173/2712/836 1203/2770/788 1115/2615/780
f 1120/2625/787 1202/2769/867 1204/2771/868 1122/2627/789
f 1202/2769/867 1195/2754/862 1205/2755/863 1204/2771/868
f 1122/2629/789 1204/2773/868 1206/2772/869 1124/2628/790
f 1204/2773/868 1205/2775/863 1207/2774/870 1206/2772/869
f 1124/2628/790 1206/2772/869 1178/2776/843 1208/2634/793
f 1206/2772/869 1207/2774/870 1180/2777/844 1178/2776/843
f 1205/2775/863 1191/2746/856 1189/2742/855 1207/2774/870
f 1207/2774/870 1189/2742/855 1182/2743/847 1180/2777/844
o Cube.054
v -24.271618 8.196466 35.365360
v -24.291216 8.290523 34.600895
v -24.208727 7.891067 35.283531
v -24.208727 8.501866 35.447193
v -24.228325 8.595922 34.682728
v -24.029629 8.760772 35.516567
v -24.049227 8.854828 34.752098
v -23.761591 8.933767 35.562920
v -23.781189 9.027822 34.798454
v -23.445415 8.994514 35.579197
v -23.465015 9.088571 34.814732
v -23.129244 8.933767 35.562920
v -23.148842 9.027822 34.798454
v -22.861206 8.760772 35.516567
v -22.880802 8.854828 34.752098
v -22.682108 8.501866 35.447193
v -22.701706 8.595922 34.682728
v -22.619217 8.196467 35.365360
v -22.638815 8.290523 34.600895
v -22.682108 7.891067 35.283531
v -22.701706 7.985123 34.519062
v -22.861206 7.632162 35.214157
v -22.880802 7.726217 34.449688
v -23.129244 7.459167 35.167801
v -23.148842 7.553222 34.403336
v -23.445415 7.398419 35.151524
v -23.465015 7.492475 34.387058
v -23.761589 7.459167 35.167801
v -23.781189 7.553222 34.403336
v -24.029629 7.632161 35.214157
v -24.049227 7.726217 34.449688
v -24.228325 7.985123 34.519062
vn 0.9113 -0.4052 -0.0732
vn 0.9252 -0.3730 -0.0696
vn 0.9994 0.0242 -0.0226
vn 0.9996 -0.0110 -0.0270
vn 0.9091 0.4157 0.0278
vn 0.9227 0.3848 0.0237
vn -0.0000 0.2588 -0.9659
vn 0.6734 -0.7314 -0.1073
vn 0.6971 -0.7093 -0.1051
vn 0.3357 -0.9338 -0.1235
vn 0.3578 -0.9257 -0.1231
vn -0.0011 -0.9925 -0.1221
vn 0.0013 -0.9925 -0.1221
vn -0.3367 -0.9356 -0.1065
vn -0.3552 -0.9289 -0.1052
vn -0.6718 -0.7371 -0.0735
vn -0.6938 -0.7167 -0.0704
vn -0.9091 -0.4157 -0.0278
vn -0.9227 -0.3848 -0.0237
vn -0.9994 -0.0242 0.0226
vn -0.9996 0.0110 0.0270
vn -0.9252 0.3730 0.0696
vn -0.9113 0.4052 0.0732
vn -0.6971 0.7093 0.1051
vn -0.6734 0.7314 0.1073
vn -0.3578 0.9257 0.1231
vn -0.3357 0.9338 0.1235
vn -0.0013 0.9925 0.1221
vn 0.0011 0.9925 0.1221
vn 0.3552 0.9289 0.1052
vn 0.3367 0.9356 0.1065
vn 0.6938 0.7167 0.0704
vn 0.6718 0.7371 0.0735
vn -0.0000 -0.2588 0.9659
vt 0.050766 0.975828
vt 0.057787 0.976814
vt 0.057787 0.979731
vt 0.050766 0.978744
vt 0.057787 0.982635
vt 0.050766 0.981648
vt 0.036638 0.973343
vt 0.039317 0.974453
vt 0.041367 0.976530
vt 0.042476 0.979259
vt 0.042476 0.982224
vt 0.041367 0.984973
vt 0.039317 0.987089
vt 0.036638 0.988248
vt 0.033739 0.988275
vt 0.031060 0.987165
vt 0.029010 0.985087
vt 0.027901 0.982358
vt 0.027901 0.979393
vt 0.029010 0.976644
vt 0.031060 0.974529
vt 0.033739 0.973369
vt 0.050768 0.973343
vt 0.057790 0.974330
vt 0.043323 0.981631
vt 0.050413 0.981812
vt 0.050660 0.984279
vt 0.043571 0.984098
vt 0.043237 0.978721
vt 0.050326 0.978901
vt 0.043323 0.975810
vt 0.050413 0.975991
vt 0.043571 0.973343
vt 0.050660 0.973523
vt 0.057897 0.982597
vt 0.064919 0.981613
vt 0.064927 0.984098
vt 0.057905 0.985081
vt 0.057895 0.979680
vt 0.064917 0.978697
vt 0.057897 0.976776
vt 0.064919 0.975792
vt 0.057905 0.974326
vt 0.064927 0.973343
vt 0.091047 0.913431
vt 0.083956 0.913611
vt 0.084186 0.911144
vt 0.091276 0.910964
vt 0.090966 0.916341
vt 0.083876 0.916522
vt 0.091047 0.919252
vt 0.083956 0.919432
vt 0.091276 0.921719
vt 0.084186 0.921900
vt 0.057790 0.985085
vt 0.050768 0.984098
vt 0.019005 0.973362
vt 0.021922 0.973343
vt 0.024617 0.974459
vt 0.026679 0.976542
vt 0.027796 0.979274
vt 0.027796 0.982240
vt 0.026679 0.984987
vt 0.024617 0.987098
vt 0.021922 0.988251
vt 0.019005 0.988271
vt 0.016310 0.987155
vt 0.014247 0.985072
vt 0.013131 0.982339
vt 0.013131 0.979374
vt 0.014247 0.976627
vt 0.016310 0.974516
s 1
usemtl Material.001
f 1212/2778/871 1209/2781/874 1210/2780/873 1213/2779/872
f 1209/2781/874 1211/2783/876 1240/2782/875 1210/2780/873
f 1209/2784/877 1212/2799/877 1214/2798/877 1216/2797/877 1218/2796/877 1220/2795/877 1222/2794/877 1224/2793/877 1226/2792/877 1228/2791/877 1230/2790/877 1232/2789/877 1234/2788/877 1236/2787/877 1238/2786/877 1211/2785/877
f 1214/2800/878 1212/2778/871 1213/2779/872 1215/2801/879
f 1216/2802/880 1214/2805/878 1215/2804/879 1217/2803/881
f 1218/2806/882 1216/2802/880 1217/2803/881 1219/2807/883
f 1220/2808/884 1218/2806/882 1219/2807/883 1221/2809/885
f 1222/2810/886 1220/2808/884 1221/2809/885 1223/2811/887
f 1224/2812/888 1222/2815/886 1223/2814/887 1225/2813/889
f 1226/2816/890 1224/2812/888 1225/2813/889 1227/2817/891
f 1228/2818/892 1226/2816/890 1227/2817/891 1229/2819/893
f 1230/2820/894 1228/2818/892 1229/2819/893 1231/2821/895
f 1232/2822/896 1230/2825/894 1231/2824/895 1233/2823/897
f 1234/2826/898 1232/2822/896 1233/2823/897 1235/2827/899
f 1236/2828/900 1234/2826/898 1235/2827/899 1237/2829/901
f 1238/2830/902 1236/2828/900 1237/2829/901 1239/2831/903
f 1211/2783/876 1238/2833/902 1239/2832/903 1240/2782/875
f 1240/2834/904 1239/2849/904 1237/2848/904 1235/2847/904 1233/2846/904 1231/2845/904 1229/2844/904 1227/2843/904 1225/2842/904 1223/2841/904 1221/2840/904 1219/2839/904 1217/2838/904 1215/2837/904 1213/2836/904 1210/2835/904
o Cube.055
v -23.613731 7.678195 34.700829
v -23.613731 7.755177 34.413532
v -23.602411 7.623223 34.686100
v -23.602411 7.733167 34.715561
v -23.602409 7.810149 34.428261
v -23.570173 7.779770 34.728046
v -23.570173 7.856751 34.440750
v -23.521927 7.810909 34.736389
v -23.521927 7.887891 34.449093
v -23.465015 7.821844 34.739319
v -23.465015 7.898825 34.452023
v -23.408104 7.810910 34.736389
v -23.408104 7.887891 34.449093
v -23.359856 7.779771 34.728046
v -23.359856 7.856751 34.440750
v -23.327620 7.733168 34.715561
v -23.327620 7.810149 34.428261
v -23.316299 7.678195 34.700829
v -23.316299 7.755177 34.413532
v -23.327620 7.623223 34.686100
v -23.327620 7.700205 34.398804
v -23.359856 7.576621 34.673615
v -23.359856 7.653602 34.386314
v -23.408104 7.545481 34.665268
v -23.408104 7.622462 34.377972
v -23.465015 7.534547 34.662338
v -23.465015 7.611528 34.375042
v -23.521927 7.545481 34.665268
v -23.521927 7.622462 34.377972
v -23.570173 7.576621 34.673615
v -23.570173 7.653602 34.386314
v -23.602409 7.700204 34.398804
vn 0.9188 -0.3812 -0.1022
vn 1.0000 -0.0000 -0.0000
vn 0.9188 0.3812 0.1022
vn -0.0000 0.2588 -0.9659
vn 0.6875 -0.7014 -0.1879
vn 0.3490 -0.9052 -0.2426
vn -0.0000 -0.9659 -0.2588
vn -0.3490 -0.9052 -0.2426
vn -0.6875 -0.7014 -0.1879
vn -0.9188 -0.3812 -0.1022
vn -1.0000 -0.0000 -0.0000
vn -0.9188 0.3812 0.1022
vn -0.6875 0.7014 0.1879
vn -0.3490 0.9052 0.2426
vn -0.0000 0.9659 0.2588
vn 0.3490 0.9052 0.2426
vn 0.6875 0.7014 0.1879
vn -0.0000 -0.2588 0.9659
vt 0.026303 0.991169
vt 0.026303 0.993907
vt 0.025778 0.993907
vt 0.025778 0.991169
vt 0.025255 0.993907
vt 0.025255 0.991169
vt 0.034947 0.988380
vt 0.035429 0.988580
vt 0.035798 0.988954
vt 0.035998 0.989445
vt 0.035998 0.989978
vt 0.035798 0.990473
vt 0.035429 0.990854
vt 0.034947 0.991063
vt 0.034425 0.991068
vt 0.033943 0.990868
vt 0.033574 0.990494
vt 0.033375 0.990003
vt 0.033375 0.989469
vt 0.033574 0.988974
vt 0.033943 0.988593
vt 0.034425 0.988385
vt 0.026750 0.991169
vt 0.026750 0.993907
vt 0.064279 0.991688
vt 0.064279 0.988981
vt 0.064723 0.988937
vt 0.064723 0.991644
vt 0.063755 0.991704
vt 0.063755 0.988997
vt 0.063231 0.991688
vt 0.063231 0.988981
vt 0.062787 0.991644
vt 0.062787 0.988937
vt 0.021812 0.991169
vt 0.021812 0.993907
vt 0.021365 0.993908
vt 0.021365 0.991170
vt 0.022337 0.991169
vt 0.022337 0.993907
vt 0.022860 0.991169
vt 0.022860 0.993907
vt 0.023301 0.991170
vt 0.023301 0.993908
vt 0.095424 0.913690
vt 0.095424 0.910978
vt 0.095868 0.911019
vt 0.095868 0.913731
vt 0.094900 0.913675
vt 0.094900 0.910964
vt 0.094376 0.913690
vt 0.094376 0.910978
vt 0.093932 0.913731
vt 0.093932 0.911019
vt 0.024814 0.993907
vt 0.024814 0.991169
vt 0.085458 0.933025
vt 0.084933 0.933028
vt 0.084448 0.932827
vt 0.084077 0.932452
vt 0.083876 0.931961
vt 0.083876 0.931427
vt 0.084077 0.930932
vt 0.084448 0.930552
vt 0.084933 0.930345
vt 0.085458 0.930341
vt 0.085944 0.930542
vt 0.086315 0.930917
vt 0.086516 0.931409
vt 0.086516 0.931943
vt 0.086315 0.932437
vt 0.085944 0.932817
s 1
usemtl Material.001
f 1244/2850/905 1241/2853/906 1242/2852/906 1245/2851/905
f 1241/2853/906 1243/2855/907 1272/2854/907 1242/2852/906
f 1241/2856/908 1244/2871/908 1246/2870/908 1248/2869/908 1250/2868/908 1252/2867/908 1254/2866/908 1256/2865/908 1258/2864/908 1260/2863/908 1262/2862/908 1264/2861/908 1266/2860/908 1268/2859/908 1270/2858/908 1243/2857/908
f 1246/2872/909 1244/2850/905 1245/2851/905 1247/2873/909
f 1248/2874/910 1246/2877/909 1247/2876/909 1249/2875/910
f 1250/2878/911 1248/2874/910 1249/2875/910 1251/2879/911
f 1252/2880/912 1250/2878/911 1251/2879/911 1253/2881/912
f 1254/2882/913 1252/2880/912 1253/2881/912 1255/2883/913
f 1256/2884/914 1254/2887/913 1255/2886/913 1257/2885/914
f 1258/2888/915 1256/2884/914 1257/2885/914 1259/2889/915
f 1260/2890/916 1258/2888/915 1259/2889/915 1261/2891/916
f 1262/2892/917 1260/2890/916 1261/2891/916 1263/2893/917
f 1264/2894/918 1262/2897/917 1263/2896/917 1265/2895/918
f 1266/2898/919 1264/2894/918 1265/2895/918 1267/2899/919
f 1268/2900/920 1266/2898/919 1267/2899/919 1269/2901/920
f 1270/2902/921 1268/2900/920 1269/2901/920 1271/2903/921
f 1243/2855/907 1270/2905/921 1271/2904/921 1272/2854/907
f 1272/2906/922 1271/2921/922 1269/2920/922 1267/2919/922 1265/2918/922 1263/2917/922 1261/2916/922 1259/2915/922 1257/2914/922 1255/2913/922 1253/2912/922 1251/2911/922 1249/2910/922 1247/2909/922 1245/2908/922 1242/2907/922
o Cube.056
v -23.613731 8.758196 34.991982
v -23.613731 8.835176 34.704685
v -23.602411 8.703223 34.977253
v -23.602411 8.813168 35.006714
v -23.602411 8.890149 34.719414
v -23.570173 8.859771 35.019199
v -23.570173 8.936751 34.731903
v -23.521927 8.890909 35.027542
v -23.521927 8.967891 34.740246
v -23.465015 8.901844 35.030472
v -23.465015 8.978826 34.743176
v -23.408104 8.890909 35.027542
v -23.408104 8.967891 34.740246
v -23.359856 8.859771 35.019199
v -23.359856 8.936751 34.731903
v -23.327620 8.813168 35.006714
v -23.327620 8.890149 34.719414
v -23.316299 8.758196 34.991982
v -23.316299 8.835176 34.704685
v -23.327620 8.703223 34.977253
v -23.327620 8.780205 34.689957
v -23.359856 8.656621 34.964767
v -23.359856 8.733602 34.677467
v -23.408104 8.625482 34.956421
v -23.408104 8.702463 34.669125
v -23.465015 8.614547 34.953491
v -23.465015 8.691528 34.666195
v -23.521927 8.625482 34.956421
v -23.521927 8.702463 34.669125
v -23.570173 8.656621 34.964767
v -23.570173 8.733602 34.677467
v -23.602411 8.780205 34.689957
vn 0.9188 -0.3812 -0.1022
vn 1.0000 -0.0000 -0.0000
vn 0.9188 0.3812 0.1022
vn 0.9188 0.3813 0.1022
vn -0.0000 0.2588 -0.9659
vn 0.6875 -0.7014 -0.1879
vn 0.3490 -0.9052 -0.2425
vn -0.0000 -0.9659 -0.2588
vn -0.3490 -0.9052 -0.2426
vn -0.6875 -0.7014 -0.1879
vn -0.9188 -0.3812 -0.1021
vn -1.0000 -0.0000 -0.0000
vn -0.9188 0.3812 0.1022
vn -0.6875 0.7014 0.1879
vn -0.3490 0.9052 0.2425
vn -0.0000 0.9659 0.2588
vn 0.3490 0.9052 0.2425
vn 0.6875 0.7014 0.1879
vn -0.0000 -0.2588 0.9659
vt 0.038258 0.991173
vt 0.038258 0.993911
vt 0.037733 0.993911
vt 0.037733 0.991173
vt 0.037210 0.993911
vt 0.037210 0.991173
vt 0.040405 0.988380
vt 0.040887 0.988580
vt 0.041256 0.988954
vt 0.041456 0.989445
vt 0.041456 0.989978
vt 0.041256 0.990473
vt 0.040887 0.990854
vt 0.040405 0.991063
vt 0.039883 0.991068
vt 0.039401 0.990868
vt 0.039032 0.990494
vt 0.038832 0.990003
vt 0.038832 0.989469
vt 0.039032 0.988974
vt 0.039401 0.988593
vt 0.039883 0.988385
vt 0.038705 0.991173
vt 0.038705 0.993911
vt 0.094264 0.925550
vt 0.094264 0.922843
vt 0.094708 0.922799
vt 0.094708 0.925506
vt 0.093740 0.925566
vt 0.093740 0.922859
vt 0.093216 0.925550
vt 0.093216 0.922843
vt 0.092772 0.925506
vt 0.092772 0.922799
vt 0.095598 0.917453
vt 0.095598 0.914716
vt 0.096046 0.914714
vt 0.096046 0.917452
vt 0.095073 0.917454
vt 0.095073 0.914716
vt 0.094551 0.917453
vt 0.094551 0.914715
vt 0.094110 0.917452
vt 0.094110 0.914714
vt 0.093020 0.993078
vt 0.093020 0.990367
vt 0.093464 0.990408
vt 0.093464 0.993120
vt 0.092496 0.993064
vt 0.092496 0.990353
vt 0.091972 0.993078
vt 0.091972 0.990367
vt 0.091528 0.993120
vt 0.091528 0.990408
vt 0.036769 0.993911
vt 0.036769 0.991173
vt 0.022423 0.988380
vt 0.022948 0.988376
vt 0.023433 0.988577
vt 0.023804 0.988952
vt 0.024005 0.989444
vt 0.024005 0.989978
vt 0.023804 0.990472
vt 0.023433 0.990852
vt 0.022948 0.991060
vt 0.022423 0.991063
vt 0.021937 0.990863
vt 0.021566 0.990488
vt 0.021365 0.989996
vt 0.021365 0.989462
vt 0.021566 0.988967
vt 0.021937 0.988587
s 1
usemtl Material.001
f 1276/2922/923 1273/2925/924 1274/2924/924 1277/2923/923
f 1273/2925/924 1275/2927/926 1304/2926/925 1274/2924/924
f 1273/2928/927 1276/2943/927 1278/2942/927 1280/2941/927 1282/2940/927 1284/2939/927 1286/2938/927 1288/2937/927 1290/2936/927 1292/2935/927 1294/2934/927 1296/2933/927 1298/2932/927 1300/2931/927 1302/2930/927 1275/2929/927
f 1278/2944/928 1276/2922/923 1277/2923/923 1279/2945/928
f 1280/2946/929 1278/2949/928 1279/2948/928 1281/2947/929
f 1282/2950/930 1280/2946/929 1281/2947/929 1283/2951/930
f 1284/2952/931 1282/2950/930 1283/2951/930 1285/2953/931
f 1286/2954/932 1284/2952/931 1285/2953/931 1287/2955/932
f 1288/2956/933 1286/2959/932 1287/2958/932 1289/2957/933
f 1290/2960/934 1288/2956/933 1289/2957/933 1291/2961/934
f 1292/2962/935 1290/2960/934 1291/2961/934 1293/2963/935
f 1294/2964/936 1292/2962/935 1293/2963/935 1295/2965/936
f 1296/2966/937 1294/2969/936 1295/2968/936 1297/2967/937
f 1298/2970/938 1296/2966/937 1297/2967/937 1299/2971/938
f 1300/2972/939 1298/2970/938 1299/2971/938 1301/2973/939
f 1302/2974/940 1300/2972/939 1301/2973/939 1303/2975/940
f 1275/2927/926 1302/2977/940 1303/2976/940 1304/2926/925
f 1304/2978/941 1303/2993/941 1301/2992/941 1299/2991/941 1297/2990/941 1295/2989/941 1293/2988/941 1291/2987/941 1289/2986/941 1287/2985/941 1285/2984/941 1283/2983/941 1281/2982/941 1279/2981/941 1277/2980/941 1274/2979/941
o Cube.057
v -23.210003 7.877655 34.753979
v -23.210003 7.954636 34.466679
v -23.198683 7.822682 34.739246
v -23.198683 7.932626 34.768707
v -23.198683 8.009607 34.481411
v -23.166445 7.979229 34.781193
v -23.166445 8.056211 34.493896
v -23.118198 8.010368 34.789539
v -23.118198 8.087350 34.502239
v -23.061287 8.021303 34.792469
v -23.061287 8.098285 34.505169
v -23.004375 8.010368 34.789539
v -23.004375 8.087350 34.502239
v -22.956129 7.979229 34.781193
v -22.956129 8.056211 34.493896
v -22.923891 7.932627 34.768707
v -22.923891 8.009607 34.481411
v -22.912571 7.877655 34.753979
v -22.912571 7.954636 34.466679
v -22.923891 7.822682 34.739246
v -22.923891 7.899664 34.451950
v -22.956129 7.776079 34.726761
v -22.956129 7.853061 34.439461
v -23.004375 7.744940 34.718418
v -23.004375 7.821922 34.431118
v -23.061287 7.734006 34.715488
v -23.061287 7.810987 34.428188
v -23.118198 7.744940 34.718418
v -23.118198 7.821921 34.431118
v -23.166445 7.776079 34.726761
v -23.166445 7.853061 34.439461
v -23.198683 7.899663 34.451950
vn 0.9188 -0.3812 -0.1022
vn 1.0000 -0.0000 -0.0000
vn 0.9188 0.3812 0.1022
vn -0.0000 0.2588 -0.9659
vn 0.6875 -0.7014 -0.1879
vn 0.3490 -0.9052 -0.2425
vn -0.0000 -0.9659 -0.2588
vn -0.3490 -0.9052 -0.2426
vn -0.6875 -0.7014 -0.1879
vn -0.9188 -0.3812 -0.1022
vn -1.0000 -0.0000 -0.0000
vn -0.9188 0.3812 0.1022
vn -0.6875 0.7014 0.1879
vn -0.3490 0.9052 0.2425
vn -0.0000 0.9659 0.2588
vn 0.3490 0.9052 0.2426
vn 0.6875 0.7014 0.1879
vn -0.0000 -0.2588 0.9659
vt 0.028348 0.993910
vt 0.028348 0.991172
vt 0.028873 0.991173
vt 0.028873 0.993910
vt 0.029396 0.991172
vt 0.029396 0.993910
vt 0.092954 0.917507
vt 0.093436 0.917707
vt 0.093805 0.918081
vt 0.094005 0.918572
vt 0.094005 0.919106
vt 0.093805 0.919600
vt 0.093436 0.919981
vt 0.092954 0.920190
vt 0.092432 0.920195
vt 0.091950 0.919995
vt 0.091581 0.919621
vt 0.091381 0.919130
vt 0.091381 0.918596
vt 0.091581 0.918101
vt 0.091950 0.917720
vt 0.092432 0.917512
vt 0.027901 0.993910
vt 0.027901 0.991172
vt 0.094264 0.939912
vt 0.094264 0.937205
vt 0.094708 0.937160
vt 0.094708 0.939867
vt 0.093740 0.939927
vt 0.093740 0.937220
vt 0.093216 0.939912
vt 0.093216 0.937205
vt 0.092772 0.939867
vt 0.092772 0.937160
vt 0.077169 0.993819
vt 0.077169 0.991081
vt 0.077616 0.991080
vt 0.077616 0.993818
vt 0.076644 0.993819
vt 0.076644 0.991081
vt 0.076121 0.993819
vt 0.076121 0.991081
vt 0.075680 0.993818
vt 0.075680 0.991080
vt 0.082963 0.993805
vt 0.082963 0.991094
vt 0.083408 0.991135
vt 0.083408 0.993847
vt 0.082440 0.993791
vt 0.082440 0.991080
vt 0.081916 0.993805
vt 0.081916 0.991094
vt 0.081472 0.993847
vt 0.081472 0.991135
vt 0.029837 0.991172
vt 0.029837 0.993910
vt 0.014713 0.991060
vt 0.014188 0.991063
vt 0.013703 0.990863
vt 0.013331 0.990488
vt 0.013131 0.989996
vt 0.013131 0.989462
vt 0.013331 0.988967
vt 0.013703 0.988587
vt 0.014188 0.988380
vt 0.014713 0.988376
vt 0.015198 0.988577
vt 0.015569 0.988952
vt 0.015770 0.989444
vt 0.015770 0.989978
vt 0.015569 0.990472
vt 0.015198 0.990852
s 1
usemtl Material.001
f 1308/2994/942 1305/2997/943 1306/2996/943 1309/2995/942
f 1305/2997/943 1307/2999/944 1336/2998/944 1306/2996/943
f 1305/3000/945 1308/3015/945 1310/3014/945 1312/3013/945 1314/3012/945 1316/3011/945 1318/3010/945 1320/3009/945 1322/3008/945 1324/3007/945 1326/3006/945 1328/3005/945 1330/3004/945 1332/3003/945 1334/3002/945 1307/3001/945
f 1310/3016/946 1308/2994/942 1309/2995/942 1311/3017/946
f 1312/3018/947 1310/3021/946 1311/3020/946 1313/3019/947
f 1314/3022/948 1312/3018/947 1313/3019/947 1315/3023/948
f 1316/3024/949 1314/3022/948 1315/3023/948 1317/3025/949
f 1318/3026/950 1316/3024/949 1317/3025/949 1319/3027/950
f 1320/3028/951 1318/3031/950 1319/3030/950 1321/3029/951
f 1322/3032/952 1320/3028/951 1321/3029/951 1323/3033/952
f 1324/3034/953 1322/3032/952 1323/3033/952 1325/3035/953
f 1326/3036/954 1324/3034/953 1325/3035/953 1327/3037/954
f 1328/3038/955 1326/3041/954 1327/3040/954 1329/3039/955
f 1330/3042/956 1328/3038/955 1329/3039/955 1331/3043/956
f 1332/3044/957 1330/3042/956 1331/3043/956 1333/3045/957
f 1334/3046/958 1332/3044/957 1333/3045/957 1335/3047/958
f 1307/2999/944 1334/3049/958 1335/3048/958 1336/2998/944
f 1336/3050/959 1335/3065/959 1333/3064/959 1331/3063/959 1329/3062/959 1327/3061/959 1325/3060/959 1323/3059/959 1321/3058/959 1319/3057/959 1317/3056/959 1315/3055/959 1313/3054/959 1311/3053/959 1309/3052/959 1306/3051/959
o Cube.058
v -23.213594 8.625441 34.948929
v -23.213594 8.702421 34.661633
v -23.202272 8.570469 34.934200
v -23.202272 8.680412 34.963661
v -23.202272 8.757394 34.676361
v -23.170036 8.727015 34.976147
v -23.170036 8.803997 34.688850
v -23.121790 8.758155 34.984489
v -23.121790 8.835135 34.697193
v -23.064877 8.769089 34.987419
v -23.064877 8.846070 34.700123
v -23.007967 8.758155 34.984489
v -23.007967 8.835135 34.697193
v -22.959719 8.727015 34.976147
v -22.959719 8.803997 34.688850
v -22.927481 8.680412 34.963661
v -22.927481 8.757394 34.676361
v -22.916161 8.625441 34.948929
v -22.916161 8.702422 34.661633
v -22.927481 8.570469 34.934200
v -22.927481 8.647449 34.646904
v -22.959719 8.523866 34.921711
v -22.959719 8.600846 34.634415
v -23.007967 8.492726 34.913368
v -23.007967 8.569708 34.626072
v -23.064877 8.481791 34.910439
v -23.064877 8.558773 34.623142
v -23.121790 8.492726 34.913368
v -23.121790 8.569708 34.626072
v -23.170036 8.523866 34.921711
v -23.170036 8.600846 34.634415
v -23.202272 8.647449 34.646904
vn 0.9188 -0.3812 -0.1022
vn 0.9188 -0.3812 -0.1021
vn 1.0000 -0.0000 -0.0000
vn 0.9188 0.3812 0.1022
vn -0.0000 0.2588 -0.9659
vn 0.6875 -0.7014 -0.1879
vn 0.3490 -0.9052 -0.2425
vn -0.0000 -0.9659 -0.2588
vn -0.3490 -0.9052 -0.2425
vn -0.6875 -0.7014 -0.1879
vn -0.9188 -0.3812 -0.1022
vn -1.0000 -0.0000 -0.0000
vn -0.9188 0.3812 0.1022
vn -0.6875 0.7014 0.1879
vn -0.3490 0.9052 0.2425
vn -0.0000 0.9659 0.2588
vn 0.3490 0.9052 0.2425
vn 0.6875 0.7014 0.1879
vn -0.0000 -0.2588 0.9659
vt 0.034175 0.991173
vt 0.034175 0.993911
vt 0.033650 0.993911
vt 0.033650 0.991173
vt 0.033128 0.993911
vt 0.033128 0.991173
vt 0.092954 0.914714
vt 0.093436 0.914914
vt 0.093805 0.915288
vt 0.094005 0.915779
vt 0.094005 0.916313
vt 0.093805 0.916808
vt 0.093436 0.917188
vt 0.092954 0.917397
vt 0.092432 0.917402
vt 0.091950 0.917202
vt 0.091581 0.916828
vt 0.091381 0.916337
vt 0.091381 0.915803
vt 0.091581 0.915308
vt 0.091950 0.914928
vt 0.092432 0.914719
vt 0.034623 0.991173
vt 0.034623 0.993911
vt 0.057136 0.991692
vt 0.057136 0.988985
vt 0.057580 0.988940
vt 0.057580 0.991647
vt 0.056612 0.991708
vt 0.056612 0.989001
vt 0.056088 0.991692
vt 0.056088 0.988985
vt 0.055644 0.991647
vt 0.055644 0.988941
vt 0.019068 0.991169
vt 0.019068 0.993907
vt 0.018620 0.993908
vt 0.018620 0.991170
vt 0.019593 0.991169
vt 0.019593 0.993907
vt 0.020115 0.991169
vt 0.020115 0.993907
vt 0.020556 0.991170
vt 0.020556 0.993908
vt 0.044728 0.993118
vt 0.044728 0.990407
vt 0.045173 0.990448
vt 0.045173 0.993160
vt 0.044205 0.993104
vt 0.044205 0.990392
vt 0.043681 0.993118
vt 0.043681 0.990407
vt 0.043237 0.993160
vt 0.043237 0.990448
vt 0.032687 0.993911
vt 0.032687 0.991173
vt 0.019678 0.988380
vt 0.020203 0.988376
vt 0.020688 0.988577
vt 0.021059 0.988952
vt 0.021260 0.989444
vt 0.021260 0.989978
vt 0.021059 0.990472
vt 0.020688 0.990852
vt 0.020203 0.991060
vt 0.019678 0.991063
vt 0.019193 0.990863
vt 0.018821 0.990488
vt 0.018620 0.989996
vt 0.018620 0.989462
vt 0.018821 0.988967
vt 0.019193 0.988587
s 1
usemtl Material.001
f 1340/3066/960 1337/3069/962 1338/3068/962 1341/3067/961
f 1337/3069/962 1339/3071/963 1368/3070/963 1338/3068/962
f 1337/3072/964 1340/3087/964 1342/3086/964 1344/3085/964 1346/3084/964 1348/3083/964 1350/3082/964 1352/3081/964 1354/3080/964 1356/3079/964 1358/3078/964 1360/3077/964 1362/3076/964 1364/3075/964 1366/3074/964 1339/3073/964
f 1342/3088/965 1340/3066/960 1341/3067/961 1343/3089/965
f 1344/3090/966 1342/3093/965 1343/3092/965 1345/3091/966
f 1346/3094/967 1344/3090/966 1345/3091/966 1347/3095/967
f 1348/3096/968 1346/3094/967 1347/3095/967 1349/3097/968
f 1350/3098/969 1348/3096/968 1349/3097/968 1351/3099/969
f 1352/3100/970 1350/3103/969 1351/3102/969 1353/3101/970
f 1354/3104/971 1352/3100/970 1353/3101/970 1355/3105/971
f 1356/3106/972 1354/3104/971 1355/3105/971 1357/3107/972
f 1358/3108/973 1356/3106/972 1357/3107/972 1359/3109/973
f 1360/3110/974 1358/3113/973 1359/3112/973 1361/3111/974
f 1362/3114/975 1360/3110/974 1361/3111/974 1363/3115/975
f 1364/3116/976 1362/3114/975 1363/3115/975 1365/3117/976
f 1366/3118/977 1364/3116/976 1365/3117/976 1367/3119/977
f 1339/3071/963 1366/3121/977 1367/3120/977 1368/3070/963
f 1368/3122/978 1367/3137/978 1365/3136/978 1363/3135/978 1361/3134/978 1359/3133/978 1357/3132/978 1355/3131/978 1353/3130/978 1351/3129/978 1349/3128/978 1347/3127/978 1345/3126/978 1343/3125/978 1341/3124/978 1338/3123/978
o Cube.059
v -23.033596 8.265441 34.864773
v -23.033596 8.342422 34.577477
v -23.022274 8.210468 34.850040
v -23.022274 8.320413 34.879501
v -23.022274 8.397393 34.592205
v -22.990038 8.367016 34.891991
v -22.990038 8.443996 34.604691
v -22.941792 8.398154 34.900333
v -22.941792 8.475136 34.613037
v -22.884880 8.409089 34.903263
v -22.884880 8.486071 34.615967
v -22.827969 8.398154 34.900333
v -22.827969 8.475136 34.613037
v -22.779720 8.367016 34.891991
v -22.779720 8.443996 34.604691
v -22.747484 8.320413 34.879501
v -22.747484 8.397393 34.592205
v -22.736164 8.265441 34.864773
v -22.736164 8.342422 34.577477
v -22.747484 8.210468 34.850040
v -22.747484 8.287450 34.562744
v -22.779720 8.163866 34.837555
v -22.779720 8.240847 34.550259
v -22.827969 8.132727 34.829212
v -22.827969 8.209707 34.541916
v -22.884880 8.121792 34.826283
v -22.884880 8.198773 34.538982
v -22.941792 8.132727 34.829212
v -22.941792 8.209707 34.541916
v -22.990038 8.163866 34.837555
v -22.990038 8.240847 34.550259
v -23.022274 8.287450 34.562744
vn 0.9188 -0.3812 -0.1022
vn 1.0000 -0.0000 -0.0000
vn 0.9188 0.3812 0.1022
vn -0.0000 0.2588 -0.9659
vn 0.6875 -0.7014 -0.1879
vn 0.3490 -0.9052 -0.2425
vn -0.0000 -0.9659 -0.2588
vn -0.3490 -0.9052 -0.2425
vn -0.6875 -0.7014 -0.1879
vn -0.9188 -0.3812 -0.1022
vn -1.0000 -0.0000 -0.0000
vn -0.9188 0.3812 0.1022
vn -0.6875 0.7014 0.1879
vn -0.3490 0.9052 0.2425
vn -0.0000 0.9659 0.2588
vn 0.3490 0.9052 0.2425
vn 0.3490 0.9052 0.2426
vn 0.6875 0.7014 0.1879
vn -0.0000 -0.2588 0.9659
vt 0.039279 0.993911
vt 0.039279 0.991173
vt 0.039804 0.991173
vt 0.039804 0.993911
vt 0.040327 0.991173
vt 0.040327 0.993911
vt 0.066083 0.992941
vt 0.065601 0.992741
vt 0.065232 0.992367
vt 0.065032 0.991876
vt 0.065032 0.991342
vt 0.065232 0.990847
vt 0.065601 0.990466
vt 0.066083 0.990258
vt 0.066605 0.990253
vt 0.067087 0.990453
vt 0.067456 0.990827
vt 0.067655 0.991318
vt 0.067655 0.991852
vt 0.067456 0.992347
vt 0.067087 0.992727
vt 0.066605 0.992936
vt 0.038832 0.993911
vt 0.038832 0.991173
vt 0.094264 0.931295
vt 0.094264 0.928588
vt 0.094708 0.928543
vt 0.094708 0.931250
vt 0.093740 0.931310
vt 0.093740 0.928603
vt 0.093216 0.931295
vt 0.093216 0.928588
vt 0.092772 0.931250
vt 0.092772 0.928543
vt 0.095598 0.920298
vt 0.095598 0.917560
vt 0.096046 0.917559
vt 0.096046 0.920297
vt 0.095073 0.920299
vt 0.095073 0.917561
vt 0.094551 0.920298
vt 0.094551 0.917560
vt 0.094110 0.920297
vt 0.094110 0.917559
vt 0.094013 0.990394
vt 0.094013 0.993105
vt 0.093569 0.993064
vt 0.093569 0.990353
vt 0.094537 0.990408
vt 0.094537 0.993120
vt 0.095061 0.990394
vt 0.095061 0.993105
vt 0.095505 0.990353
vt 0.095505 0.993064
vt 0.040768 0.991173
vt 0.040768 0.993911
vt 0.025693 0.991060
vt 0.025167 0.991063
vt 0.024682 0.990863
vt 0.024311 0.990488
vt 0.024110 0.989996
vt 0.024110 0.989462
vt 0.024311 0.988967
vt 0.024682 0.988587
vt 0.025167 0.988380
vt 0.025693 0.988376
vt 0.026178 0.988577
vt 0.026549 0.988952
vt 0.026750 0.989444
vt 0.026750 0.989978
vt 0.026549 0.990472
vt 0.026178 0.990852
s 1
usemtl Material.001
f 1372/3138/979 1369/3141/980 1370/3140/980 1373/3139/979
f 1369/3141/980 1371/3143/981 1400/3142/981 1370/3140/980
f 1369/3144/982 1372/3159/982 1374/3158/982 1376/3157/982 1378/3156/982 1380/3155/982 1382/3154/982 1384/3153/982 1386/3152/982 1388/3151/982 1390/3150/982 1392/3149/982 1394/3148/982 1396/3147/982 1398/3146/982 1371/3145/982
f 1374/3160/983 1372/3138/979 1373/3139/979 1375/3161/983
f 1376/3162/984 1374/3165/983 1375/3164/983 1377/3163/984
f 1378/3166/985 1376/3162/984 1377/3163/984 1379/3167/985
f 1380/3168/986 1378/3166/985 1379/3167/985 1381/3169/986
f 1382/3170/987 1380/3168/986 1381/3169/986 1383/3171/987
f 1384/3172/988 1382/3175/987 1383/3174/987 1385/3173/988
f 1386/3176/989 1384/3172/988 1385/3173/988 1387/3177/989
f 1388/3178/990 1386/3176/989 1387/3177/989 1389/3179/990
f 1390/3180/991 1388/3178/990 1389/3179/990 1391/3181/991
f 1392/3182/992 1390/3185/991 1391/3184/991 1393/3183/992
f 1394/3186/993 1392/3182/992 1393/3183/992 1395/3187/993
f 1396/3188/994 1394/3186/993 1395/3187/993 1397/3189/995
f 1398/3190/996 1396/3188/994 1397/3189/995 1399/3191/996
f 1371/3143/981 1398/3193/996 1399/3192/996 1400/3142/981
f 1400/3194/997 1399/3209/997 1397/3208/997 1395/3207/997 1393/3206/997 1391/3205/997 1389/3204/997 1387/3203/997 1385/3202/997 1383/3201/997 1381/3200/997 1379/3199/997 1377/3198/997 1375/3197/997 1373/3196/997 1370/3195/997
o Cube.060
v -24.005598 8.625441 34.948929
v -24.005596 8.702421 34.661633
v -23.994278 8.570468 34.934200
v -23.994278 8.680412 34.963661
v -23.994276 8.757394 34.676361
v -23.962040 8.727015 34.976147
v -23.962040 8.803996 34.688850
v -23.913792 8.758155 34.984489
v -23.913792 8.835135 34.697193
v -23.856882 8.769089 34.987419
v -23.856882 8.846070 34.700123
v -23.799969 8.758155 34.984489
v -23.799969 8.835135 34.697193
v -23.751722 8.727015 34.976147
v -23.751722 8.803996 34.688850
v -23.719486 8.680412 34.963661
v -23.719486 8.757394 34.676361
v -23.708164 8.625441 34.948929
v -23.708164 8.702421 34.661633
v -23.719486 8.570469 34.934200
v -23.719486 8.647449 34.646904
v -23.751722 8.523866 34.921711
v -23.751722 8.600846 34.634415
v -23.799969 8.492726 34.913368
v -23.799969 8.569708 34.626072
v -23.856882 8.481791 34.910439
v -23.856882 8.558773 34.623142
v -23.913792 8.492726 34.913368
v -23.913792 8.569708 34.626072
v -23.962040 8.523866 34.921711
v -23.962040 8.600846 34.634415
v -23.994276 8.647449 34.646904
vn 0.9188 -0.3812 -0.1021
vn 1.0000 -0.0000 -0.0000
vn 0.9188 0.3812 0.1022
vn -0.0000 0.2588 -0.9659
vn 0.6875 -0.7014 -0.1879
vn 0.3490 -0.9052 -0.2425
vn -0.0000 -0.9659 -0.2588
vn -0.3490 -0.9052 -0.2426
vn -0.6875 -0.7014 -0.1879
vn -0.9188 -0.3812 -0.1022
vn -1.0000 -0.0000 -0.0000
vn -0.9188 0.3812 0.1022
vn -0.6875 0.7014 0.1879
vn -0.3490 0.9052 0.2425
vn -0.0000 0.9659 0.2588
vn 0.3490 0.9052 0.2425
vn 0.6875 0.7014 0.1879
vn -0.0000 -0.2588 0.9659
vt 0.032134 0.991173
vt 0.032134 0.993911
vt 0.031609 0.993911
vt 0.031609 0.991173
vt 0.031087 0.993911
vt 0.031087 0.991173
vt 0.093101 0.987560
vt 0.093583 0.987759
vt 0.093952 0.988133
vt 0.094152 0.988625
vt 0.094152 0.989158
vt 0.093952 0.989653
vt 0.093583 0.990034
vt 0.093101 0.990243
vt 0.092579 0.990247
vt 0.092097 0.990048
vt 0.091728 0.989674
vt 0.091528 0.989182
vt 0.091528 0.988649
vt 0.091728 0.988154
vt 0.092097 0.987773
vt 0.092579 0.987564
vt 0.032582 0.991173
vt 0.032582 0.993911
vt 0.094264 0.934167
vt 0.094264 0.931460
vt 0.094708 0.931416
vt 0.094708 0.934123
vt 0.093740 0.934183
vt 0.093740 0.931476
vt 0.093216 0.934167
vt 0.093216 0.931460
vt 0.092772 0.934123
vt 0.092772 0.931416
vt 0.013578 0.991169
vt 0.013578 0.993907
vt 0.013131 0.993908
vt 0.013131 0.991170
vt 0.014103 0.991169
vt 0.014103 0.993907
vt 0.014626 0.991169
vt 0.014626 0.993907
vt 0.015066 0.991170
vt 0.015066 0.993908
vt 0.068205 0.990294
vt 0.068205 0.993006
vt 0.067761 0.992964
vt 0.067761 0.990253
vt 0.068729 0.990309
vt 0.068729 0.993020
vt 0.069253 0.990294
vt 0.069253 0.993006
vt 0.069697 0.990253
vt 0.069697 0.992964
vt 0.030646 0.993911
vt 0.030646 0.991173
vt 0.017458 0.991060
vt 0.016933 0.991063
vt 0.016448 0.990863
vt 0.016076 0.990488
vt 0.015875 0.989996
vt 0.015875 0.989462
vt 0.016076 0.988967
vt 0.016448 0.988587
vt 0.016933 0.988380
vt 0.017458 0.988376
vt 0.017943 0.988577
vt 0.018314 0.988952
vt 0.018515 0.989444
vt 0.018515 0.989978
vt 0.018314 0.990472
vt 0.017943 0.990852
s 1
usemtl Material.001
f 1404/3210/998 1401/3213/999 1402/3212/999 1405/3211/998
f 1401/3213/999 1403/3215/1000 1432/3214/1000 1402/3212/999
f 1401/3216/1001 1404/3231/1001 1406/3230/1001 1408/3229/1001 1410/3228/1001 1412/3227/1001 1414/3226/1001 1416/3225/1001 1418/3224/1001 1420/3223/1001 1422/3222/1001 1424/3221/1001 1426/3220/1001 1428/3219/1001 1430/3218/1001 1403/3217/1001
f 1406/3232/1002 1404/3210/998 1405/3211/998 1407/3233/1002
f 1408/3234/1003 1406/3237/1002 1407/3236/1002 1409/3235/1003
f 1410/3238/1004 1408/3234/1003 1409/3235/1003 1411/3239/1004
f 1412/3240/1005 1410/3238/1004 1411/3239/1004 1413/3241/1005
f 1414/3242/1006 1412/3240/1005 1413/3241/1005 1415/3243/1006
f 1416/3244/1007 1414/3247/1006 1415/3246/1006 1417/3245/1007
f 1418/3248/1008 1416/3244/1007 1417/3245/1007 1419/3249/1008
f 1420/3250/1009 1418/3248/1008 1419/3249/1008 1421/3251/1009
f 1422/3252/1010 1420/3250/1009 1421/3251/1009 1423/3253/1010
f 1424/3254/1011 1422/3257/1010 1423/3256/1010 1425/3255/1011
f 1426/3258/1012 1424/3254/1011 1425/3255/1011 1427/3259/1012
f 1428/3260/1013 1426/3258/1012 1427/3259/1012 1429/3261/1013
f 1430/3262/1014 1428/3260/1013 1429/3261/1013 1431/3263/1014
f 1403/3215/1000 1430/3265/1014 1431/3264/1014 1432/3214/1000
f 1432/3266/1015 1431/3281/1015 1429/3280/1015 1427/3279/1015 1425/3278/1015 1423/3277/1015 1421/3276/1015 1419/3275/1015 1417/3274/1015 1415/3273/1015 1413/3272/1015 1411/3271/1015 1409/3270/1015 1407/3269/1015 1405/3268/1015 1402/3267/1015
o Cube.061
v -24.185593 8.265440 34.864773
v -24.185593 8.342422 34.577477
v -24.174273 8.210468 34.850040
v -24.174273 8.320413 34.879501
v -24.174273 8.397393 34.592205
v -24.142035 8.367016 34.891991
v -24.142035 8.443996 34.604691
v -24.093788 8.398154 34.900333
v -24.093788 8.475136 34.613037
v -24.036877 8.409089 34.903263
v -24.036877 8.486071 34.615967
v -23.979965 8.398154 34.900333
v -23.979965 8.475136 34.613037
v -23.931719 8.367016 34.891991
v -23.931719 8.443996 34.604691
v -23.899481 8.320413 34.879501
v -23.899481 8.397393 34.592205
v -23.888161 8.265440 34.864773
v -23.888161 8.342422 34.577477
v -23.899481 8.210468 34.850040
v -23.899481 8.287450 34.562744
v -23.931719 8.163865 34.837555
v -23.931719 8.240847 34.550259
v -23.979965 8.132727 34.829212
v -23.979965 8.209707 34.541916
v -24.036877 8.121792 34.826283
v -24.036877 8.198772 34.538982
v -24.093788 8.132727 34.829212
v -24.093788 8.209707 34.541916
v -24.142035 8.163865 34.837555
v -24.142035 8.240847 34.550259
v -24.174273 8.287450 34.562744
vn 0.9188 -0.3812 -0.1022
vn 1.0000 -0.0000 -0.0000
vn 0.9188 0.3812 0.1022
vn -0.0000 0.2588 -0.9659
vn 0.6875 -0.7014 -0.1879
vn 0.3490 -0.9052 -0.2425
vn -0.0000 -0.9659 -0.2588
vn -0.3490 -0.9052 -0.2426
vn -0.6875 -0.7014 -0.1879
vn -0.9188 -0.3812 -0.1022
vn -1.0000 -0.0000 -0.0000
vn -0.9188 0.3812 0.1022
vn -0.6875 0.7014 0.1879
vn -0.3490 0.9052 0.2425
vn -0.0000 0.9659 0.2588
vn 0.3490 0.9052 0.2425
vn 0.6875 0.7014 0.1879
vn -0.0000 -0.2588 0.9659
vt 0.041320 0.993911
vt 0.041320 0.991173
vt 0.041845 0.991173
vt 0.041845 0.993911
vt 0.042368 0.991173
vt 0.042368 0.993911
vt 0.032218 0.988380
vt 0.032701 0.988580
vt 0.033070 0.988954
vt 0.033269 0.989445
vt 0.033269 0.989978
vt 0.033070 0.990473
vt 0.032701 0.990854
vt 0.032218 0.991063
vt 0.031697 0.991068
vt 0.031214 0.990868
vt 0.030845 0.990494
vt 0.030646 0.990003
vt 0.030646 0.989469
vt 0.030845 0.988974
vt 0.031214 0.988593
vt 0.031697 0.988385
vt 0.040873 0.993911
vt 0.040873 0.991173
vt 0.094264 0.928422
vt 0.094264 0.925716
vt 0.094708 0.925671
vt 0.094708 0.928378
vt 0.093740 0.928438
vt 0.093740 0.925731
vt 0.093216 0.928423
vt 0.093216 0.925716
vt 0.092772 0.928378
vt 0.092772 0.925671
vt 0.018068 0.993908
vt 0.018068 0.991170
vt 0.018515 0.991169
vt 0.018515 0.993907
vt 0.017543 0.993908
vt 0.017543 0.991170
vt 0.017020 0.993908
vt 0.017020 0.991170
vt 0.016579 0.993907
vt 0.016579 0.991169
vt 0.045722 0.990434
vt 0.045722 0.993145
vt 0.045278 0.993104
vt 0.045278 0.990392
vt 0.046246 0.990448
vt 0.046246 0.993160
vt 0.046770 0.990434
vt 0.046770 0.993145
vt 0.047214 0.990392
vt 0.047214 0.993104
vt 0.042809 0.991173
vt 0.042809 0.993911
vt 0.028958 0.988383
vt 0.029483 0.988380
vt 0.029968 0.988581
vt 0.030340 0.988956
vt 0.030540 0.989448
vt 0.030540 0.989981
vt 0.030340 0.990476
vt 0.029968 0.990856
vt 0.029483 0.991063
vt 0.028958 0.991067
vt 0.028473 0.990866
vt 0.028102 0.990491
vt 0.027901 0.989999
vt 0.027901 0.989465
vt 0.028102 0.988971
vt 0.028473 0.988591
s 1
usemtl Material.001
f 1436/3282/1016 1433/3285/1017 1434/3284/1017 1437/3283/1016
f 1433/3285/1017 1435/3287/1018 1464/3286/1018 1434/3284/1017
f 1433/3288/1019 1436/3303/1019 1438/3302/1019 1440/3301/1019 1442/3300/1019 1444/3299/1019 1446/3298/1019 1448/3297/1019 1450/3296/1019 1452/3295/1019 1454/3294/1019 1456/3293/1019 1458/3292/1019 1460/3291/1019 1462/3290/1019 1435/3289/1019
f 1438/3304/1020 1436/3282/1016 1437/3283/1016 1439/3305/1020
f 1440/3306/1021 1438/3309/1020 1439/3308/1020 1441/3307/1021
f 1442/3310/1022 1440/3306/1021 1441/3307/1021 1443/3311/1022
f 1444/3312/1023 1442/3310/1022 1443/3311/1022 1445/3313/1023
f 1446/3314/1024 1444/3312/1023 1445/3313/1023 1447/3315/1024
f 1448/3316/1025 1446/3319/1024 1447/3318/1024 1449/3317/1025
f 1450/3320/1026 1448/3316/1025 1449/3317/1025 1451/3321/1026
f 1452/3322/1027 1450/3320/1026 1451/3321/1026 1453/3323/1027
f 1454/3324/1028 1452/3322/1027 1453/3323/1027 1455/3325/1028
f 1456/3326/1029 1454/3329/1028 1455/3328/1028 1457/3327/1029
f 1458/3330/1030 1456/3326/1029 1457/3327/1029 1459/3331/1030
f 1460/3332/1031 1458/3330/1030 1459/3331/1030 1461/3333/1031
f 1462/3334/1032 1460/3332/1031 1461/3333/1031 1463/3335/1032
f 1435/3287/1018 1462/3337/1032 1463/3336/1032 1464/3286/1018
f 1464/3338/1033 1463/3353/1033 1461/3352/1033 1459/3351/1033 1457/3350/1033 1455/3349/1033 1453/3348/1033 1451/3347/1033 1449/3346/1033 1447/3345/1033 1445/3344/1033 1443/3343/1033 1441/3342/1033 1439/3341/1033 1437/3340/1033 1434/3339/1033
o Cube.062
v -24.038002 7.877655 34.753979
v -24.038002 7.954636 34.466679
v -24.026682 7.822682 34.739246
v -24.026682 7.932626 34.768707
v -24.026682 8.009607 34.481411
v -23.994446 7.979229 34.781193
v -23.994446 8.056211 34.493896
v -23.946198 8.010368 34.789539
v -23.946198 8.087350 34.502239
v -23.889288 8.021303 34.792469
v -23.889288 8.098284 34.505169
v -23.832376 8.010368 34.789539
v -23.832376 8.087350 34.502239
v -23.784128 7.979229 34.781193
v -23.784128 8.056211 34.493896
v -23.751892 7.932626 34.768707
v -23.751892 8.009607 34.481411
v -23.740572 7.877655 34.753979
v -23.740572 7.954636 34.466679
v -23.751892 7.822682 34.739246
v -23.751892 7.899664 34.451950
v -23.784128 7.776079 34.726761
v -23.784128 7.853061 34.439461
v -23.832376 7.744940 34.718418
v -23.832376 7.821921 34.431118
v -23.889288 7.734006 34.715488
v -23.889288 7.810987 34.428188
v -23.946198 7.744940 34.718418
v -23.946198 7.821921 34.431118
v -23.994446 7.776079 34.726761
v -23.994446 7.853061 34.439461
v -24.026682 7.899663 34.451950
vn 0.9188 -0.3812 -0.1022
vn 1.0000 -0.0000 -0.0000
vn 0.9188 0.3812 0.1022
vn -0.0000 0.2588 -0.9659
vn 0.6875 -0.7014 -0.1879
vn 0.3490 -0.9052 -0.2426
vn -0.0000 -0.9659 -0.2588
vn -0.3490 -0.9052 -0.2425
vn -0.6875 -0.7014 -0.1879
vn -0.9188 -0.3812 -0.1022
vn -1.0000 -0.0000 -0.0000
vn -0.9188 0.3812 0.1022
vn -0.6875 0.7014 0.1879
vn -0.3490 0.9052 0.2425
vn -0.0000 0.9659 0.2588
vn 0.3490 0.9052 0.2426
vn 0.6875 0.7014 0.1879
vn -0.0000 -0.2588 0.9659
vt 0.036217 0.991173
vt 0.036217 0.993911
vt 0.035692 0.993911
vt 0.035692 0.991173
vt 0.035169 0.993911
vt 0.035169 0.991173
vt 0.037676 0.988380
vt 0.038158 0.988580
vt 0.038527 0.988954
vt 0.038727 0.989445
vt 0.038727 0.989978
vt 0.038527 0.990473
vt 0.038158 0.990854
vt 0.037676 0.991063
vt 0.037154 0.991068
vt 0.036672 0.990868
vt 0.036303 0.990494
vt 0.036103 0.990003
vt 0.036103 0.989469
vt 0.036303 0.988974
vt 0.036672 0.988593
vt 0.037154 0.988385
vt 0.036664 0.991173
vt 0.036664 0.993911
vt 0.094264 0.937039
vt 0.094264 0.934332
vt 0.094708 0.934288
vt 0.094708 0.936995
vt 0.093740 0.937055
vt 0.093740 0.934348
vt 0.093216 0.937039
vt 0.093216 0.934332
vt 0.092772 0.936995
vt 0.092772 0.934288
vt 0.085669 0.991089
vt 0.085669 0.993827
vt 0.085222 0.993829
vt 0.085222 0.991091
vt 0.086194 0.991089
vt 0.086194 0.993827
vt 0.086717 0.991090
vt 0.086717 0.993827
vt 0.087158 0.991091
vt 0.087158 0.993829
vt 0.079213 0.993806
vt 0.079213 0.991094
vt 0.079657 0.991135
vt 0.079657 0.993847
vt 0.078689 0.993791
vt 0.078689 0.991080
vt 0.078165 0.993806
vt 0.078165 0.991094
vt 0.077721 0.993847
vt 0.077721 0.991135
vt 0.034728 0.993911
vt 0.034728 0.991173
vt 0.087678 0.930345
vt 0.088203 0.930341
vt 0.088688 0.930542
vt 0.089060 0.930917
vt 0.089261 0.931409
vt 0.089261 0.931943
vt 0.089060 0.932437
vt 0.088688 0.932817
vt 0.088203 0.933025
vt 0.087678 0.933028
vt 0.087193 0.932827
vt 0.086822 0.932452
vt 0.086621 0.931961
vt 0.086621 0.931427
vt 0.086822 0.930932
vt 0.087193 0.930552
s 1
usemtl Material.001
f 1468/3354/1034 1465/3357/1035 1466/3356/1035 1469/3355/1034
f 1465/3357/1035 1467/3359/1036 1496/3358/1036 1466/3356/1035
f 1465/3360/1037 1468/3375/1037 1470/3374/1037 1472/3373/1037 1474/3372/1037 1476/3371/1037 1478/3370/1037 1480/3369/1037 1482/3368/1037 1484/3367/1037 1486/3366/1037 1488/3365/1037 1490/3364/1037 1492/3363/1037 1494/3362/1037 1467/3361/1037
f 1470/3376/1038 1468/3354/1034 1469/3355/1034 1471/3377/1038
f 1472/3378/1039 1470/3381/1038 1471/3380/1038 1473/3379/1039
f 1474/3382/1040 1472/3378/1039 1473/3379/1039 1475/3383/1040
f 1476/3384/1041 1474/3382/1040 1475/3383/1040 1477/3385/1041
f 1478/3386/1042 1476/3384/1041 1477/3385/1041 1479/3387/1042
f 1480/3388/1043 1478/3391/1042 1479/3390/1042 1481/3389/1043
f 1482/3392/1044 1480/3388/1043 1481/3389/1043 1483/3393/1044
f 1484/3394/1045 1482/3392/1044 1483/3393/1044 1485/3395/1045
f 1486/3396/1046 1484/3394/1045 1485/3395/1045 1487/3397/1046
f 1488/3398/1047 1486/3401/1046 1487/3400/1046 1489/3399/1047
f 1490/3402/1048 1488/3398/1047 1489/3399/1047 1491/3403/1048
f 1492/3404/1049 1490/3402/1048 1491/3403/1048 1493/3405/1049
f 1494/3406/1050 1492/3404/1049 1493/3405/1049 1495/3407/1050
f 1467/3359/1036 1494/3409/1050 1495/3408/1050 1496/3358/1036
f 1496/3410/1051 1495/3425/1051 1493/3424/1051 1491/3423/1051 1489/3422/1051 1487/3421/1051 1485/3420/1051 1483/3419/1051 1481/3418/1051 1479/3417/1051 1477/3416/1051 1475/3415/1051 1473/3414/1051 1471/3413/1051 1469/3412/1051 1466/3411/1051
o Cube.063
v 14.999999 11.837946 30.144600
v 14.999998 16.270628 31.454372
v 16.303192 11.837946 30.403822
v 13.696808 11.837946 30.403820
v 14.198035 16.270628 31.613892
v 12.592015 11.837946 31.142019
v 13.518163 16.270628 32.068169
v 11.853817 11.837946 32.246811
v 13.063887 16.270626 32.748039
v 11.594596 11.837945 33.550003
v 12.904366 16.270626 33.550003
v 11.853817 11.837945 34.853195
v 13.063887 16.270626 34.351967
v 12.592016 11.837945 35.957989
v 13.518163 16.270626 35.031841
v 13.696808 11.837945 36.696186
v 14.198035 16.270626 35.486115
v 14.999999 11.837945 36.955406
v 14.999998 16.270626 35.645638
v 16.303192 11.837946 36.696186
v 15.801962 16.270626 35.486115
v 17.407982 11.837946 35.957989
v 16.481834 16.270628 35.031841
v 18.146179 11.837946 34.853195
v 16.936110 16.270628 34.351967
v 18.405401 11.837946 33.550003
v 17.095631 16.270628 33.550003
v 18.146179 11.837946 32.246811
v 16.936110 16.270628 32.748039
v 17.407982 11.837946 31.142019
v 16.481834 16.270628 32.068169
v 15.801962 16.270628 31.613892
vn 0.3207 -0.2830 0.9039
vn 0.3508 -0.2833 0.8926
vn -0.0000 -0.2834 0.9590
vn -0.3508 -0.2833 0.8926
vn -0.3207 -0.2830 0.9039
vn -0.0000 1.0000 -0.0000
vn 0.6467 -0.2831 0.7083
vn 0.6728 -0.2834 0.6834
vn 0.8769 -0.2833 0.3883
vn 0.8854 -0.2834 0.3684
vn 0.9590 -0.2834 -0.0000
vn 0.8769 -0.2833 -0.3883
vn 0.8854 -0.2834 -0.3684
vn 0.6467 -0.2831 -0.7083
vn 0.6728 -0.2834 -0.6834
vn 0.3207 -0.2830 -0.9039
vn 0.3508 -0.2833 -0.8926
vn -0.0000 -0.2834 -0.9590
vn -0.3207 -0.2830 -0.9039
vn -0.3508 -0.2833 -0.8926
vn -0.6467 -0.2831 -0.7083
vn -0.6728 -0.2834 -0.6834
vn -0.8769 -0.2833 -0.3883
vn -0.8854 -0.2834 -0.3684
vn -0.9590 -0.2834 -0.0000
vn -0.8769 -0.2833 0.3883
vn -0.8854 -0.2834 0.3684
vn -0.6467 -0.2831 0.7083
vn -0.6728 -0.2834 0.6834
vn -0.0000 -1.0000 -0.0000
vt 0.181035 0.661804
vt 0.160437 0.658488
vt 0.160578 0.655044
vt 0.181265 0.656209
vt 0.160578 0.651317
vt 0.181265 0.650152
vt 0.129670 0.658527
vt 0.129670 0.652470
vt 0.131988 0.646875
vt 0.136271 0.642592
vt 0.141866 0.640274
vt 0.147923 0.640274
vt 0.153518 0.642592
vt 0.157801 0.646875
vt 0.160119 0.652470
vt 0.160119 0.658527
vt 0.157801 0.664122
vt 0.153518 0.668405
vt 0.147923 0.670722
vt 0.141866 0.670722
vt 0.136271 0.668405
vt 0.131988 0.664122
vt 0.180609 0.666087
vt 0.160175 0.661123
vt 0.160294 0.683387
vt 0.180954 0.680478
vt 0.181164 0.683118
vt 0.160635 0.687678
vt 0.160175 0.677788
vt 0.180880 0.677033
vt 0.160294 0.671733
vt 0.180954 0.673306
vt 0.160635 0.666143
vt 0.181164 0.669867
vt 0.129790 0.688023
vt 0.150450 0.685114
vt 0.150660 0.687754
vt 0.130131 0.692313
vt 0.129670 0.682424
vt 0.150376 0.681668
vt 0.129790 0.676368
vt 0.150450 0.677942
vt 0.130131 0.670779
vt 0.150660 0.674502
vt 0.165770 0.687734
vt 0.166935 0.708189
vt 0.163492 0.708255
vt 0.160175 0.687841
vt 0.171827 0.687734
vt 0.170662 0.708189
vt 0.177422 0.687841
vt 0.174105 0.708255
vt 0.181035 0.644557
vt 0.160437 0.647874
vt 0.160175 0.645238
vt 0.180609 0.640274
vt 0.184984 0.706471
vt 0.181540 0.705045
vt 0.178905 0.702409
vt 0.177478 0.698966
vt 0.177478 0.695239
vt 0.178905 0.691795
vt 0.181540 0.689160
vt 0.184984 0.687734
vt 0.188711 0.687734
vt 0.192154 0.689160
vt 0.194789 0.691795
vt 0.196216 0.695239
vt 0.196216 0.698966
vt 0.194789 0.702409
vt 0.192154 0.705045
vt 0.188711 0.706471
s 1
usemtl Material.001
f 1500/3426/1052 1497/3429/1054 1498/3428/1054 1501/3427/1053
f 1497/3429/1054 1499/3431/1056 1528/3430/1055 1498/3428/1054
f 1497/3432/1057 1500/3447/1057 1502/3446/1057 1504/3445/1057 1506/3444/1057 1508/3443/1057 1510/3442/1057 1512/3441/1057 1514/3440/1057 1516/3439/1057 1518/3438/1057 1520/3437/1057 1522/3436/1057 1524/3435/1057 1526/3434/1057 1499/3433/1057
f 1502/3448/1058 1500/3426/1052 1501/3427/1053 1503/3449/1059
f 1504/3450/1060 1502/3453/1058 1503/3452/1059 1505/3451/1061
f 1506/3454/1062 1504/3450/1060 1505/3451/1061 1507/3455/1062
f 1508/3456/1063 1506/3454/1062 1507/3455/1062 1509/3457/1064
f 1510/3458/1065 1508/3456/1063 1509/3457/1064 1511/3459/1066
f 1512/3460/1067 1510/3463/1065 1511/3462/1066 1513/3461/1068
f 1514/3464/1069 1512/3460/1067 1513/3461/1068 1515/3465/1069
f 1516/3466/1070 1514/3464/1069 1515/3465/1069 1517/3467/1071
f 1518/3468/1072 1516/3466/1070 1517/3467/1071 1519/3469/1073
f 1520/3470/1074 1518/3473/1072 1519/3472/1073 1521/3471/1075
f 1522/3474/1076 1520/3470/1074 1521/3471/1075 1523/3475/1076
f 1524/3476/1077 1522/3474/1076 1523/3475/1076 1525/3477/1078
f 1526/3478/1079 1524/3481/1077 1525/3480/1078 1527/3479/1080
f 1499/3431/1056 1526/3478/1079 1527/3479/1080 1528/3430/1055
f 1528/3482/1081 1527/3497/1081 1525/3496/1081 1523/3495/1081 1521/3494/1081 1519/3493/1081 1517/3492/1081 1515/3491/1081 1513/3490/1081 1511/3489/1081 1509/3488/1081 1507/3487/1081 1505/3486/1081 1503/3485/1081 1501/3484/1081 1498/3483/1081
o Cube.064
v 15.000003 -2.127469 31.858234
v 15.000003 -1.431948 32.019012
v 15.615267 -2.127469 31.980618
v 14.384739 -2.127469 31.980618
v 14.446266 -1.431948 32.129154
v 13.863144 -2.127469 32.329136
v 13.976830 -1.431949 32.442822
v 13.514626 -2.127469 32.850731
v 13.663163 -1.431949 32.912258
v 13.392241 -2.127470 33.465996
v 13.553018 -1.431949 33.465996
v 13.514626 -2.127470 34.081261
v 13.663162 -1.431949 34.019733
v 13.863144 -2.127470 34.602856
v 13.976830 -1.431949 34.489170
v 14.384739 -2.127470 34.951374
v 14.446266 -1.431949 34.802834
v 15.000003 -2.127470 35.073757
v 15.000003 -1.431949 34.912979
v 15.615267 -2.127469 34.951374
v 15.553740 -1.431949 34.802834
v 16.136862 -2.127469 34.602856
v 16.023176 -1.431949 34.489170
v 16.485380 -2.127469 34.081261
v 16.336843 -1.431949 34.019733
v 16.607763 -2.127469 33.465996
v 16.446987 -1.431948 33.465996
v 16.485380 -2.127469 32.850731
v 16.336843 -1.431948 32.912258
v 16.136862 -2.127469 32.329136
v 16.023176 -1.431948 32.442822
v 15.553740 -1.431948 32.129154
v 15.716223 -1.095949 32.749775
v 15.387618 -1.095949 32.530209
v 15.935789 -1.095949 33.078381
v 15.787846 -0.591948 32.678150
v 15.426380 -0.591948 32.436630
v 16.029369 -0.591948 33.039619
v 15.709060 -0.171948 32.756935
v 15.383742 -0.171948 32.539566
v 15.926433 -0.171948 33.082256
v 15.354532 0.164053 33.111465
v 15.191872 0.164053 33.002781
v 15.463218 0.164053 33.274124
v 15.354529 8.564054 33.111465
v 15.191871 8.564054 33.002781
v 15.463216 8.564054 33.274128
v 15.354527 16.124056 33.111469
v 15.463214 16.124056 33.274128
v 15.191869 16.124056 33.002781
v 14.999998 16.124056 32.964619
v 14.808128 16.124056 33.002781
v 15.000001 8.564054 32.964615
v 15.000002 0.164053 32.964615
v 14.808131 8.564054 33.002781
v 14.645471 8.564054 33.111465
v 14.808132 0.164053 33.002781
v 14.645472 0.164053 33.111465
v 14.616262 -0.171949 32.539566
v 14.290943 -0.171949 32.756935
v 14.573625 -0.591949 32.436630
v 15.000002 -0.171948 32.463234
v 15.000002 -0.591948 32.351818
v 15.000002 -1.095949 32.453106
v 14.612387 -1.095949 32.530209
v 14.283781 -1.095949 32.749775
v 14.212159 -0.591949 32.678154
v 14.064214 -1.095949 33.078381
v 13.987112 -1.095950 33.465996
v 13.970635 -0.591949 33.039619
v 13.885824 -0.591949 33.465996
v 14.073572 -0.171949 33.082256
v 13.997242 -0.171949 33.465996
v 14.536787 0.164053 33.274124
v 14.536786 8.564054 33.274124
v 14.498622 0.164053 33.465996
v 14.536787 0.164053 33.657864
v 14.498621 8.564054 33.465996
v 14.536786 8.564054 33.657867
v 14.498618 16.124056 33.465996
v 14.536783 16.124056 33.657867
v 14.536783 16.124056 33.274128
v 14.645469 16.124056 33.111469
v 14.645469 16.124056 33.820526
v 14.808128 16.124056 33.929214
v 14.645471 8.564054 33.820526
v 14.808131 8.564054 33.929211
v 14.645473 0.164053 33.820526
v 14.808132 0.164053 33.929211
v 14.290943 -0.171949 34.175053
v 14.616262 -0.171949 34.392426
v 14.212159 -0.591949 34.253838
v 14.073572 -0.171949 33.849735
v 13.970635 -0.591949 33.892372
v 14.064214 -1.095950 33.853611
v 14.283781 -1.095950 34.182217
v 14.612387 -1.095950 34.401783
v 15.000002 -1.095950 34.478886
v 14.573625 -0.591949 34.495361
v 15.000002 -0.591949 34.580173
v 15.426380 -0.591949 34.495361
v 15.000002 -0.171949 34.468758
v 15.000002 0.164053 33.967377
v 15.383742 -0.171949 34.392426
v 15.709060 -0.171949 34.175053
v 15.191872 0.164053 33.929211
v 15.354532 0.164053 33.820526
v 15.191871 8.564054 33.929211
v 15.354529 8.564054 33.820526
v 15.000001 8.564054 33.967377
v 15.191869 16.124056 33.929214
v 14.999998 16.124056 33.967377
v 15.354527 16.124056 33.820526
v 15.463214 16.124056 33.657867
v 15.501379 16.124056 33.465996
v 15.463216 8.564054 33.657867
v 15.501381 8.564054 33.465996
v 15.463218 0.164053 33.657864
v 15.501383 0.164053 33.465996
v 15.926433 -0.171949 33.849735
v 16.002762 -0.171948 33.465996
v 16.029369 -0.591949 33.892372
v 16.114182 -0.591948 33.465996
v 15.935789 -1.095949 33.853611
v 15.787846 -0.591949 34.253838
v 15.716223 -1.095949 34.182217
v 15.387618 -1.095949 34.401783
v 16.012892 -1.095949 33.465996
vn 0.3286 -0.2250 0.9173
vn 0.2885 -0.5390 0.7913
vn -0.0000 -0.5010 0.8654
vn -0.0000 -0.2252 0.9743
vn -0.2885 -0.5390 0.7913
vn -0.3286 -0.2250 0.9173
vn -0.0000 1.0000 -0.0000
vn 0.6596 -0.2250 0.7171
vn 0.5533 -0.5741 0.6036
vn 0.8918 -0.2252 0.3924
vn 0.7418 -0.5836 0.3304
vn 0.9743 -0.2252 -0.0000
vn 0.8110 -0.5850 -0.0000
vn 0.8918 -0.2252 -0.3924
vn 0.7418 -0.5836 -0.3304
vn 0.6596 -0.2250 -0.7171
vn 0.5533 -0.5741 -0.6036
vn 0.3286 -0.2250 -0.9173
vn 0.2885 -0.5390 -0.7913
vn -0.0000 -0.2252 -0.9743
vn -0.0000 -0.5010 -0.8654
vn -0.3286 -0.2250 -0.9173
vn -0.2885 -0.5390 -0.7913
vn -0.6596 -0.2250 -0.7171
vn -0.5533 -0.5741 -0.6036
vn -0.8918 -0.2252 -0.3924
vn -0.7418 -0.5836 -0.3304
vn -0.9743 -0.2252 -0.0000
vn -0.8110 -0.5850 -0.0000
vn -0.8918 -0.2252 0.3924
vn -0.7418 -0.5836 0.3304
vn -0.6596 -0.2250 0.7171
vn -0.5533 -0.5741 0.6036
vn -0.3479 -0.4100 0.8431
vn -0.6457 -0.4312 0.6303
vn -0.8305 -0.4469 0.3325
vn -0.3371 -0.0304 0.9410
vn -0.6766 -0.0315 0.7357
vn -0.9148 -0.0317 0.4026
vn -0.2801 -0.5808 0.7643
vn -0.5302 -0.6207 0.5776
vn -0.7075 -0.6324 0.3155
vn -0.3186 -0.5316 0.7848
vn -0.5944 -0.5502 0.5865
vn -0.7648 -0.5657 0.3083
vn -0.3490 -0.0000 0.9371
vn -0.6875 -0.0000 0.7261
vn -0.9188 -0.0000 0.3947
vn -0.0000 -1.0000 -0.0000
vn -0.0000 -0.0000 1.0000
vn 0.3490 -0.0000 0.9371
vn -0.0000 -0.5344 0.8453
vn 0.3186 -0.5316 0.7848
vn 0.6875 -0.0000 0.7261
vn 0.5944 -0.5502 0.5865
vn 0.2801 -0.5808 0.7643
vn 0.5302 -0.6207 0.5776
vn -0.0000 -0.5389 0.8424
vn 0.3371 -0.0304 0.9410
vn 0.6766 -0.0315 0.7357
vn -0.0000 -0.0287 0.9996
vn -0.0000 -0.4080 0.9130
vn 0.3479 -0.4100 0.8431
vn 0.6457 -0.4312 0.6303
vn 0.8305 -0.4469 0.3325
vn 0.9148 -0.0317 0.4026
vn 0.8919 -0.4523 -0.0000
vn 0.9995 -0.0317 -0.0000
vn 0.7731 -0.6343 -0.0000
vn 0.7075 -0.6324 0.3155
vn 0.8209 -0.5711 -0.0000
vn 0.7648 -0.5657 0.3083
vn 0.9188 -0.0000 0.3947
vn 1.0000 -0.0000 -0.0000
vn 0.7648 -0.5657 -0.3083
vn 0.9188 -0.0000 -0.3947
vn 0.7075 -0.6324 -0.3155
vn 0.6875 -0.0000 -0.7261
vn 0.3490 -0.0000 -0.9371
vn 0.5944 -0.5502 -0.5865
vn 0.3186 -0.5316 -0.7848
vn 0.5302 -0.6207 -0.5776
vn 0.2801 -0.5808 -0.7643
vn 0.6766 -0.0315 -0.7357
vn 0.3371 -0.0304 -0.9410
vn 0.9148 -0.0317 -0.4026
vn 0.8305 -0.4469 -0.3325
vn 0.6457 -0.4312 -0.6303
vn 0.3479 -0.4100 -0.8431
vn -0.0000 -0.4080 -0.9130
vn -0.0000 -0.0287 -0.9996
vn -0.0000 -0.5389 -0.8424
vn -0.3371 -0.0304 -0.9410
vn -0.2801 -0.5808 -0.7643
vn -0.3479 -0.4100 -0.8431
vn -0.0000 -0.5344 -0.8453
vn -0.3186 -0.5316 -0.7848
vn -0.5302 -0.6207 -0.5776
vn -0.5944 -0.5502 -0.5865
vn -0.6766 -0.0315 -0.7357
vn -0.6875 -0.0000 -0.7261
vn -0.3490 -0.0000 -0.9371
vn -0.0000 -0.0000 -1.0000
vn -0.9188 -0.0000 -0.3947
vn -1.0000 -0.0000 -0.0000
vn -0.7648 -0.5657 -0.3083
vn -0.8209 -0.5711 -0.0000
vn -0.7075 -0.6324 -0.3155
vn -0.7731 -0.6343 -0.0000
vn -0.9148 -0.0317 -0.4026
vn -0.9995 -0.0317 -0.0000
vn -0.8305 -0.4469 -0.3325
vn -0.8919 -0.4523 -0.0000
vn -0.6457 -0.4312 -0.6303
vt 0.190452 0.655290
vt 0.193667 0.655697
vt 0.193569 0.658075
vt 0.190343 0.657932
vt 0.193569 0.660648
vt 0.190343 0.660791
vt 0.181220 0.674761
vt 0.181220 0.671901
vt 0.182314 0.669259
vt 0.184336 0.667238
vt 0.186978 0.666143
vt 0.189837 0.666143
vt 0.192479 0.667238
vt 0.194501 0.669259
vt 0.195595 0.671901
vt 0.195595 0.674761
vt 0.194501 0.677402
vt 0.192479 0.679424
vt 0.189837 0.680518
vt 0.186978 0.680518
vt 0.184336 0.679424
vt 0.182314 0.677402
vt 0.190653 0.653268
vt 0.193848 0.653878
vt 0.142097 0.700511
vt 0.145319 0.700167
vt 0.145464 0.701990
vt 0.142258 0.702536
vt 0.142040 0.697867
vt 0.145268 0.697788
vt 0.142097 0.695008
vt 0.145319 0.695215
vt 0.142258 0.692369
vt 0.145464 0.692840
vt 0.138616 0.700511
vt 0.141839 0.700167
vt 0.141984 0.701990
vt 0.138777 0.702536
vt 0.138560 0.697867
vt 0.141788 0.697788
vt 0.138616 0.695008
vt 0.141839 0.695215
vt 0.138777 0.692369
vt 0.141984 0.692840
vt 0.145520 0.697870
vt 0.148721 0.697727
vt 0.148766 0.700105
vt 0.145571 0.700512
vt 0.145520 0.695011
vt 0.148721 0.695154
vt 0.145571 0.692369
vt 0.148766 0.692776
vt 0.190452 0.663433
vt 0.193667 0.663026
vt 0.193848 0.664846
vt 0.190653 0.665455
vt 0.193274 0.650407
vt 0.191455 0.652227
vt 0.190355 0.650582
vt 0.191629 0.649308
vt 0.194259 0.648030
vt 0.192318 0.647644
vt 0.129739 0.699157
vt 0.129670 0.697493
vt 0.131911 0.697583
vt 0.131987 0.699413
vt 0.181252 0.682232
vt 0.181311 0.680959
vt 0.183594 0.680575
vt 0.183529 0.681976
vt 0.133866 0.697484
vt 0.133934 0.699131
vt 0.132126 0.700815
vt 0.134059 0.700392
vt 0.189605 0.655212
vt 0.190287 0.656859
vt 0.188046 0.657305
vt 0.187704 0.656482
vt 0.188344 0.653951
vt 0.187074 0.655851
vt 0.196272 0.687768
vt 0.197096 0.687734
vt 0.197096 0.725833
vt 0.196272 0.725866
vt 0.155203 0.743477
vt 0.154572 0.743448
vt 0.154572 0.705201
vt 0.155203 0.705230
vt 0.197096 0.760122
vt 0.196272 0.760155
vt 0.154572 0.670779
vt 0.155203 0.670808
vt 0.191632 0.685058
vt 0.190809 0.684716
vt 0.190178 0.684086
vt 0.189837 0.683262
vt 0.189837 0.682370
vt 0.190178 0.681546
vt 0.190809 0.680916
vt 0.191632 0.680575
vt 0.192524 0.680575
vt 0.193348 0.680916
vt 0.193978 0.681546
vt 0.194320 0.682370
vt 0.194320 0.683262
vt 0.193978 0.684086
vt 0.193348 0.684716
vt 0.192524 0.685058
vt 0.197988 0.725833
vt 0.197988 0.760122
vt 0.198811 0.725866
vt 0.198811 0.760155
vt 0.197988 0.687734
vt 0.198811 0.687768
vt 0.199442 0.725929
vt 0.199442 0.760218
vt 0.199442 0.687830
vt 0.189605 0.660290
vt 0.188344 0.661552
vt 0.187074 0.659651
vt 0.187704 0.659021
vt 0.190287 0.658643
vt 0.188046 0.658197
vt 0.131987 0.693770
vt 0.132126 0.692369
vt 0.134059 0.692791
vt 0.133934 0.694053
vt 0.131911 0.695601
vt 0.133866 0.695700
vt 0.129670 0.695691
vt 0.129739 0.694027
vt 0.189077 0.653212
vt 0.186503 0.653212
vt 0.186890 0.651271
vt 0.188691 0.651271
vt 0.184126 0.652227
vt 0.185225 0.650582
vt 0.129866 0.692753
vt 0.134310 0.700431
vt 0.134184 0.699157
vt 0.136432 0.699413
vt 0.136571 0.700815
vt 0.182306 0.650407
vt 0.183951 0.649308
vt 0.181321 0.648030
vt 0.183262 0.647644
vt 0.134115 0.697493
vt 0.136356 0.697583
vt 0.138311 0.697484
vt 0.138378 0.699131
vt 0.138504 0.700392
vt 0.186696 0.662234
vt 0.184913 0.662234
vt 0.185358 0.659993
vt 0.186250 0.659993
vt 0.154516 0.743166
vt 0.153886 0.743229
vt 0.153886 0.705130
vt 0.154516 0.705068
vt 0.153062 0.743263
vt 0.153062 0.705164
vt 0.152170 0.743263
vt 0.152170 0.705164
vt 0.183265 0.661552
vt 0.184535 0.659651
vt 0.152170 0.670875
vt 0.153062 0.670875
vt 0.153886 0.670841
vt 0.154516 0.670779
vt 0.151346 0.705130
vt 0.151346 0.670841
vt 0.150716 0.705068
vt 0.150716 0.670779
vt 0.151346 0.743229
vt 0.150716 0.743166
vt 0.182004 0.660290
vt 0.181321 0.658643
vt 0.183563 0.658197
vt 0.183904 0.659021
vt 0.136432 0.693770
vt 0.136571 0.692369
vt 0.138504 0.692791
vt 0.138378 0.694053
vt 0.136356 0.695601
vt 0.138311 0.695700
vt 0.134115 0.695691
vt 0.134184 0.694027
vt 0.181321 0.645456
vt 0.182306 0.643079
vt 0.183951 0.644178
vt 0.183262 0.645842
vt 0.134310 0.692753
vt 0.184126 0.641259
vt 0.185225 0.642904
vt 0.185586 0.685961
vt 0.185517 0.684297
vt 0.187758 0.684387
vt 0.187834 0.686218
vt 0.186503 0.640274
vt 0.186890 0.642215
vt 0.189713 0.684288
vt 0.189781 0.685935
vt 0.187758 0.682405
vt 0.189713 0.682504
vt 0.185517 0.682495
vt 0.181321 0.656859
vt 0.183563 0.657305
vt 0.182004 0.655212
vt 0.183904 0.656482
vt 0.183265 0.653951
vt 0.184535 0.655851
vt 0.187834 0.680575
vt 0.189781 0.680857
vt 0.200322 0.760155
vt 0.199498 0.760122
vt 0.199498 0.722023
vt 0.200322 0.722057
vt 0.201214 0.760155
vt 0.201214 0.722057
vt 0.199498 0.687734
vt 0.200322 0.687768
vt 0.201214 0.687768
vt 0.157742 0.705230
vt 0.156918 0.705246
vt 0.156918 0.670824
vt 0.157742 0.670808
vt 0.156027 0.705246
vt 0.156027 0.670824
vt 0.156918 0.743493
vt 0.156027 0.743493
vt 0.157742 0.743477
vt 0.184913 0.653268
vt 0.186696 0.653268
vt 0.186250 0.655510
vt 0.185358 0.655510
vt 0.183494 0.685788
vt 0.183494 0.683807
vt 0.185429 0.683906
vt 0.185429 0.685689
vt 0.183529 0.687619
vt 0.185461 0.687337
vt 0.181220 0.685698
vt 0.181220 0.683897
vt 0.181252 0.687362
vt 0.185586 0.680831
vt 0.191455 0.641259
vt 0.193274 0.643079
vt 0.191629 0.644178
vt 0.190355 0.642904
vt 0.189077 0.640274
vt 0.188691 0.642215
vt 0.194259 0.645456
vt 0.192318 0.645842
vt 0.185461 0.682258
vt 0.202037 0.722023
vt 0.202037 0.687734
vt 0.202037 0.760122
s 1
usemtl Material.001
f 1532/3498/1082 1529/3501/1085 1530/3500/1084 1533/3499/1083
f 1529/3501/1085 1531/3503/1087 1560/3502/1086 1530/3500/1084
f 1529/3504/1088 1532/3519/1088 1534/3518/1088 1536/3517/1088 1538/3516/1088 1540/3515/1088 1542/3514/1088 1544/3513/1088 1546/3512/1088 1548/3511/1088 1550/3510/1088 1552/3509/1088 1554/3508/1088 1556/3507/1088 1558/3506/1088 1531/3505/1088
f 1534/3520/1089 1532/3498/1082 1533/3499/1083 1535/3521/1090
f 1536/3522/1091 1534/3525/1089 1535/3524/1090 1537/3523/1092
f 1538/3526/1093 1536/3522/1091 1537/3523/1092 1539/3527/1094
f 1540/3528/1095 1538/3526/1093 1539/3527/1094 1541/3529/1096
f 1542/3530/1097 1540/3528/1095 1541/3529/1096 1543/3531/1098
f 1544/3532/1099 1542/3535/1097 1543/3534/1098 1545/3533/1100
f 1546/3536/1101 1544/3532/1099 1545/3533/1100 1547/3537/1102
f 1548/3538/1103 1546/3536/1101 1547/3537/1102 1549/3539/1104
f 1550/3540/1105 1548/3538/1103 1549/3539/1104 1551/3541/1106
f 1552/3542/1107 1550/3545/1105 1551/3544/1106 1553/3543/1108
f 1554/3546/1109 1552/3542/1107 1553/3543/1108 1555/3547/1110
f 1556/3548/1111 1554/3546/1109 1555/3547/1110 1557/3549/1112
f 1558/3550/1113 1556/3553/1111 1557/3552/1112 1559/3551/1114
f 1531/3503/1087 1558/3550/1113 1559/3551/1114 1560/3502/1086
f 1559/3554/1114 1561/3557/1116 1562/3556/1115 1560/3555/1086
f 1557/3558/1112 1563/3559/1117 1561/3557/1116 1559/3554/1114
f 1561/3560/1116 1564/3563/1119 1565/3562/1118 1562/3561/1115
f 1563/3564/1117 1566/3567/1120 1564/3566/1119 1561/3565/1116
f 1564/3563/1119 1567/3569/1122 1568/3568/1121 1565/3562/1118
f 1566/3570/1120 1569/3571/1123 1567/3569/1122 1564/3563/1119
f 1567/3572/1122 1570/3575/1125 1571/3574/1124 1568/3573/1121
f 1569/3576/1123 1572/3577/1126 1570/3575/1125 1567/3572/1122
f 1570/3578/1125 1573/3581/1128 1574/3580/1127 1571/3579/1124
f 1572/3582/1126 1575/3585/1129 1573/3584/1128 1570/3583/1125
f 1573/3581/1128 1576/3587/1128 1578/3586/1127 1574/3580/1127
f 1575/3585/1129 1577/3589/1129 1576/3588/1128 1573/3584/1128
f 1578/3590/1130 1576/3605/1130 1577/3604/1130 1643/3603/1130 1642/3602/1130 1641/3601/1130 1639/3600/1130 1640/3599/1130 1613/3598/1130 1612/3597/1130 1609/3596/1130 1608/3595/1130 1610/3594/1130 1611/3593/1130 1580/3592/1130 1579/3591/1130
f 1574/3580/1127 1578/3586/1127 1579/3607/1131 1581/3606/1131
f 1581/3606/1131 1579/3607/1131 1580/3609/1132 1583/3608/1132
f 1582/3610/1133 1581/3606/1131 1583/3608/1132 1585/3611/1134
f 1571/3579/1124 1574/3580/1127 1581/3606/1131 1582/3610/1133
f 1583/3608/1132 1580/3609/1132 1611/3613/1135 1584/3612/1135
f 1585/3611/1134 1583/3608/1132 1584/3612/1135 1586/3614/1136
f 1587/3615/1137 1585/3618/1134 1586/3617/1136 1588/3616/1138
f 1590/3619/1139 1582/3620/1133 1585/3618/1134 1587/3615/1137
f 1589/3621/1140 1587/3624/1137 1588/3623/1138 1595/3622/1141
f 1591/3625/1142 1590/3626/1139 1587/3624/1137 1589/3621/1140
f 1565/3562/1118 1568/3568/1121 1590/3626/1139 1591/3625/1142
f 1568/3573/1121 1571/3574/1124 1582/3620/1133 1590/3619/1139
f 1592/3627/1143 1591/3625/1142 1589/3621/1140 1593/3628/1144
f 1562/3561/1115 1565/3562/1118 1591/3625/1142 1592/3627/1143
f 1530/3629/1084 1592/3632/1143 1593/3631/1144 1533/3630/1083
f 1560/3555/1086 1562/3556/1115 1592/3632/1143 1530/3629/1084
f 1533/3630/1083 1593/3631/1144 1594/3634/1145 1535/3633/1090
f 1593/3628/1144 1589/3621/1140 1595/3622/1141 1594/3635/1145
f 1594/3636/1145 1595/3639/1141 1598/3638/1147 1596/3637/1146
f 1535/3633/1090 1594/3634/1145 1596/3641/1146 1537/3640/1092
f 1537/3640/1092 1596/3641/1146 1597/3643/1148 1539/3642/1094
f 1596/3637/1146 1598/3638/1147 1599/3645/1149 1597/3644/1148
f 1598/3638/1147 1600/3647/1151 1601/3646/1150 1599/3645/1149
f 1595/3639/1141 1588/3648/1138 1600/3647/1151 1598/3638/1147
f 1600/3649/1151 1602/3652/1153 1604/3651/1152 1601/3650/1150
f 1588/3616/1138 1586/3617/1136 1602/3652/1153 1600/3649/1151
f 1586/3653/1136 1584/3656/1135 1603/3655/1154 1602/3654/1153
f 1602/3654/1153 1603/3655/1154 1606/3658/1155 1604/3657/1152
f 1604/3657/1152 1606/3658/1155 1607/3660/1157 1605/3659/1156
f 1601/3650/1150 1604/3651/1152 1605/3662/1156 1621/3661/1158
f 1606/3658/1155 1608/3664/1155 1609/3663/1157 1607/3660/1157
f 1603/3655/1154 1610/3665/1154 1608/3664/1155 1606/3658/1155
f 1584/3656/1135 1611/3666/1135 1610/3665/1154 1603/3655/1154
f 1607/3660/1157 1609/3663/1157 1612/3668/1159 1614/3667/1159
f 1614/3667/1159 1612/3668/1159 1613/3670/1160 1615/3669/1160
f 1616/3671/1161 1614/3667/1159 1615/3669/1160 1617/3672/1162
f 1605/3659/1156 1607/3660/1157 1614/3667/1159 1616/3671/1161
f 1618/3673/1163 1616/3676/1161 1617/3675/1162 1619/3674/1164
f 1621/3661/1158 1605/3662/1156 1616/3676/1161 1618/3673/1163
f 1620/3677/1165 1618/3680/1163 1619/3679/1164 1627/3678/1166
f 1622/3681/1167 1621/3682/1158 1618/3680/1163 1620/3677/1165
f 1599/3645/1149 1601/3646/1150 1621/3682/1158 1622/3681/1167
f 1623/3683/1168 1622/3681/1167 1620/3677/1165 1624/3684/1169
f 1597/3644/1148 1599/3645/1149 1622/3681/1167 1623/3683/1168
f 1541/3685/1096 1623/3688/1168 1624/3687/1169 1543/3686/1098
f 1539/3642/1094 1597/3643/1148 1623/3688/1168 1541/3685/1096
f 1624/3684/1169 1620/3677/1165 1627/3678/1166 1625/3689/1170
f 1543/3686/1098 1624/3687/1169 1625/3691/1170 1545/3690/1100
f 1625/3692/1170 1627/3695/1166 1628/3694/1172 1626/3693/1171
f 1545/3690/1100 1625/3691/1170 1626/3697/1171 1547/3696/1102
f 1627/3695/1166 1619/3699/1164 1630/3698/1173 1628/3694/1172
f 1628/3694/1172 1630/3698/1173 1632/3701/1175 1629/3700/1174
f 1626/3693/1171 1628/3694/1172 1629/3700/1174 1655/3702/1176
f 1619/3674/1164 1617/3675/1162 1631/3704/1177 1630/3703/1173
f 1630/3703/1173 1631/3704/1177 1634/3706/1178 1632/3705/1175
f 1632/3705/1175 1634/3706/1178 1635/3708/1180 1633/3707/1179
f 1629/3700/1174 1632/3701/1175 1633/3710/1179 1653/3709/1181
f 1634/3711/1178 1636/3714/1183 1637/3713/1182 1635/3712/1180
f 1631/3715/1177 1638/3716/1184 1636/3714/1183 1634/3711/1178
f 1636/3714/1183 1639/3718/1183 1641/3717/1182 1637/3713/1182
f 1638/3716/1184 1640/3719/1184 1639/3718/1183 1636/3714/1183
f 1637/3720/1182 1641/3723/1182 1642/3722/1185 1644/3721/1185
f 1644/3721/1185 1642/3722/1185 1643/3725/1186 1645/3724/1186
f 1646/3726/1187 1644/3721/1185 1645/3724/1186 1647/3727/1188
f 1635/3728/1180 1637/3720/1182 1644/3721/1185 1646/3726/1187
f 1648/3729/1189 1646/3732/1187 1647/3731/1188 1649/3730/1190
f 1633/3707/1179 1635/3708/1180 1646/3732/1187 1648/3729/1189
f 1650/3733/1191 1648/3736/1189 1649/3735/1190 1651/3734/1192
f 1653/3737/1181 1633/3738/1179 1648/3736/1189 1650/3733/1191
f 1652/3739/1193 1650/3733/1191 1651/3734/1192 1656/3740/1194
f 1654/3741/1195 1653/3737/1181 1650/3733/1191 1652/3739/1193
f 1655/3702/1176 1629/3700/1174 1653/3709/1181 1654/3742/1195
f 1551/3743/1106 1654/3746/1195 1652/3745/1193 1553/3744/1108
f 1549/3747/1104 1655/3748/1176 1654/3746/1195 1551/3743/1106
f 1547/3696/1102 1626/3697/1171 1655/3748/1176 1549/3747/1104
f 1553/3744/1108 1652/3745/1193 1656/3750/1194 1555/3749/1110
f 1656/3740/1194 1651/3734/1192 1566/3567/1120 1563/3564/1117
f 1555/3749/1110 1656/3750/1194 1563/3559/1117 1557/3558/1112
f 1651/3734/1192 1649/3735/1190 1569/3751/1123 1566/3567/1120
f 1649/3730/1190 1647/3731/1188 1572/3577/1126 1569/3576/1123
f 1647/3727/1188 1645/3724/1186 1575/3585/1129 1572/3582/1126
f 1645/3724/1186 1643/3725/1186 1577/3589/1129 1575/3585/1129
f 1615/3752/1160 1613/3753/1160 1640/3719/1184 1638/3716/1184
f 1617/3754/1162 1615/3752/1160 1638/3716/1184 1631/3715/1177
o Cube.065
v -30.319508 1.630007 -28.699997
v -30.319510 14.370008 -28.699995
v -29.713289 1.630007 -28.349998
v -30.925726 1.630007 -28.349998
v -30.925728 14.370008 -28.349995
v -30.925726 1.630007 -27.649998
v -30.925728 14.370008 -27.649996
v -30.319508 1.630007 -27.299997
v -30.319510 14.370008 -27.299995
v -29.713289 1.630007 -27.649998
v -29.713291 14.370008 -27.649996
v -29.713291 14.370008 -28.349995
v -29.955778 15.070675 -27.789995
v -30.319510 15.070675 -27.579996
v -29.955778 15.070675 -28.209995
v -30.319510 15.070675 -28.419996
v -30.683239 15.070675 -28.209995
v -30.683239 15.070675 -27.789995
vn 0.7902 -0.0000 0.6129
vn 0.7631 -0.1900 0.6178
vn 0.4943 -0.1504 0.8562
vn 0.5000 -0.0000 0.8660
vn -0.5000 -0.0000 0.8660
vn -0.4943 -0.1504 0.8562
vn -0.7631 -0.1900 0.6178
vn -0.7902 -0.0000 0.6129
vn -0.0000 1.0000 -0.0000
vn 0.7902 -0.0000 -0.6129
vn 0.7631 -0.1900 -0.6178
vn 0.5000 -0.0000 -0.8660
vn 0.4943 -0.1504 -0.8562
vn -0.7902 -0.0000 -0.6129
vn -0.7631 -0.1900 -0.6178
vn -0.4943 -0.1504 -0.8562
vn -0.5000 -0.0000 -0.8660
vn -0.7617 -0.3699 0.5319
vn -0.7617 -0.3699 -0.5319
vn -0.4725 -0.3270 -0.8184
vn -0.0000 -1.0000 -0.0000
vn -0.4725 -0.3270 0.8184
vn 0.7617 -0.3699 0.5319
vn 0.4725 -0.3270 0.8184
vn 0.7617 -0.3699 -0.5319
vn 0.4725 -0.3270 -0.8184
vt 0.473097 0.935567
vt 0.473097 0.950320
vt 0.469409 0.950320
vt 0.469409 0.935567
vt 0.504147 0.962703
vt 0.504147 0.977455
vt 0.496771 0.977455
vt 0.496771 0.962703
vt 0.495809 0.975731
vt 0.490325 0.978898
vt 0.484840 0.975731
vt 0.484840 0.969399
vt 0.490325 0.966232
vt 0.495809 0.969399
vt 0.480474 0.935567
vt 0.480474 0.950320
vt 0.484162 0.935567
vt 0.484162 0.950320
vt 0.459700 0.969213
vt 0.459700 0.983965
vt 0.452324 0.983965
vt 0.452324 0.969213
vt 0.463388 0.969213
vt 0.463388 0.983965
vt 0.483937 0.954066
vt 0.490325 0.950378
vt 0.490325 0.953329
vt 0.486492 0.955541
vt 0.483937 0.961442
vt 0.486492 0.959967
vt 0.494157 0.955541
vt 0.494157 0.959967
vt 0.490325 0.962180
vt 0.496712 0.954066
vt 0.496712 0.961442
vt 0.490325 0.965130
s 1
usemtl Material.001
f 1660/3755/1196 1657/3758/1199 1658/3757/1198 1661/3756/1197
f 1657/3759/1200 1659/3762/1203 1668/3761/1202 1658/3760/1201
f 1657/3763/1204 1660/3768/1204 1662/3767/1204 1664/3766/1204 1666/3765/1204 1659/3764/1204
f 1662/3769/1205 1660/3755/1196 1661/3756/1197 1663/3770/1206
f 1664/3771/1207 1662/3769/1205 1663/3770/1206 1665/3772/1208
f 1666/3773/1209 1664/3776/1212 1665/3775/1211 1667/3774/1210
f 1659/3777/1203 1666/3773/1209 1667/3774/1210 1668/3778/1202
f 1667/3779/1210 1669/3782/1214 1671/3781/1213 1668/3780/1202
f 1665/3783/1211 1670/3784/1215 1669/3782/1214 1667/3779/1210
f 1671/3781/1216 1669/3782/1216 1670/3784/1216 1674/3787/1216 1673/3786/1216 1672/3785/1216
f 1668/3780/1202 1671/3781/1213 1672/3785/1217 1658/3788/1201
f 1658/3788/1198 1672/3785/1219 1673/3786/1218 1661/3789/1197
f 1661/3789/1197 1673/3786/1218 1674/3787/1220 1663/3790/1206
f 1663/3790/1206 1674/3787/1220 1670/3784/1221 1665/3783/1208
o Cube.066
v -31.285034 11.532640 -30.232382
v -31.078907 11.550662 -30.620573
v -30.815144 11.878444 -29.883617
v -31.532158 11.024488 -30.682051
v -30.027246 11.430859 -30.645483
v -28.847307 11.532640 -31.245836
v -30.225908 10.922707 -31.115295
v -29.834372 11.776663 -30.181549
v -28.931448 11.878445 -30.666739
v -29.619614 12.065244 -29.664978
v -29.270718 12.167026 -29.919834
v -29.562532 12.171028 -29.527678
v -30.046358 12.167026 -29.597374
v -30.158783 12.021902 -30.148872
v -30.729862 11.807535 -30.361500
v -29.831776 11.920120 -30.175011
v -29.991304 11.705754 -30.558735
v -29.582617 12.021902 -30.388409
v -29.330599 11.807536 -30.943226
v -29.268097 11.550663 -31.373398
v -29.379669 11.173194 -31.737352
v -30.134577 11.448881 -30.903360
v -30.282148 11.071412 -31.252352
v -31.262482 11.173193 -30.954599
v -30.425486 10.693943 -31.603100
v -29.559004 10.795725 -32.073139
v -30.524637 10.321700 -31.841597
v -31.369816 10.795724 -31.320318
v -31.676657 10.516336 -31.174383
v -31.263193 10.423482 -31.644361
v -31.533119 10.015222 -31.610611
v -30.934540 10.008734 -32.014854
v -31.090687 9.456884 -32.109367
v -30.696577 9.252162 -32.255470
v -30.607533 9.906952 -32.040993
v -30.358374 10.008734 -32.254383
v -30.315044 9.456884 -32.431828
v -29.863930 10.423483 -32.226089
v -29.649424 10.015223 -32.393734
v -29.238928 10.516337 -32.187836
v -30.552347 9.913441 -31.908546
v -30.418869 10.414556 -31.587479
v -30.663942 9.355103 -32.176971
v -28.997505 11.024488 -31.735798
vn 0.5365 -0.8068 0.2474
vn 0.3228 -0.7821 0.5330
vn 0.3689 -0.7024 0.6087
vn 0.7028 -0.6129 0.3610
vn 0.3259 -0.9250 0.1954
vn 0.2122 -0.8733 0.4385
vn -0.1370 0.7645 -0.6299
vn -0.2460 0.7569 -0.6054
vn -0.2128 0.8240 -0.5251
vn -0.0673 0.8155 -0.5749
vn -0.1718 0.7036 -0.6896
vn -0.2617 0.7086 -0.6552
vn -0.3591 0.7356 -0.5745
vn -0.3469 0.8073 -0.4775
vn -0.3672 0.7050 -0.6068
vn -0.3966 0.8206 -0.4116
vn -0.1861 0.8296 -0.5265
vn 0.0107 0.8102 -0.5860
vn -0.1047 0.8084 -0.5793
vn 0.0479 -0.9683 0.2450
vn 0.0384 -0.9155 0.4004
vn -0.0715 -0.9521 0.2972
vn 0.2102 -0.8114 0.5454
vn 0.1458 -0.8888 0.4344
vn 0.0800 -0.8757 0.4763
vn 0.1763 -0.9225 0.3433
vn 0.3026 -0.9403 0.1558
vn -0.0883 -0.9268 0.3651
vn 0.1633 -0.9679 0.1911
vn 0.0467 -0.7659 0.6413
vn 0.2419 -0.7523 0.6128
vn -0.2093 -0.7880 0.5790
vn 0.3992 -0.7020 0.5898
vn 0.2547 -0.7087 0.6579
vn -0.2372 -0.6017 0.7627
vn -0.2423 -0.6149 0.7504
vn 0.2731 -0.6557 0.7040
vn 0.3688 -0.6395 0.6746
vn 0.0763 -0.6156 0.7844
vn 0.2115 -0.4595 0.8626
vn 0.2695 -0.5841 0.7656
vn 0.3392 -0.5098 0.7906
vn 0.6877 -0.4633 0.5589
vn 0.5679 -0.3125 0.7615
vn 0.2216 -0.4271 0.8766
vn 0.2865 -0.2399 0.9276
vn 0.2543 -0.4302 0.8662
vn 0.3757 -0.2574 0.8903
vn 0.3886 -0.3782 0.8402
vn 0.4249 -0.2467 0.8710
vn 0.1532 -0.3054 0.9398
vn -0.0452 -0.4233 0.9049
vn -0.3953 0.6457 -0.6533
vn -0.2820 0.6522 -0.7036
vn -0.2914 0.5663 -0.7710
vn -0.4489 0.5672 -0.6905
vn -0.2355 0.5957 -0.7679
vn -0.5077 0.5445 -0.6676
vn -0.1804 0.5749 -0.7981
vn -0.1173 0.5435 -0.8312
vn -0.1785 0.6726 -0.7182
vn -0.3266 0.6364 -0.6988
vt 0.308116 0.509790
vt 0.306720 0.507272
vt 0.309676 0.504401
vt 0.312096 0.505926
vt 0.303436 0.511499
vt 0.303243 0.508541
vt 0.248518 0.429273
vt 0.256050 0.421853
vt 0.259438 0.425230
vt 0.253610 0.430973
vt 0.244173 0.425493
vt 0.252002 0.417779
vt 0.263501 0.414517
vt 0.265187 0.419571
vt 0.259752 0.410149
vt 0.265193 0.426278
vt 0.262849 0.428584
vt 0.260426 0.430973
vt 0.263865 0.429598
vt 0.297073 0.511499
vt 0.298517 0.508541
vt 0.335526 0.409937
vt 0.335350 0.405374
vt 0.338187 0.404396
vt 0.298908 0.504322
vt 0.296853 0.506668
vt 0.338010 0.409937
vt 0.294162 0.500565
vt 0.294778 0.505257
vt 0.293893 0.510048
vt 0.352267 0.416963
vt 0.355247 0.415687
vt 0.355448 0.420785
vt 0.352538 0.423826
vt 0.292040 0.507077
vt 0.294968 0.496950
vt 0.301049 0.501880
vt 0.352538 0.411625
vt 0.355448 0.411722
vt 0.297457 0.493669
vt 0.303772 0.498805
vt 0.295646 0.491478
vt 0.292295 0.495895
vt 0.306467 0.495705
vt 0.312138 0.501096
vt 0.300386 0.490775
vt 0.304095 0.489244
vt 0.308841 0.493001
vt 0.313176 0.497220
vt 0.315410 0.501476
vt 0.316808 0.496257
vt 0.312965 0.492074
vt 0.316524 0.489330
vt 0.311301 0.490201
vt 0.314904 0.486100
vt 0.309226 0.488789
vt 0.311490 0.484908
vt 0.304583 0.485520
vt 0.299589 0.487581
vt 0.255442 0.406334
vt 0.247990 0.413671
vt 0.244662 0.410230
vt 0.250411 0.404570
vt 0.241356 0.406765
vt 0.243700 0.404459
vt 0.238833 0.415973
vt 0.238933 0.409154
vt 0.240459 0.421091
vt 0.240616 0.406006
s 1
usemtl Material.001
f 1675/3791/1222 1678/3794/1225 1698/3793/1224 1676/3792/1223
f 1676/3792/1223 1689/3796/1227 1677/3795/1226 1675/3791/1222
f 1675/3797/1228 1677/3800/1231 1682/3799/1230 1679/3798/1229
f 1678/3801/1232 1675/3797/1228 1679/3798/1229 1681/3802/1233
f 1679/3798/1229 1682/3799/1230 1683/3804/1235 1680/3803/1234
f 1681/3802/1233 1679/3798/1229 1680/3803/1234 1718/3805/1236
f 1682/3799/1230 1684/3807/1238 1685/3806/1237 1683/3804/1235
f 1677/3800/1231 1687/3808/1239 1684/3807/1238 1682/3799/1230
f 1684/3807/1238 1686/3809/1240 1685/3806/1237
f 1687/3808/1239 1686/3809/1240 1684/3807/1238
f 1689/3796/1227 1688/3811/1242 1687/3810/1241 1677/3795/1226
f 1688/3812/1242 1686/3814/1243 1687/3813/1241
f 1691/3815/1244 1690/3816/1245 1688/3811/1242 1689/3796/1227
f 1690/3817/1245 1686/3814/1243 1688/3812/1242
f 1693/3818/1246 1692/3819/1247 1690/3816/1245 1691/3815/1244
f 1692/3819/1247 1686/3820/1248 1690/3816/1245
f 1683/3821/1249 1685/3824/1250 1692/3823/1247 1693/3822/1246
f 1685/3825/1250 1686/3820/1248 1692/3819/1247
f 1694/3826/1251 1693/3818/1246 1691/3815/1244 1696/3827/1252
f 1680/3828/1253 1683/3821/1249 1693/3822/1246 1694/3829/1251
f 1695/3830/1254 1694/3826/1251 1696/3827/1252 1697/3831/1255
f 1718/3832/1256 1680/3833/1253 1694/3826/1251 1695/3830/1257
f 1696/3827/1252 1691/3815/1244 1689/3796/1227 1676/3792/1223
f 1697/3831/1255 1696/3827/1252 1676/3792/1223 1698/3793/1224
f 1699/3834/1258 1697/3831/1255 1698/3793/1224 1702/3835/1259
f 1700/3836/1260 1695/3830/1254 1697/3831/1255 1699/3834/1258
f 1699/3834/1258 1701/3838/1262 1712/3837/1261 1700/3836/1260
f 1702/3835/1259 1704/3839/1263 1701/3838/1262 1699/3834/1258
f 1678/3794/1225 1703/3840/1264 1702/3835/1259 1698/3793/1224
f 1703/3840/1264 1705/3841/1265 1704/3839/1263 1702/3835/1259
f 1705/3841/1265 1707/3843/1267 1706/3842/1266 1704/3839/1263
f 1704/3839/1263 1706/3842/1266 1709/3844/1268 1701/3838/1262
f 1707/3843/1267 1708/3845/1269 1706/3842/1266
f 1706/3842/1266 1708/3845/1269 1709/3844/1268
f 1701/3838/1262 1709/3844/1268 1710/3846/1270 1712/3837/1261
f 1709/3844/1268 1708/3845/1269 1710/3846/1270
f 1710/3846/1270 1708/3845/1269 1711/3847/1271
f 1712/3837/1261 1710/3846/1270 1711/3847/1271 1713/3848/1272
f 1700/3836/1260 1712/3837/1261 1713/3848/1272 1714/3849/1273
f 1714/3850/1274 1713/3853/1277 1715/3852/1276 1716/3851/1275
f 1713/3853/1277 1711/3855/1279 1717/3854/1278 1715/3852/1276
f 1715/3852/1276 1717/3854/1278 1707/3857/1281 1705/3856/1280
f 1716/3851/1275 1715/3852/1276 1705/3856/1280 1703/3858/1282
f 1717/3854/1278 1708/3859/1283 1707/3857/1281
f 1711/3855/1279 1708/3859/1283 1717/3854/1278
f 1703/3858/1282 1678/3801/1232 1681/3802/1233 1716/3851/1275
f 1716/3851/1275 1681/3802/1233 1718/3805/1236 1714/3850/1274
f 1714/3849/1273 1718/3832/1256 1695/3830/1257 1700/3836/1260
o Cube.067
v -27.878513 12.848081 -25.494881
v -28.053152 12.866103 -25.091539
v -28.374620 13.193885 -25.805220
v -27.596449 12.339930 -25.066263
v -29.099512 12.746299 -24.983177
v -30.228037 12.848081 -24.290995
v -28.864159 12.238147 -24.530628
v -29.328629 13.092103 -25.430325
v -30.190161 13.193885 -24.874950
v -29.583740 13.380684 -25.928205
v -29.911289 13.482467 -25.646437
v -29.651546 13.486469 -26.060537
v -29.163715 13.482467 -26.029493
v -29.007837 13.337342 -25.488668
v -28.421675 13.122976 -25.322073
v -29.331736 13.235561 -25.436634
v -29.142229 13.021194 -25.066793
v -29.563156 13.337342 -25.204123
v -29.770309 13.122976 -24.631041
v -29.798445 12.866103 -24.197262
v -29.658318 12.488633 -23.843319
v -28.972038 12.764321 -24.734644
v -28.797211 12.386852 -24.398478
v -27.843628 12.488634 -24.773155
v -28.626467 12.009383 -24.060219
v -29.452875 12.111165 -23.522837
v -28.508684 11.637140 -23.830351
v -27.707582 12.111165 -24.417114
v -27.413303 11.831778 -24.586966
v -27.788130 11.738922 -24.085627
v -27.521736 11.330663 -24.140711
v -28.086313 11.324174 -23.690203
v -27.923153 10.772325 -23.608389
v -28.304413 10.567603 -23.431440
v -28.410213 11.222392 -23.638172
v -28.641634 11.324173 -23.405661
v -28.670729 10.772324 -23.225336
v -29.136765 11.738922 -23.394594
v -29.337276 11.330662 -23.210438
v -29.762827 11.831777 -23.383085
v -28.475744 11.228881 -23.765816
v -28.634302 11.729996 -24.075266
v -28.343182 10.670543 -23.507101
v -30.039396 12.339929 -23.814514
vn -0.5559 -0.8057 -0.2047
vn -0.3646 -0.7841 -0.5022
vn -0.4184 -0.7020 -0.5762
vn -0.7292 -0.6132 -0.3038
vn -0.3438 -0.9237 -0.1691
vn -0.2453 -0.8748 -0.4178
vn 0.1856 0.7659 0.6156
vn 0.2936 0.7568 0.5840
vn 0.2542 0.8238 0.5067
vn 0.1119 0.8157 0.5675
vn 0.2260 0.7035 0.6738
vn 0.3125 0.7087 0.6326
vn 0.4040 0.7344 0.5454
vn 0.3832 0.8069 0.4496
vn 0.4142 0.7051 0.5756
vn 0.4269 0.8210 0.3791
vn 0.2250 0.8298 0.5106
vn 0.0357 0.8101 0.5851
vn 0.1342 0.8064 0.5759
vn -0.0769 -0.9683 -0.2377
vn -0.0590 -0.9147 -0.3997
vn 0.0461 -0.9527 -0.3004
vn -0.2527 -0.8112 -0.5273
vn -0.1790 -0.8873 -0.4251
vn -0.1088 -0.8768 -0.4683
vn -0.1991 -0.9233 -0.3285
vn -0.3184 -0.9389 -0.1306
vn 0.0604 -0.9258 -0.3731
vn -0.1769 -0.9679 -0.1784
vn -0.0823 -0.7677 -0.6355
vn -0.2900 -0.7520 -0.5920
vn 0.1641 -0.7814 -0.6020
vn -0.4448 -0.7020 -0.5562
vn -0.3054 -0.7087 -0.6359
vn 0.1753 -0.6003 -0.7803
vn 0.1826 -0.6163 -0.7661
vn -0.3279 -0.6554 -0.6804
vn -0.4218 -0.6395 -0.6427
vn -0.1196 -0.6134 -0.7806
vn -0.2743 -0.4565 -0.8464
vn -0.3274 -0.5839 -0.7429
vn -0.3999 -0.5099 -0.7616
vn -0.7308 -0.4674 -0.4973
vn -0.6287 -0.3143 -0.7113
vn -0.2833 -0.4309 -0.8568
vn -0.3625 -0.2407 -0.9004
vn -0.3165 -0.4273 -0.8469
vn -0.4459 -0.2583 -0.8570
vn -0.4581 -0.3800 -0.8036
vn -0.4866 -0.2481 -0.8377
vn -0.2247 -0.3068 -0.9249
vn -0.0269 -0.4232 -0.9056
vn 0.4460 0.6455 0.6200
vn 0.3370 0.6522 0.6790
vn 0.3509 0.5662 0.7459
vn 0.5018 0.5676 0.6527
vn 0.2885 0.5968 0.7487
vn 0.5585 0.5438 0.6264
vn 0.2439 0.5757 0.7804
vn 0.1844 0.5428 0.8194
vn 0.2344 0.6745 0.7001
vn 0.3849 0.6363 0.6685
vt 0.337840 0.523066
vt 0.340931 0.524116
vt 0.340700 0.528121
vt 0.337530 0.528457
vt 0.338890 0.517752
vt 0.341711 0.520168
vt 0.294627 0.535945
vt 0.302938 0.532389
vt 0.304592 0.536923
vt 0.297998 0.539657
vt 0.293015 0.530713
vt 0.301627 0.527014
vt 0.353233 0.468856
vt 0.344971 0.466617
vt 0.346887 0.462606
vt 0.353453 0.464242
vt 0.353721 0.474022
vt 0.345163 0.471678
vt 0.350949 0.458965
vt 0.354125 0.459396
vt 0.306670 0.541491
vt 0.303511 0.542581
vt 0.354175 0.458020
vt 0.307151 0.542850
vt 0.341155 0.511575
vt 0.343393 0.515580
vt 0.270992 0.523490
vt 0.271732 0.519227
vt 0.275213 0.517961
vt 0.272961 0.527240
vt 0.267516 0.526794
vt 0.273653 0.523587
vt 0.390814 0.506949
vt 0.395866 0.505561
vt 0.396661 0.509138
vt 0.394099 0.509520
vt 0.398448 0.514778
vt 0.395811 0.541032
vt 0.398631 0.538330
vt 0.400712 0.542336
vt 0.398612 0.546424
vt 0.395117 0.514019
vt 0.389116 0.504010
vt 0.395413 0.502119
vt 0.394482 0.535959
vt 0.397644 0.534562
vt 0.388923 0.500183
vt 0.395439 0.498204
vt 0.394173 0.530252
vt 0.397415 0.530322
vt 0.272566 0.530831
vt 0.265729 0.530211
vt 0.272562 0.535040
vt 0.265482 0.534389
vt 0.272588 0.539252
vt 0.265751 0.538632
vt 0.389141 0.496189
vt 0.395438 0.494298
vt 0.390860 0.492610
vt 0.395912 0.491222
vt 0.273001 0.542678
vt 0.267556 0.542232
vt 0.340931 0.531937
vt 0.337840 0.533596
vt 0.341711 0.534508
vt 0.338890 0.537056
vt 0.343393 0.536437
vt 0.341155 0.539653
vt 0.273711 0.546043
vt 0.271050 0.545945
vt 0.271810 0.549456
vt 0.275213 0.550671
vt 0.394166 0.488663
vt 0.396727 0.488281
vt 0.398448 0.484374
vt 0.346777 0.484083
vt 0.344971 0.482650
vt 0.346777 0.479465
vt 0.398631 0.522892
vt 0.395811 0.520249
vt 0.398612 0.516195
vt 0.400712 0.519880
vt 0.397644 0.526141
vt 0.394482 0.524623
vt 0.307151 0.517942
vt 0.300351 0.521621
vt 0.299849 0.517181
vt 0.304932 0.514324
vt 0.359289 0.421854
vt 0.355737 0.416094
vt 0.357319 0.412391
vt 0.359289 0.414920
vt 0.293255 0.519915
vt 0.296612 0.513865
vt 0.299771 0.512776
vt 0.292040 0.525177
vt 0.299601 0.511788
vt 0.357845 0.411625
vt 0.354175 0.479175
vt 0.345913 0.476937
s 1
usemtl Material.001
f 1719/3860/1284 1722/3863/1287 1742/3862/1286 1720/3861/1285
f 1720/3861/1285 1733/3865/1289 1721/3864/1288 1719/3860/1284
f 1719/3866/1290 1721/3869/1293 1726/3868/1292 1723/3867/1291
f 1722/3870/1294 1719/3866/1290 1723/3867/1291 1725/3871/1295
f 1723/3872/1291 1726/3875/1292 1727/3874/1297 1724/3873/1296
f 1725/3876/1295 1723/3872/1291 1724/3873/1296 1762/3877/1298
f 1726/3875/1292 1728/3879/1300 1729/3878/1299 1727/3874/1297
f 1721/3869/1293 1731/3881/1301 1728/3880/1300 1726/3868/1292
f 1728/3879/1300 1730/3882/1302 1729/3878/1299
f 1731/3881/1301 1730/3883/1302 1728/3880/1300
f 1733/3865/1289 1732/3885/1304 1731/3884/1303 1721/3864/1288
f 1732/3886/1304 1730/3888/1305 1731/3887/1303
f 1735/3889/1306 1734/3891/1307 1732/3886/1304 1733/3890/1289
f 1734/3891/1307 1730/3888/1305 1732/3886/1304
f 1737/3892/1308 1736/3895/1309 1734/3894/1307 1735/3893/1306
f 1736/3895/1309 1730/3896/1310 1734/3894/1307
f 1727/3897/1311 1729/3900/1312 1736/3899/1309 1737/3898/1308
f 1729/3901/1312 1730/3896/1310 1736/3895/1309
f 1738/3902/1313 1737/3892/1308 1735/3893/1306 1740/3903/1314
f 1724/3904/1315 1727/3897/1311 1737/3898/1308 1738/3905/1313
f 1739/3906/1316 1738/3902/1313 1740/3903/1314 1741/3907/1317
f 1762/3908/1318 1724/3904/1315 1738/3905/1313 1739/3909/1319
f 1740/3910/1314 1735/3889/1306 1733/3890/1289 1720/3911/1285
f 1741/3912/1317 1740/3910/1314 1720/3911/1285 1742/3913/1286
f 1743/3914/1320 1741/3912/1317 1742/3913/1286 1746/3915/1321
f 1744/3916/1322 1739/3906/1316 1741/3907/1317 1743/3917/1320
f 1743/3917/1320 1745/3919/1324 1756/3918/1323 1744/3916/1322
f 1746/3915/1321 1748/3921/1325 1745/3920/1324 1743/3914/1320
f 1722/3863/1287 1747/3923/1326 1746/3922/1321 1742/3862/1286
f 1747/3923/1326 1749/3925/1327 1748/3924/1325 1746/3922/1321
f 1749/3925/1327 1751/3927/1329 1750/3926/1328 1748/3924/1325
f 1748/3921/1325 1750/3929/1328 1753/3928/1330 1745/3920/1324
f 1751/3930/1329 1752/3931/1331 1750/3929/1328
f 1750/3929/1328 1752/3931/1331 1753/3928/1330
f 1745/3919/1324 1753/3933/1330 1754/3932/1332 1756/3918/1323
f 1753/3933/1330 1752/3934/1331 1754/3932/1332
f 1754/3935/1332 1752/3937/1331 1755/3936/1333
f 1756/3938/1323 1754/3941/1332 1755/3940/1333 1757/3939/1334
f 1744/3942/1322 1756/3938/1323 1757/3939/1334 1758/3943/1335
f 1758/3944/1336 1757/3947/1339 1759/3946/1338 1760/3945/1337
f 1757/3948/1339 1755/3951/1341 1761/3950/1340 1759/3949/1338
f 1759/3946/1338 1761/3954/1340 1751/3953/1343 1749/3952/1342
f 1760/3945/1337 1759/3946/1338 1749/3952/1342 1747/3955/1344
f 1761/3954/1340 1752/3956/1345 1751/3953/1343
f 1755/3951/1341 1752/3957/1345 1761/3950/1340
f 1747/3955/1344 1722/3870/1294 1725/3871/1295 1760/3945/1337
f 1760/3958/1337 1725/3876/1295 1762/3877/1298 1758/3959/1336
f 1758/3943/1335 1762/3908/1318 1739/3909/1319 1744/3942/1322
o Cube.069
v -28.033211 13.196897 -26.944939
v -28.122599 13.214919 -26.514599
v -28.581863 13.542701 -27.148443
v -27.670233 12.688745 -26.582287
v -29.125368 13.095115 -26.196693
v -30.090431 13.196897 -25.290419
v -28.803289 12.586964 -25.801149
v -29.440247 13.440919 -26.588213
v -30.171535 13.542701 -25.869953
v -29.790852 13.729500 -27.024149
v -30.054588 13.831282 -26.681917
v -29.884039 13.835285 -27.140018
v -29.400019 13.831282 -27.208357
v -29.137903 13.686158 -26.710274
v -28.530153 13.471792 -26.665771
v -29.444563 13.584376 -26.593763
v -29.184128 13.370010 -26.269932
v -29.624136 13.686158 -26.319223
v -29.711006 13.471792 -25.716066
v -29.650759 13.214919 -25.285578
v -29.441893 12.837450 -24.967323
v -28.950226 13.113137 -25.979101
v -28.710976 12.735668 -25.685280
v -27.852968 12.837450 -26.245211
v -28.475300 12.358199 -25.388582
v -29.175835 12.459980 -24.695061
v -28.313429 11.985957 -25.187317
v -27.647675 12.459981 -25.924080
v -27.393864 12.180593 -26.149979
v -27.659458 12.087739 -25.583151
v -27.409727 11.679479 -25.691013
v -27.871435 11.672990 -25.135555
v -27.695093 11.121140 -25.088459
v -28.032646 10.916419 -24.838009
v -28.178099 11.571208 -25.019041
v -28.357670 11.672990 -24.744501
v -28.349665 11.121140 -24.562019
v -28.840311 12.087738 -24.633451
v -28.999397 11.679479 -24.412521
v -29.451084 12.180593 -24.495459
v -28.268110 11.577697 -25.130783
v -28.486021 12.078812 -25.401733
v -28.085926 11.019359 -24.904253
v -29.809252 12.688745 -24.861980
vn -0.5922 -0.8008 -0.0895
vn -0.4660 -0.7884 -0.4016
vn -0.5377 -0.7007 -0.4689
vn -0.7756 -0.6132 -0.1499
vn -0.3828 -0.9190 -0.0940
vn -0.3266 -0.8804 -0.3440
vn 0.3057 0.7667 0.5646
vn 0.4069 0.7570 0.5112
vn 0.3533 0.8237 0.4435
vn 0.2263 0.8152 0.5332
vn 0.3578 0.7034 0.6142
vn 0.4345 0.7087 0.5559
vn 0.5070 0.7328 0.4538
vn 0.4658 0.8062 0.3647
vn 0.5221 0.7051 0.4799
vn 0.4929 0.8218 0.2859
vn 0.3227 0.8304 0.4543
vn 0.1576 0.8126 0.5611
vn 0.2278 0.8033 0.5502
vn -0.1525 -0.9675 -0.2016
vn -0.1159 -0.9115 -0.3946
vn -0.0154 -0.9526 -0.3038
vn -0.3563 -0.8111 -0.4638
vn -0.2650 -0.8852 -0.3823
vn -0.1853 -0.8804 -0.4365
vn -0.2568 -0.9247 -0.2812
vn -0.3487 -0.9353 -0.0595
vn -0.0125 -0.9219 -0.3873
vn -0.2052 -0.9681 -0.1438
vn -0.1788 -0.7771 -0.6035
vn -0.4057 -0.7521 -0.5195
vn 0.0383 -0.7603 -0.6485
vn -0.2035 -0.6875 -0.6971
vn -0.4284 -0.7088 -0.5605
vn 0.0121 -0.5978 -0.8016
vn -0.4606 -0.6557 -0.5982
vn -0.5521 -0.6370 -0.5379
vn -0.2446 -0.6093 -0.7543
vn -0.4413 -0.4546 -0.7737
vn -0.4730 -0.5839 -0.6598
vn -0.5507 -0.5066 -0.6635
vn -0.8160 -0.4759 -0.3283
vn -0.7635 -0.3186 -0.5618
vn -0.4430 -0.4349 -0.7840
vn -0.5466 -0.2430 -0.8014
vn -0.4848 -0.4264 -0.7636
vn -0.6109 -0.2608 -0.7475
vn -0.6236 -0.3877 -0.6788
vn -0.6342 -0.2510 -0.7313
vn -0.3987 -0.3114 -0.8626
vn -0.2041 -0.4279 -0.8805
vn 0.5613 0.6471 0.5159
vn 0.4686 0.6526 0.5954
vn 0.4964 0.5663 0.6580
vn 0.6213 0.5693 0.5384
vn 0.4301 0.5982 0.6761
vn 0.6726 0.5422 0.5035
vn 0.3978 0.5771 0.7133
vn 0.3494 0.5413 0.7648
vn 0.3700 0.6771 0.6361
vn 0.5169 0.6362 0.5728
vt 0.398807 0.435760
vt 0.401960 0.437030
vt 0.401706 0.441153
vt 0.398466 0.441310
vt 0.400092 0.430529
vt 0.402914 0.433145
vt 0.363819 0.538571
vt 0.372063 0.536222
vt 0.372668 0.540914
vt 0.366114 0.542664
vt 0.363523 0.533318
vt 0.372063 0.530864
vt 0.316406 0.522820
vt 0.307722 0.520789
vt 0.310086 0.516590
vt 0.316968 0.518093
vt 0.316440 0.528229
vt 0.307440 0.526106
vt 0.314677 0.512754
vt 0.317954 0.513200
vt 0.373730 0.545770
vt 0.370553 0.546319
vt 0.318107 0.511788
vt 0.373895 0.547172
vt 0.402809 0.424676
vt 0.404932 0.428797
vt 0.244042 0.523633
vt 0.245055 0.519256
vt 0.248390 0.518218
vt 0.245813 0.527514
vt 0.240752 0.526636
vt 0.246605 0.523872
vt 0.386191 0.539272
vt 0.391578 0.538371
vt 0.392287 0.542023
vt 0.389640 0.542233
vt 0.393884 0.547740
vt 0.287204 0.508883
vt 0.290026 0.506305
vt 0.291718 0.510590
vt 0.289481 0.514651
vt 0.390424 0.546694
vt 0.384416 0.536080
vt 0.391173 0.534834
vt 0.286148 0.503664
vt 0.289241 0.502429
vt 0.384202 0.532079
vt 0.391199 0.530772
vt 0.285871 0.498040
vt 0.289036 0.498251
vt 0.245361 0.531069
vt 0.239052 0.529872
vt 0.245360 0.535190
vt 0.238833 0.533938
vt 0.245386 0.539318
vt 0.239077 0.538121
vt 0.384439 0.527964
vt 0.391196 0.526717
vt 0.386232 0.524391
vt 0.391619 0.523491
vt 0.245858 0.542637
vt 0.240798 0.541760
vt 0.401960 0.445147
vt 0.398807 0.446686
vt 0.402914 0.448025
vt 0.400092 0.450562
vt 0.404932 0.450441
vt 0.402809 0.453814
vt 0.246672 0.545870
vt 0.244108 0.545631
vt 0.245145 0.548870
vt 0.248390 0.550270
vt 0.389699 0.520588
vt 0.392347 0.520378
vt 0.393884 0.516195
vt 0.390504 0.517556
vt 0.290026 0.491181
vt 0.287204 0.488523
vt 0.289481 0.485037
vt 0.291718 0.488592
vt 0.289241 0.494179
vt 0.286148 0.492559
vt 0.307753 0.531596
vt 0.316437 0.533626
vt 0.317025 0.537905
vt 0.310143 0.536403
vt 0.318036 0.542018
vt 0.314759 0.541572
vt 0.372730 0.521244
vt 0.366175 0.522993
vt 0.370643 0.517708
vt 0.373819 0.517159
vt 0.372097 0.525493
vt 0.363853 0.527842
vt 0.373895 0.516195
vt 0.318107 0.542988
s 1
usemtl Material.001
f 1763/3960/1346 1766/3963/1349 1786/3962/1348 1764/3961/1347
f 1764/3961/1347 1777/3965/1351 1765/3964/1350 1763/3960/1346
f 1763/3966/1352 1765/3969/1355 1770/3968/1354 1767/3967/1353
f 1766/3970/1356 1763/3966/1352 1767/3967/1353 1769/3971/1357
f 1767/3972/1353 1770/3975/1354 1771/3974/1359 1768/3973/1358
f 1769/3976/1357 1767/3972/1353 1768/3973/1358 1806/3977/1360
f 1770/3975/1354 1772/3979/1362 1773/3978/1361 1771/3974/1359
f 1765/3969/1355 1775/3981/1363 1772/3980/1362 1770/3968/1354
f 1772/3979/1362 1774/3982/1364 1773/3978/1361
f 1775/3981/1363 1774/3983/1364 1772/3980/1362
f 1777/3965/1351 1776/3985/1366 1775/3984/1365 1765/3964/1350
f 1776/3986/1366 1774/3988/1367 1775/3987/1365
f 1779/3989/1368 1778/3991/1369 1776/3986/1366 1777/3990/1351
f 1778/3991/1369 1774/3988/1367 1776/3986/1366
f 1781/3992/1370 1780/3995/1371 1778/3994/1369 1779/3993/1368
f 1780/3995/1371 1774/3996/1372 1778/3994/1369
f 1771/3997/1373 1773/4000/1374 1780/3999/1371 1781/3998/1370
f 1773/4001/1374 1774/3996/1372 1780/3995/1371
f 1782/4002/1375 1781/3992/1370 1779/3993/1368 1784/4003/1376
f 1768/4004/1377 1771/3997/1373 1781/3998/1370 1782/4005/1375
f 1783/4006/1378 1782/4002/1375 1784/4003/1376 1785/4007/1379
f 1806/4008/1380 1768/4004/1377 1782/4005/1375 1783/4009/1378
f 1784/4010/1376 1779/3989/1368 1777/3990/1351 1764/4011/1347
f 1785/4012/1379 1784/4010/1376 1764/4011/1347 1786/4013/1348
f 1787/4014/1381 1785/4012/1379 1786/4013/1348 1790/4015/1382
f 1788/4016/1383 1783/4006/1378 1785/4007/1379 1787/4017/1381
f 1787/4017/1381 1789/4019/1385 1800/4018/1384 1788/4016/1383
f 1790/4015/1382 1792/4021/1386 1789/4020/1385 1787/4014/1381
f 1766/3963/1349 1791/4023/1387 1790/4022/1382 1786/3962/1348
f 1791/4023/1387 1793/4025/1388 1792/4024/1386 1790/4022/1382
f 1793/4025/1388 1795/4027/1390 1794/4026/1389 1792/4024/1386
f 1792/4021/1386 1794/4029/1389 1797/4028/1391 1789/4020/1385
f 1795/4030/1390 1796/4031/1392 1794/4029/1389
f 1794/4029/1389 1796/4031/1392 1797/4028/1391
f 1789/4019/1385 1797/4033/1391 1798/4032/1393 1800/4018/1384
f 1797/4033/1391 1796/4034/1392 1798/4032/1393
f 1798/4032/1393 1796/4034/1392 1799/4035/1394
f 1800/4036/1384 1798/4039/1393 1799/4038/1394 1801/4037/1395
f 1788/4040/1383 1800/4036/1384 1801/4037/1395 1802/4041/1396
f 1802/4042/1397 1801/4045/1400 1803/4044/1399 1804/4043/1398
f 1801/4045/1400 1799/4047/1402 1805/4046/1401 1803/4044/1399
f 1803/4048/1399 1805/4051/1401 1795/4050/1404 1793/4049/1403
f 1804/4052/1398 1803/4048/1399 1793/4049/1403 1791/4053/1405
f 1805/4051/1401 1796/4054/1406 1795/4050/1404
f 1799/4047/1402 1796/4055/1406 1805/4046/1401
f 1791/4053/1405 1766/3970/1356 1769/3971/1357 1804/4052/1398
f 1804/4043/1398 1769/3976/1357 1806/3977/1360 1802/4042/1397
f 1802/4041/1396 1806/4008/1380 1783/4009/1378 1788/4040/1383
o Cube.070
v -28.958237 14.848072 -29.364201
v -28.678915 14.866096 -29.024843
v -29.460665 15.193876 -29.064196
v -28.448154 14.339921 -29.419767
v -29.059631 14.746291 -28.044197
v -28.958237 14.848073 -26.724199
v -28.549551 14.238139 -28.047287
v -29.562061 15.092095 -28.044197
v -29.460665 15.193876 -27.024199
v -30.121496 15.380676 -28.044197
v -30.020100 15.482458 -27.624197
v -30.270191 15.486461 -28.044197
v -30.020100 15.482458 -28.464197
v -29.467697 15.337335 -28.356300
v -29.052134 15.122969 -28.801994
v -29.569096 15.235554 -28.044313
v -29.153530 15.021187 -28.044313
v -29.467697 15.337335 -27.732325
v -29.052134 15.122969 -27.286627
v -28.678915 14.866096 -27.063778
v -28.300013 14.488626 -27.027086
v -28.780313 14.764314 -28.044313
v -28.401411 14.386845 -28.046602
v -28.300014 14.488626 -29.066124
v -28.022509 14.009376 -28.044313
v -27.921112 14.111157 -27.063778
v -27.764223 13.637134 -28.044313
v -27.921112 14.111157 -29.024843
v -27.938074 13.831771 -29.364201
v -27.662827 13.738915 -28.801996
v -27.590370 13.330655 -29.064196
v -27.446886 13.324167 -28.356300
v -27.299671 12.772318 -28.464197
v -27.316053 12.567595 -28.044197
v -27.548283 13.222384 -28.044313
v -27.446886 13.324166 -27.732325
v -27.299671 12.772318 -27.624197
v -27.662827 13.738915 -27.286627
v -27.590370 13.330655 -27.024199
v -27.938074 13.831770 -26.724199
v -27.691769 13.228873 -28.044197
v -28.039473 13.729988 -28.044197
v -27.401068 12.670536 -28.044197
v -28.448154 14.339922 -26.674801
vn -0.4925 -0.7479 0.4451
vn -0.5573 -0.8012 0.2180
vn -0.6829 -0.6921 0.2338
vn -0.6117 -0.6044 0.5104
vn -0.3391 -0.8963 0.2859
vn -0.4342 -0.8960 0.0932
vn 0.6587 0.7440 0.1123
vn 0.6504 0.7596 -0.0002
vn 0.5657 0.8246 -0.0000
vn 0.5740 0.8073 0.1371
vn 0.7019 0.7043 0.1061
vn 0.7057 0.7086 0.0004
vn 0.6581 0.7445 -0.1123
vn 0.5740 0.8073 -0.1371
vn 0.7019 0.7044 -0.1061
vn 0.5316 0.8219 -0.2047
vn 0.5572 0.8304 -0.0000
vn 0.5316 0.8219 0.2047
vn 0.5797 0.8148 -0.0000
vn -0.2590 -0.9655 0.0275
vn -0.3750 -0.9197 -0.1165
vn -0.2844 -0.9587 0.0001
vn -0.5839 -0.8118 -0.0000
vn -0.4532 -0.8914 -0.0000
vn -0.4342 -0.8960 -0.0931
vn -0.3749 -0.9197 0.1166
vn -0.3392 -0.8963 -0.2858
vn -0.2590 -0.9655 -0.0276
vn -0.5577 -0.8006 -0.2191
vn -0.6558 -0.7549 0.0003
vn -0.4936 -0.7468 -0.4457
vn -0.6835 -0.6919 -0.2323
vn -0.7056 -0.7086 -0.0005
vn -0.6106 -0.6043 -0.5119
vn -0.7523 -0.6588 0.0002
vn -0.7622 -0.6137 0.2060
vn -0.7611 -0.6143 -0.2085
vn -0.8756 -0.4782 -0.0674
vn -0.8108 -0.5854 -0.0000
vn -0.8757 -0.4782 0.0674
vn -0.7700 -0.4731 0.4280
vn -0.9096 -0.3265 0.2570
vn -0.8990 -0.4194 -0.1265
vn -0.9672 -0.2525 -0.0280
vn -0.8973 -0.4414 -0.0000
vn -0.9636 -0.2675 -0.0000
vn -0.8990 -0.4193 0.1265
vn -0.9672 -0.2525 0.0280
vn -0.9096 -0.3266 -0.2570
vn -0.7691 -0.4742 -0.4285
vn 0.7352 0.6686 -0.1113
vn 0.7554 0.6553 -0.0002
vn 0.8233 0.5676 -0.0000
vn 0.8051 0.5771 -0.1371
vn 0.8016 0.5978 -0.0000
vn 0.8173 0.5392 -0.2033
vn 0.8051 0.5771 0.1371
vn 0.8173 0.5392 0.2033
vn 0.7346 0.6693 0.1113
vn 0.7711 0.6368 -0.0000
vt 0.228900 0.428755
vt 0.227868 0.425615
vt 0.231065 0.422777
vt 0.233203 0.424934
vt 0.223926 0.430681
vt 0.224173 0.427046
vt 0.308669 0.460528
vt 0.301209 0.467386
vt 0.297987 0.463782
vt 0.303728 0.458529
vt 0.312949 0.464372
vt 0.305188 0.471510
vt 0.293543 0.474644
vt 0.292040 0.469436
vt 0.297221 0.479049
vt 0.292314 0.462512
vt 0.294823 0.460065
vt 0.297127 0.458020
vt 0.293855 0.458988
vt 0.217283 0.431066
vt 0.219238 0.427332
vt 0.213984 0.430006
vt 0.219924 0.423085
vt 0.217536 0.425795
vt 0.215514 0.418805
vt 0.215673 0.423938
vt 0.212269 0.419586
vt 0.212483 0.426498
vt 0.216662 0.414950
vt 0.222346 0.420442
vt 0.213815 0.414397
vt 0.219413 0.411687
vt 0.225320 0.417392
vt 0.217518 0.410005
vt 0.228268 0.414317
vt 0.233790 0.419489
vt 0.222584 0.408824
vt 0.226370 0.407574
vt 0.230781 0.411855
vt 0.235029 0.415816
vt 0.236872 0.420508
vt 0.238541 0.415563
vt 0.235029 0.410997
vt 0.238541 0.409076
vt 0.233327 0.409460
vt 0.236964 0.406205
vt 0.231464 0.407603
vt 0.233741 0.404507
vt 0.226884 0.404468
vt 0.221786 0.406150
vt 0.301465 0.482926
vt 0.309132 0.475667
vt 0.312511 0.478965
vt 0.306564 0.484619
vt 0.315949 0.482150
vt 0.313439 0.484596
vt 0.318252 0.473712
vt 0.318252 0.480105
vt 0.316592 0.468810
vt 0.316690 0.482896
s 1
usemtl Material.001
f 1807/4056/1407 1810/4059/1410 1830/4058/1409 1808/4057/1408
f 1808/4057/1408 1821/4061/1412 1809/4060/1411 1807/4056/1407
f 1807/4062/1413 1809/4065/1416 1814/4064/1415 1811/4063/1414
f 1810/4066/1417 1807/4062/1413 1811/4063/1414 1813/4067/1418
f 1811/4063/1414 1814/4064/1415 1815/4069/1420 1812/4068/1419
f 1813/4067/1418 1811/4063/1414 1812/4068/1419 1850/4070/1421
f 1814/4064/1415 1816/4072/1423 1817/4071/1422 1815/4069/1420
f 1809/4065/1416 1819/4073/1424 1816/4072/1423 1814/4064/1415
f 1816/4072/1423 1818/4074/1425 1817/4071/1422
f 1819/4073/1424 1818/4074/1425 1816/4072/1423
f 1821/4061/1412 1820/4076/1427 1819/4075/1426 1809/4060/1411
f 1820/4076/1427 1818/4077/1428 1819/4075/1426
f 1823/4078/1429 1822/4079/1430 1820/4076/1427 1821/4061/1412
f 1822/4079/1430 1818/4077/1428 1820/4076/1427
f 1825/4080/1431 1824/4081/1432 1822/4079/1430 1823/4078/1429
f 1824/4081/1432 1818/4077/1428 1822/4079/1430
f 1815/4082/1433 1817/4083/1434 1824/4081/1432 1825/4080/1431
f 1817/4083/1434 1818/4077/1428 1824/4081/1432
f 1826/4084/1435 1825/4080/1431 1823/4078/1429 1828/4085/1436
f 1812/4086/1437 1815/4082/1433 1825/4080/1431 1826/4084/1435
f 1827/4087/1438 1826/4084/1435 1828/4085/1436 1829/4088/1439
f 1850/4089/1440 1812/4086/1437 1826/4084/1435 1827/4087/1438
f 1828/4085/1436 1823/4078/1429 1821/4061/1412 1808/4057/1408
f 1829/4088/1439 1828/4085/1436 1808/4057/1408 1830/4058/1409
f 1831/4090/1441 1829/4088/1439 1830/4058/1409 1834/4091/1442
f 1832/4092/1443 1827/4087/1438 1829/4088/1439 1831/4090/1441
f 1831/4090/1441 1833/4094/1445 1844/4093/1444 1832/4092/1443
f 1834/4091/1442 1836/4095/1446 1833/4094/1445 1831/4090/1441
f 1810/4059/1410 1835/4096/1447 1834/4091/1442 1830/4058/1409
f 1835/4096/1447 1837/4097/1448 1836/4095/1446 1834/4091/1442
f 1837/4097/1448 1839/4099/1450 1838/4098/1449 1836/4095/1446
f 1836/4095/1446 1838/4098/1449 1841/4100/1451 1833/4094/1445
f 1839/4099/1450 1840/4101/1452 1838/4098/1449
f 1838/4098/1449 1840/4101/1452 1841/4100/1451
f 1833/4094/1445 1841/4100/1451 1842/4102/1453 1844/4093/1444
f 1841/4100/1451 1840/4101/1452 1842/4102/1453
f 1842/4102/1453 1840/4101/1452 1843/4103/1454
f 1844/4093/1444 1842/4102/1453 1843/4103/1454 1845/4104/1455
f 1832/4092/1443 1844/4093/1444 1845/4104/1455 1846/4105/1456
f 1846/4106/1457 1845/4109/1460 1847/4108/1459 1848/4107/1458
f 1845/4109/1460 1843/4111/1462 1849/4110/1461 1847/4108/1459
f 1847/4108/1459 1849/4110/1461 1839/4113/1464 1837/4112/1463
f 1848/4107/1458 1847/4108/1459 1837/4112/1463 1835/4114/1465
f 1849/4110/1461 1840/4115/1466 1839/4113/1464
f 1843/4111/1462 1840/4115/1466 1849/4110/1461
f 1835/4114/1465 1810/4066/1417 1813/4067/1418 1848/4107/1458
f 1848/4107/1458 1813/4067/1418 1850/4070/1421 1846/4106/1457
f 1846/4105/1456 1850/4089/1440 1827/4087/1438 1832/4092/1443
o Cube.071
v -27.958237 12.848079 -29.364201
v -27.678915 12.866101 -29.024847
v -28.460667 13.193883 -29.064201
v -27.448156 12.339927 -29.419771
v -28.059633 12.746297 -28.044197
v -27.958237 12.848079 -26.724199
v -27.549553 12.238146 -28.047287
v -28.562061 13.092101 -28.044197
v -28.460667 13.193883 -27.024199
v -29.121496 13.380682 -28.044197
v -29.020100 13.482464 -27.624197
v -29.270189 13.486466 -28.044197
v -29.020102 13.482465 -28.464197
v -28.467697 13.337340 -28.356300
v -28.052132 13.122974 -28.801994
v -28.569094 13.235559 -28.044313
v -28.153530 13.021193 -28.044313
v -28.467697 13.337340 -27.732325
v -28.052132 13.122974 -27.286627
v -27.678915 12.866101 -27.063778
v -27.300013 12.488632 -27.027086
v -27.780312 12.764319 -28.044313
v -27.401409 12.386850 -28.046608
v -27.300013 12.488632 -29.066128
v -27.022509 12.009381 -28.044313
v -26.921110 12.111163 -27.063778
v -26.764223 11.637139 -28.044313
v -26.921110 12.111163 -29.024847
v -26.938076 11.831776 -29.364201
v -26.662827 11.738921 -28.801996
v -26.590370 11.330661 -29.064201
v -26.446886 11.324173 -28.356300
v -26.299669 10.772324 -28.464197
v -26.316053 10.567601 -28.044197
v -26.548285 11.222391 -28.044313
v -26.446886 11.324172 -27.732325
v -26.299671 10.772324 -27.624197
v -26.662825 11.738921 -27.286627
v -26.590370 11.330661 -27.024199
v -26.938076 11.831776 -26.724199
v -26.691767 11.228879 -28.044197
v -27.039473 11.729994 -28.044197
v -26.401068 10.670542 -28.044197
v -27.448156 12.339927 -26.674801
vn -0.4925 -0.7479 0.4451
vn -0.5573 -0.8012 0.2180
vn -0.6829 -0.6921 0.2338
vn -0.6117 -0.6044 0.5104
vn -0.3391 -0.8963 0.2859
vn -0.4342 -0.8960 0.0932
vn 0.6587 0.7440 0.1123
vn 0.6504 0.7596 -0.0002
vn 0.5657 0.8246 -0.0000
vn 0.5740 0.8073 0.1371
vn 0.7019 0.7043 0.1061
vn 0.7057 0.7086 0.0004
vn 0.6581 0.7445 -0.1123
vn 0.5740 0.8073 -0.1371
vn 0.7019 0.7044 -0.1061
vn 0.5316 0.8219 -0.2047
vn 0.5572 0.8304 -0.0000
vn 0.5316 0.8219 0.2047
vn 0.5797 0.8148 -0.0000
vn -0.2590 -0.9655 0.0275
vn -0.3750 -0.9197 -0.1165
vn -0.2844 -0.9587 0.0001
vn -0.5839 -0.8118 -0.0000
vn -0.4532 -0.8914 -0.0000
vn -0.4342 -0.8960 -0.0931
vn -0.3749 -0.9197 0.1166
vn -0.3392 -0.8963 -0.2858
vn -0.2590 -0.9655 -0.0276
vn -0.5577 -0.8006 -0.2192
vn -0.6558 -0.7549 0.0003
vn -0.4936 -0.7468 -0.4457
vn -0.6835 -0.6919 -0.2323
vn -0.7056 -0.7086 -0.0005
vn -0.6106 -0.6043 -0.5119
vn -0.7523 -0.6588 0.0002
vn -0.7622 -0.6137 0.2061
vn -0.7611 -0.6143 -0.2085
vn -0.8756 -0.4782 -0.0674
vn -0.8108 -0.5854 -0.0000
vn -0.8757 -0.4782 0.0674
vn -0.7700 -0.4731 0.4280
vn -0.9096 -0.3265 0.2570
vn -0.8990 -0.4194 -0.1265
vn -0.9672 -0.2525 -0.0280
vn -0.8973 -0.4414 -0.0000
vn -0.9636 -0.2675 -0.0000
vn -0.8990 -0.4193 0.1265
vn -0.9672 -0.2525 0.0280
vn -0.9096 -0.3266 -0.2570
vn -0.7691 -0.4742 -0.4285
vn 0.7352 0.6686 -0.1113
vn 0.7554 0.6553 -0.0002
vn 0.8233 0.5676 -0.0000
vn 0.8051 0.5771 -0.1371
vn 0.8016 0.5978 -0.0000
vn 0.8173 0.5392 -0.2033
vn 0.8051 0.5771 0.1371
vn 0.8173 0.5392 0.2033
vn 0.7346 0.6693 0.1113
vn 0.7710 0.6368 -0.0000
vt 0.255464 0.455549
vt 0.254432 0.452410
vt 0.257629 0.449571
vt 0.259768 0.451728
vt 0.250490 0.457476
vt 0.250737 0.453841
vt 0.308736 0.406904
vt 0.301276 0.413761
vt 0.298054 0.410158
vt 0.303795 0.404905
vt 0.313016 0.410748
vt 0.305255 0.417886
vt 0.293610 0.421020
vt 0.292107 0.415812
vt 0.297288 0.425425
vt 0.292380 0.408888
vt 0.294890 0.406441
vt 0.297193 0.404396
vt 0.293922 0.405364
vt 0.243847 0.457861
vt 0.245803 0.454127
vt 0.240548 0.456801
vt 0.246488 0.449880
vt 0.244101 0.452590
vt 0.242078 0.445599
vt 0.242237 0.450733
vt 0.238833 0.446381
vt 0.239047 0.453292
vt 0.243226 0.441744
vt 0.248910 0.447237
vt 0.240379 0.441191
vt 0.245978 0.438482
vt 0.251884 0.444186
vt 0.244082 0.436800
vt 0.254832 0.441111
vt 0.260354 0.446284
vt 0.249148 0.435618
vt 0.252935 0.434369
vt 0.257345 0.438649
vt 0.261594 0.442610
vt 0.263436 0.447303
vt 0.265105 0.442357
vt 0.261594 0.437791
vt 0.265105 0.435870
vt 0.259892 0.436255
vt 0.263528 0.432999
vt 0.258028 0.434398
vt 0.260305 0.431302
vt 0.253448 0.431263
vt 0.248351 0.432945
vt 0.301532 0.429302
vt 0.309198 0.422043
vt 0.312578 0.425341
vt 0.306631 0.430995
vt 0.316016 0.428526
vt 0.313506 0.430972
vt 0.318319 0.420088
vt 0.318319 0.426481
vt 0.316658 0.415186
vt 0.316756 0.429272
s 1
usemtl Material.001
f 1851/4116/1467 1854/4119/1470 1874/4118/1469 1852/4117/1468
f 1852/4117/1468 1865/4121/1472 1853/4120/1471 1851/4116/1467
f 1851/4122/1473 1853/4125/1476 1858/4124/1475 1855/4123/1474
f 1854/4126/1477 1851/4122/1473 1855/4123/1474 1857/4127/1478
f 1855/4123/1474 1858/4124/1475 1859/4129/1480 1856/4128/1479
f 1857/4127/1478 1855/4123/1474 1856/4128/1479 1894/4130/1481
f 1858/4124/1475 1860/4132/1483 1861/4131/1482 1859/4129/1480
f 1853/4125/1476 1863/4133/1484 1860/4132/1483 1858/4124/1475
f 1860/4132/1483 1862/4134/1485 1861/4131/1482
f 1863/4133/1484 1862/4134/1485 1860/4132/1483
f 1865/4121/1472 1864/4136/1487 1863/4135/1486 1853/4120/1471
f 1864/4136/1487 1862/4137/1488 1863/4135/1486
f 1867/4138/1489 1866/4139/1490 1864/4136/1487 1865/4121/1472
f 1866/4139/1490 1862/4137/1488 1864/4136/1487
f 1869/4140/1491 1868/4141/1492 1866/4139/1490 1867/4138/1489
f 1868/4141/1492 1862/4137/1488 1866/4139/1490
f 1859/4142/1493 1861/4143/1494 1868/4141/1492 1869/4140/1491
f 1861/4143/1494 1862/4137/1488 1868/4141/1492
f 1870/4144/1495 1869/4140/1491 1867/4138/1489 1872/4145/1496
f 1856/4146/1497 1859/4142/1493 1869/4140/1491 1870/4144/1495
f 1871/4147/1498 1870/4144/1495 1872/4145/1496 1873/4148/1499
f 1894/4149/1500 1856/4146/1497 1870/4144/1495 1871/4147/1498
f 1872/4145/1496 1867/4138/1489 1865/4121/1472 1852/4117/1468
f 1873/4148/1499 1872/4145/1496 1852/4117/1468 1874/4118/1469
f 1875/4150/1501 1873/4148/1499 1874/4118/1469 1878/4151/1502
f 1876/4152/1503 1871/4147/1498 1873/4148/1499 1875/4150/1501
f 1875/4150/1501 1877/4154/1505 1888/4153/1504 1876/4152/1503
f 1878/4151/1502 1880/4155/1506 1877/4154/1505 1875/4150/1501
f 1854/4119/1470 1879/4156/1507 1878/4151/1502 1874/4118/1469
f 1879/4156/1507 1881/4157/1508 1880/4155/1506 1878/4151/1502
f 1881/4157/1508 1883/4159/1510 1882/4158/1509 1880/4155/1506
f 1880/4155/1506 1882/4158/1509 1885/4160/1511 1877/4154/1505
f 1883/4159/1510 1884/4161/1512 1882/4158/1509
f 1882/4158/1509 1884/4161/1512 1885/4160/1511
f 1877/4154/1505 1885/4160/1511 1886/4162/1513 1888/4153/1504
f 1885/4160/1511 1884/4161/1512 1886/4162/1513
f 1886/4162/1513 1884/4161/1512 1887/4163/1514
f 1888/4153/1504 1886/4162/1513 1887/4163/1514 1889/4164/1515
f 1876/4152/1503 1888/4153/1504 1889/4164/1515 1890/4165/1516
f 1890/4166/1517 1889/4169/1520 1891/4168/1519 1892/4167/1518
f 1889/4169/1520 1887/4171/1522 1893/4170/1521 1891/4168/1519
f 1891/4168/1519 1893/4170/1521 1883/4173/1524 1881/4172/1523
f 1892/4167/1518 1891/4168/1519 1881/4172/1523 1879/4174/1525
f 1893/4170/1521 1884/4175/1526 1883/4173/1524
f 1887/4171/1522 1884/4175/1526 1893/4170/1521
f 1879/4174/1525 1854/4126/1477 1857/4127/1478 1892/4167/1518
f 1892/4167/1518 1857/4127/1478 1894/4130/1481 1890/4166/1517
f 1890/4165/1516 1894/4149/1500 1871/4147/1498 1876/4152/1503
o Cube.072
v -27.364492 10.848076 -28.402403
v -27.254757 10.866098 -27.976799
v -27.946632 11.193880 -28.342846
v -26.878716 10.339925 -28.237200
v -28.014244 10.746294 -27.248928
v -28.480204 10.848076 -26.009752
v -27.550648 10.238143 -27.036156
v -28.469599 11.092098 -27.461266
v -28.808773 11.193880 -26.493977
v -28.976618 11.380680 -27.697691
v -29.062222 11.482461 -27.274193
v -29.111382 11.486465 -27.760530
v -28.707222 11.482462 -28.035488
v -28.252174 11.337337 -27.704245
v -27.687187 11.122972 -27.932556
v -28.475925 11.235557 -27.464338
v -28.099295 11.021190 -27.288713
v -28.515881 11.337337 -27.138729
v -28.327610 11.122972 -26.559166
v -28.083538 10.866098 -26.199467
v -27.755644 10.488629 -26.006083
v -27.761045 10.764317 -27.130983
v -27.416674 10.386848 -26.972933
v -26.893909 10.488629 -27.854080
v -27.074242 10.009379 -26.810724
v -27.396734 10.111160 -25.879208
v -26.840155 9.637137 -26.701567
v -26.567953 10.111160 -27.656534
v -26.439911 9.831774 -27.971266
v -26.428047 9.738919 -27.345409
v -26.251570 9.330659 -27.552427
v -26.420700 9.324170 -26.850214
v -26.241678 8.772321 -26.885788
v -26.434023 8.567599 -26.512062
v -26.644447 9.222388 -26.610308
v -26.684404 9.324170 -26.284698
v -26.596676 8.772321 -26.124485
v -27.068470 9.738918 -25.972019
v -27.113710 9.330659 -25.703558
v -27.555624 9.831774 -25.578611
v -26.774536 9.228877 -26.670843
v -27.089664 9.729992 -26.817791
v -26.511074 8.670540 -26.547989
v -28.038788 10.339925 -25.749411
vn -0.6000 -0.7777 0.1876
vn -0.5989 -0.7961 -0.0876
vn -0.7055 -0.6965 -0.1309
vn -0.7648 -0.6103 0.2066
vn -0.4149 -0.9036 0.1062
vn -0.4354 -0.8923 -0.1197
vn 0.5339 0.7578 0.3751
vn 0.5906 0.7588 0.2747
vn 0.5144 0.8242 0.2369
vn 0.4525 0.8106 0.3717
vn 0.5918 0.7037 0.3931
vn 0.6372 0.7086 0.3030
vn 0.6529 0.7353 0.1820
vn 0.5791 0.8061 0.1221
vn 0.6805 0.7048 0.2002
vn 0.5675 0.8224 0.0403
vn 0.4962 0.8306 0.2529
vn 0.3937 0.8196 0.4163
vn 0.4683 0.8084 0.3565
vn -0.2568 -0.9640 -0.0696
vn -0.2716 -0.9099 -0.3136
vn -0.2074 -0.9590 -0.1931
vn -0.5287 -0.8115 -0.2488
vn -0.4121 -0.8884 -0.2023
vn -0.3479 -0.8917 -0.2896
vn -0.3636 -0.9248 -0.1124
vn -0.1853 -0.9046 -0.3839
vn -0.2387 -0.9682 -0.0747
vn -0.3988 -0.7986 -0.4507
vn -0.5946 -0.7540 -0.2793
vn -0.2663 -0.7326 -0.6264
vn -0.4916 -0.6874 -0.5347
vn -0.6353 -0.7087 -0.3067
vn -0.3419 -0.5989 -0.7242
vn -0.6798 -0.6579 -0.3242
vn -0.7556 -0.6253 -0.1949
vn -0.5632 -0.6077 -0.5599
vn -0.7531 -0.4645 -0.4660
vn -0.7251 -0.5849 -0.3634
vn -0.8040 -0.4925 -0.3332
vn -0.8729 -0.4825 0.0732
vn -0.9330 -0.3253 -0.1539
vn -0.7490 -0.4295 -0.5045
vn -0.8565 -0.2487 -0.4524
vn -0.7929 -0.4370 -0.4247
vn -0.8763 -0.2657 -0.4018
vn -0.8662 -0.4062 -0.2909
vn -0.8854 -0.2538 -0.3895
vn -0.7230 -0.3218 -0.6113
vn -0.5436 -0.4518 -0.7073
vn 0.7230 0.6573 0.2127
vn 0.6840 0.6545 0.3221
vn 0.7409 0.5672 0.3595
vn 0.7905 0.5741 0.2133
vn 0.7027 0.5982 0.3853
vn 0.8264 0.5399 0.1597
vn 0.6718 0.5780 0.4632
vn 0.6541 0.5396 0.5301
vn 0.6135 0.6762 0.4079
vn 0.7122 0.6364 0.2962
vt 0.361040 0.435275
vt 0.363922 0.437267
vt 0.362965 0.441411
vt 0.359751 0.440855
vt 0.363606 0.430630
vt 0.365829 0.433816
vt 0.339576 0.444668
vt 0.348404 0.446156
vt 0.347714 0.450971
vt 0.341011 0.449791
vt 0.339532 0.438957
vt 0.348732 0.440498
vt 0.358277 0.447371
vt 0.355462 0.451880
vt 0.358977 0.441768
vt 0.350228 0.456157
vt 0.346731 0.455863
vt 0.344278 0.455297
vt 0.346535 0.457305
vt 0.320591 0.421131
vt 0.321414 0.424064
vt 0.320153 0.424064
vt 0.368091 0.426062
vt 0.369160 0.430423
vt 0.370808 0.424676
vt 0.370861 0.434106
vt 0.370968 0.430414
vt 0.341598 0.405418
vt 0.343746 0.404396
vt 0.343746 0.410741
vt 0.376791 0.434833
vt 0.373674 0.430842
vt 0.378363 0.431999
vt 0.374167 0.426626
vt 0.378109 0.438583
vt 0.370566 0.437706
vt 0.322070 0.414390
vt 0.324903 0.413918
vt 0.325127 0.417937
vt 0.322370 0.419800
vt 0.377715 0.442780
vt 0.369891 0.441877
vt 0.322025 0.409220
vt 0.324870 0.410078
vt 0.369249 0.446050
vt 0.362605 0.445611
vt 0.376791 0.446927
vt 0.374375 0.450130
vt 0.368445 0.449403
vt 0.363413 0.449113
vt 0.359266 0.446508
vt 0.360354 0.451223
vt 0.365647 0.452674
vt 0.363361 0.456017
vt 0.367454 0.452665
vt 0.365746 0.457097
vt 0.370160 0.453093
vt 0.369437 0.456581
vt 0.375112 0.452592
vt 0.378363 0.448280
vt 0.358977 0.436063
vt 0.349104 0.434847
vt 0.348998 0.430239
vt 0.356745 0.431147
vt 0.348598 0.425707
vt 0.352095 0.426001
vt 0.342294 0.429059
vt 0.346144 0.425141
vt 0.340275 0.433360
vt 0.348615 0.424676
vt 0.322370 0.404396
vt 0.325127 0.406495
s 1
usemtl Material.001
f 1895/4176/1527 1898/4179/1530 1918/4178/1529 1896/4177/1528
f 1896/4177/1528 1909/4181/1532 1897/4180/1531 1895/4176/1527
f 1895/4182/1533 1897/4185/1536 1902/4184/1535 1899/4183/1534
f 1898/4186/1537 1895/4182/1533 1899/4183/1534 1901/4187/1538
f 1899/4183/1534 1902/4184/1535 1903/4189/1540 1900/4188/1539
f 1901/4187/1538 1899/4183/1534 1900/4188/1539 1938/4190/1541
f 1902/4184/1535 1904/4192/1543 1905/4191/1542 1903/4189/1540
f 1897/4185/1536 1907/4193/1544 1904/4192/1543 1902/4184/1535
f 1904/4192/1543 1906/4194/1545 1905/4191/1542
f 1907/4195/1544 1906/4197/1545 1904/4196/1543
f 1909/4181/1532 1908/4199/1547 1907/4198/1546 1897/4180/1531
f 1908/4199/1547 1906/4200/1548 1907/4198/1546
f 1911/4201/1549 1910/4202/1550 1908/4199/1547 1909/4181/1532
f 1910/4203/1550 1906/4205/1548 1908/4204/1547
f 1913/4206/1551 1912/4207/1552 1910/4202/1550 1911/4201/1549
f 1912/4207/1552 1906/4200/1548 1910/4202/1550
f 1903/4208/1553 1905/4209/1554 1912/4207/1552 1913/4206/1551
f 1905/4209/1554 1906/4200/1548 1912/4207/1552
f 1914/4210/1555 1913/4206/1551 1911/4201/1549 1916/4211/1556
f 1900/4212/1557 1903/4215/1553 1913/4214/1551 1914/4213/1555
f 1915/4216/1558 1914/4210/1555 1916/4211/1556 1917/4217/1559
f 1938/4218/1560 1900/4212/1557 1914/4213/1555 1915/4219/1558
f 1916/4211/1556 1911/4201/1549 1909/4181/1532 1896/4177/1528
f 1917/4217/1559 1916/4211/1556 1896/4177/1528 1918/4178/1529
f 1919/4220/1561 1917/4217/1559 1918/4178/1529 1922/4221/1562
f 1920/4222/1563 1915/4216/1558 1917/4217/1559 1919/4220/1561
f 1919/4220/1561 1921/4224/1565 1932/4223/1564 1920/4222/1563
f 1922/4221/1562 1924/4225/1566 1921/4224/1565 1919/4220/1561
f 1898/4179/1530 1923/4226/1567 1922/4221/1562 1918/4178/1529
f 1923/4226/1567 1925/4227/1568 1924/4225/1566 1922/4221/1562
f 1925/4227/1568 1927/4229/1570 1926/4228/1569 1924/4225/1566
f 1924/4225/1566 1926/4228/1569 1929/4230/1571 1921/4224/1565
f 1927/4229/1570 1928/4231/1572 1926/4228/1569
f 1926/4228/1569 1928/4231/1572 1929/4230/1571
f 1921/4224/1565 1929/4230/1571 1930/4232/1573 1932/4223/1564
f 1929/4230/1571 1928/4231/1572 1930/4232/1573
f 1930/4232/1573 1928/4231/1572 1931/4233/1574
f 1932/4223/1564 1930/4232/1573 1931/4233/1574 1933/4234/1575
f 1920/4222/1563 1932/4223/1564 1933/4234/1575 1934/4235/1576
f 1934/4236/1577 1933/4239/1580 1935/4238/1579 1936/4237/1578
f 1933/4239/1580 1931/4241/1582 1937/4240/1581 1935/4238/1579
f 1935/4238/1579 1937/4240/1581 1927/4243/1584 1925/4242/1583
f 1936/4237/1578 1935/4238/1579 1925/4242/1583 1923/4244/1585
f 1937/4240/1581 1928/4245/1586 1927/4243/1584
f 1931/4241/1582 1928/4245/1586 1937/4240/1581
f 1923/4244/1585 1898/4186/1537 1901/4187/1538 1936/4237/1578
f 1936/4237/1578 1901/4187/1538 1938/4190/1541 1934/4236/1577
f 1934/4246/1576 1938/4218/1560 1915/4219/1558 1920/4247/1563
o Cube.073
v -27.301624 10.848073 -26.511530
v -27.384348 10.866096 -26.079861
v -27.853359 11.193876 -26.706528
v -26.933083 10.339921 -26.154531
v -28.382084 10.746290 -25.746485
v -29.333021 10.848072 -24.825397
v -28.053926 10.238139 -25.355970
v -28.702978 11.092094 -26.133087
v -29.423073 11.193876 -25.403608
v -29.060280 11.380676 -26.563555
v -29.318697 11.482458 -26.217289
v -29.155247 11.486461 -26.677971
v -28.672342 11.482458 -26.753782
v -28.402555 11.337334 -26.259813
v -27.794191 11.122968 -26.224710
v -28.707382 11.235553 -26.138573
v -28.441967 11.021186 -25.818810
v -28.882685 11.337335 -25.861290
v -28.960220 11.122968 -25.256866
v -28.893326 10.866095 -24.827354
v -28.679560 10.488626 -24.512367
v -28.203596 10.764314 -25.531628
v -27.959833 10.386845 -25.241541
v -27.110586 10.488626 -25.814674
v -27.719599 10.009376 -24.948523
v -28.409327 10.111156 -24.244249
v -27.554638 9.637134 -24.749781
v -26.900351 10.111156 -25.496756
v -26.650063 9.831769 -25.726545
v -26.906862 9.738914 -25.155682
v -26.658831 9.330655 -25.267393
v -27.111895 9.324165 -24.704865
v -26.934845 8.772317 -24.660500
v -27.268484 8.567595 -24.404856
v -27.416719 9.222384 -24.583624
v -27.592022 9.324166 -24.306341
v -27.581198 8.772318 -24.124006
v -28.072889 9.738914 -24.187836
v -28.228544 9.330655 -23.964476
v -28.681458 9.831769 -24.040419
v -27.508446 9.228873 -24.693956
v -27.730522 9.729988 -24.961506
v -27.322781 8.670536 -24.470272
v -29.045248 10.339921 -24.401361
vn -0.5941 -0.8003 -0.0804
vn -0.4730 -0.7887 -0.3927
vn -0.5459 -0.7006 -0.4594
vn -0.7778 -0.6132 -0.1379
vn -0.3853 -0.9186 -0.0879
vn -0.3322 -0.8808 -0.3373
vn 0.3145 0.7666 0.5599
vn 0.4149 0.7571 0.5046
vn 0.3603 0.8237 0.4378
vn 0.2348 0.8151 0.5296
vn 0.3672 0.7034 0.6086
vn 0.4431 0.7087 0.5490
vn 0.5139 0.7328 0.4460
vn 0.4714 0.8062 0.3576
vn 0.5295 0.7051 0.4717
vn 0.4971 0.8218 0.2783
vn 0.3298 0.8304 0.4491
vn 0.1667 0.8129 0.5580
vn 0.2358 0.8033 0.5470
vn -0.1579 -0.9674 -0.1980
vn -0.1206 -0.9112 -0.3939
vn -0.0199 -0.9525 -0.3039
vn -0.3637 -0.8111 -0.4581
vn -0.2713 -0.8852 -0.3780
vn -0.1912 -0.8808 -0.4333
vn -0.2610 -0.9247 -0.2770
vn -0.3504 -0.9351 -0.0538
vn -0.0182 -0.9215 -0.3880
vn -0.2070 -0.9681 -0.1411
vn -0.1863 -0.7780 -0.6000
vn -0.4139 -0.7521 -0.5129
vn 0.0282 -0.7586 -0.6509
vn -0.2128 -0.6873 -0.6945
vn -0.4371 -0.7088 -0.5537
vn -0.0003 -0.5977 -0.8017
vn -0.4700 -0.6558 -0.5908
vn -0.5614 -0.6367 -0.5286
vn -0.2549 -0.6091 -0.7510
vn -0.4538 -0.4547 -0.7663
vn -0.4836 -0.5839 -0.6521
vn -0.5615 -0.5062 -0.6546
vn -0.8209 -0.4764 -0.3150
vn -0.7723 -0.3189 -0.5494
vn -0.4549 -0.4350 -0.7771
vn -0.5597 -0.2432 -0.7922
vn -0.4975 -0.4266 -0.7553
vn -0.6224 -0.2610 -0.7379
vn -0.6350 -0.3883 -0.6678
vn -0.6447 -0.2512 -0.7220
vn -0.4113 -0.3118 -0.8565
vn -0.2170 -0.4285 -0.8771
vn 0.5691 0.6473 0.5071
vn 0.4778 0.6527 0.5879
vn 0.5068 0.5663 0.6500
vn 0.6293 0.5695 0.5288
vn 0.4409 0.5983 0.6691
vn 0.6803 0.5421 0.4933
vn 0.4088 0.5771 0.7070
vn 0.3614 0.5412 0.7593
vn 0.3798 0.6772 0.6302
vn 0.5258 0.6362 0.5647
vt 0.259002 0.529269
vt 0.262158 0.530554
vt 0.261902 0.534684
vt 0.258658 0.534829
vt 0.260305 0.524047
vt 0.263126 0.526674
vt 0.344264 0.540269
vt 0.352455 0.537848
vt 0.353065 0.542529
vt 0.346550 0.544334
vt 0.343971 0.535035
vt 0.352455 0.532506
vt 0.372658 0.388592
vt 0.363926 0.386626
vt 0.366298 0.382403
vt 0.373215 0.383856
vt 0.372692 0.394014
vt 0.363643 0.391958
vt 0.370904 0.378529
vt 0.374192 0.378957
vt 0.354135 0.547377
vt 0.350971 0.547946
vt 0.374344 0.377542
vt 0.354302 0.548775
vt 0.263056 0.518218
vt 0.265169 0.522344
vt 0.389834 0.382942
vt 0.390867 0.378559
vt 0.394189 0.377542
vt 0.391589 0.386833
vt 0.386560 0.385918
vt 0.392389 0.383195
vt 0.250674 0.541326
vt 0.256086 0.540458
vt 0.256788 0.544113
vt 0.254135 0.544312
vt 0.258369 0.549832
vt 0.260334 0.508803
vt 0.263154 0.506239
vt 0.264816 0.510546
vt 0.262571 0.514601
vt 0.254900 0.548768
vt 0.248895 0.538118
vt 0.255685 0.536915
vt 0.259298 0.503575
vt 0.262384 0.502355
vt 0.248679 0.534106
vt 0.255710 0.532845
vt 0.259023 0.497959
vt 0.262181 0.498184
vt 0.391134 0.390383
vt 0.384867 0.389136
vt 0.391133 0.394496
vt 0.384651 0.393191
vt 0.391159 0.398615
vt 0.384892 0.397368
vt 0.248917 0.529983
vt 0.255707 0.528781
vt 0.250715 0.526412
vt 0.256126 0.525544
vt 0.391635 0.401925
vt 0.386606 0.401010
vt 0.262158 0.538688
vt 0.259002 0.540221
vt 0.263126 0.541588
vt 0.260305 0.544124
vt 0.265169 0.544037
vt 0.263056 0.547421
vt 0.392456 0.405147
vt 0.389901 0.404895
vt 0.390957 0.408111
vt 0.394189 0.409527
vt 0.254194 0.522619
vt 0.256847 0.522420
vt 0.258369 0.518218
vt 0.254979 0.519565
vt 0.263154 0.491147
vt 0.260334 0.488486
vt 0.262571 0.485049
vt 0.264816 0.488593
vt 0.262384 0.494123
vt 0.259298 0.492492
vt 0.363957 0.397460
vt 0.372689 0.399426
vt 0.373271 0.403719
vt 0.366354 0.402266
vt 0.374274 0.407849
vt 0.370986 0.407421
vt 0.353127 0.522918
vt 0.346612 0.524723
vt 0.351061 0.519421
vt 0.354225 0.518852
vt 0.352489 0.527151
vt 0.344298 0.529572
vt 0.354302 0.517891
vt 0.374344 0.408822
s 1
usemtl Material.001
f 1939/4248/1587 1942/4251/1590 1962/4250/1589 1940/4249/1588
f 1940/4249/1588 1953/4253/1592 1941/4252/1591 1939/4248/1587
f 1939/4254/1593 1941/4257/1596 1946/4256/1595 1943/4255/1594
f 1942/4258/1597 1939/4254/1593 1943/4255/1594 1945/4259/1598
f 1943/4260/1594 1946/4263/1595 1947/4262/1600 1944/4261/1599
f 1945/4264/1598 1943/4260/1594 1944/4261/1599 1982/4265/1601
f 1946/4263/1595 1948/4267/1603 1949/4266/1602 1947/4262/1600
f 1941/4257/1596 1951/4269/1604 1948/4268/1603 1946/4256/1595
f 1948/4267/1603 1950/4270/1605 1949/4266/1602
f 1951/4269/1604 1950/4271/1605 1948/4268/1603
f 1953/4253/1592 1952/4273/1607 1951/4272/1606 1941/4252/1591
f 1952/4274/1607 1950/4276/1608 1951/4275/1606
f 1955/4277/1609 1954/4279/1610 1952/4274/1607 1953/4278/1592
f 1954/4279/1610 1950/4276/1608 1952/4274/1607
f 1957/4280/1611 1956/4283/1612 1954/4282/1610 1955/4281/1609
f 1956/4283/1612 1950/4284/1613 1954/4282/1610
f 1947/4285/1614 1949/4288/1615 1956/4287/1612 1957/4286/1611
f 1949/4289/1615 1950/4284/1613 1956/4283/1612
f 1958/4290/1616 1957/4280/1611 1955/4281/1609 1960/4291/1617
f 1944/4292/1618 1947/4285/1614 1957/4286/1611 1958/4293/1616
f 1959/4294/1619 1958/4290/1616 1960/4291/1617 1961/4295/1620
f 1982/4296/1621 1944/4292/1618 1958/4293/1616 1959/4297/1619
f 1960/4298/1617 1955/4277/1609 1953/4278/1592 1940/4299/1588
f 1961/4300/1620 1960/4298/1617 1940/4299/1588 1962/4301/1589
f 1963/4302/1622 1961/4300/1620 1962/4301/1589 1966/4303/1623
f 1964/4304/1624 1959/4294/1619 1961/4295/1620 1963/4305/1622
f 1963/4305/1622 1965/4307/1626 1976/4306/1625 1964/4304/1624
f 1966/4303/1623 1968/4309/1627 1965/4308/1626 1963/4302/1622
f 1942/4251/1590 1967/4311/1628 1966/4310/1623 1962/4250/1589
f 1967/4311/1628 1969/4313/1629 1968/4312/1627 1966/4310/1623
f 1969/4313/1629 1971/4315/1631 1970/4314/1630 1968/4312/1627
f 1968/4309/1627 1970/4317/1630 1973/4316/1632 1965/4308/1626
f 1971/4318/1631 1972/4319/1633 1970/4317/1630
f 1970/4317/1630 1972/4319/1633 1973/4316/1632
f 1965/4307/1626 1973/4321/1632 1974/4320/1634 1976/4306/1625
f 1973/4321/1632 1972/4322/1633 1974/4320/1634
f 1974/4320/1634 1972/4322/1633 1975/4323/1635
f 1976/4324/1625 1974/4327/1634 1975/4326/1635 1977/4325/1636
f 1964/4328/1624 1976/4324/1625 1977/4325/1636 1978/4329/1637
f 1978/4330/1638 1977/4333/1641 1979/4332/1640 1980/4331/1639
f 1977/4333/1641 1975/4335/1643 1981/4334/1642 1979/4332/1640
f 1979/4336/1640 1981/4339/1642 1971/4338/1645 1969/4337/1644
f 1980/4340/1639 1979/4336/1640 1969/4337/1644 1967/4341/1646
f 1981/4339/1642 1972/4342/1647 1971/4338/1645
f 1975/4335/1643 1972/4343/1647 1981/4334/1642
f 1967/4341/1646 1942/4258/1597 1945/4259/1598 1980/4340/1639
f 1980/4331/1639 1945/4264/1598 1982/4265/1601 1978/4330/1638
f 1978/4329/1637 1982/4296/1621 1959/4297/1619 1964/4328/1624
o Cube.074
v -28.811222 14.848072 -26.607553
v -29.108313 14.866095 -26.283640
v -29.178349 15.193876 -27.063240
v -28.685066 14.339921 -26.110205
v -30.132465 14.746291 -26.523899
v -31.425432 14.848071 -26.239433
v -30.058283 14.238139 -26.019236
v -30.202522 15.092094 -27.021418
v -31.198420 15.193875 -26.778786
v -30.280531 15.380676 -27.575390
v -30.682289 15.482458 -27.416420
v -30.301266 15.486461 -27.722631
v -29.850496 15.482457 -27.533548
v -29.880314 15.337334 -26.971498
v -29.381025 15.122968 -26.622139
v -30.203392 15.235553 -27.028399
v -30.145447 15.021186 -26.616898
v -30.498192 15.337334 -26.884489
v -30.881590 15.122967 -26.410841
v -31.050219 14.866094 -26.010195
v -31.033720 14.488625 -25.629877
v -30.093403 14.764313 -26.247324
v -30.038298 14.386844 -25.872442
v -29.014603 14.488626 -25.914202
v -29.987736 14.009375 -25.496923
v -30.944551 14.111156 -25.259792
v -29.951721 13.637133 -25.241161
v -29.002644 14.111156 -25.533243
v -28.668970 13.831769 -25.597361
v -29.187302 13.738914 -25.246407
v -28.917557 13.330654 -25.211220
v -29.598532 13.324165 -24.970432
v -29.471159 12.772316 -24.839699
v -29.889339 12.567595 -24.797354
v -29.921612 13.222383 -25.027332
v -30.216412 13.324165 -24.883423
v -30.302954 12.772316 -24.722569
v -30.687866 13.738914 -25.035105
v -30.937628 13.330654 -24.926764
v -31.283178 13.831768 -25.229240
v -29.941729 13.228872 -25.169401
v -29.990215 13.729987 -25.513704
v -29.901196 12.670535 -24.881538
v -31.403219 14.339919 -25.727448
vn -0.4565 -0.8074 -0.3738
vn -0.1919 -0.7742 -0.6032
vn -0.2150 -0.7025 -0.6784
vn -0.5898 -0.6110 -0.5280
vn -0.2600 -0.9275 -0.2686
vn -0.1112 -0.8711 -0.4783
vn -0.0229 0.7553 0.6550
vn 0.0879 0.7583 0.6459
vn 0.0760 0.8249 0.5602
vn -0.0721 0.8130 0.5778
vn -0.0072 0.7041 0.7101
vn 0.0936 0.7085 0.6995
vn 0.2030 0.7426 0.6382
vn 0.2203 0.8093 0.5445
vn 0.2029 0.7047 0.6799
vn 0.2865 0.8183 0.4983
vn 0.0645 0.8287 0.5560
vn -0.1490 0.8138 0.5617
vn 0.3932 0.7721 0.4993
vn -0.2400 0.7721 0.5885
vn 0.0354 -0.9681 -0.2481
vn 0.0276 -0.9171 -0.3978
vn 0.1544 -0.9490 -0.2750
vn -0.0739 -0.8122 -0.5787
vn -0.0486 -0.8939 -0.4455
vn 0.0097 -0.8725 -0.4885
vn -0.1044 -0.9197 -0.3785
vn -0.2397 -0.9446 -0.2244
vn 0.1743 -0.9281 -0.3289
vn -0.1102 -0.9679 -0.2259
vn 0.0634 -0.7662 -0.6395
vn -0.0854 -0.7544 -0.6509
vn 0.3393 -0.8016 -0.4923
vn -0.2382 -0.7016 -0.6716
vn -0.0901 -0.7085 -0.6999
vn 0.4220 -0.6065 -0.6739
vn 0.4226 -0.6105 -0.6698
vn -0.0958 -0.6578 -0.7470
vn -0.2057 -0.6341 -0.7454
vn 0.0526 -0.6239 -0.7797
vn -0.0314 -0.4777 -0.8780
vn -0.0922 -0.5857 -0.8053
vn -0.1531 -0.5009 -0.8519
vn -0.5153 -0.4477 -0.7308
vn -0.3494 -0.3071 -0.8852
vn -0.0346 -0.4063 -0.9131
vn -0.0406 -0.2392 -0.9701
vn -0.0824 -0.4432 -0.8926
vn 0.0749 -0.2497 -0.9654
vn -0.1723 -0.3826 -0.9077
vn -0.3388 -0.2497 -0.9071
vn -0.2146 -0.2421 -0.9462
vn 0.0851 -0.3039 -0.9489
vn 0.2784 -0.4312 -0.8582
vn 0.2172 0.6505 0.7278
vn 0.1003 0.6536 0.7501
vn 0.1016 0.5676 0.8170
vn 0.2602 0.5677 0.7810
vn 0.0801 0.5917 0.8022
vn 0.3263 0.5462 0.7715
vn -0.0301 0.5714 0.8201
vn -0.0996 0.5457 0.8320
vn -0.0078 0.6629 0.7486
vn -0.2174 0.6028 0.7677
vn 0.4209 0.6028 0.6778
vt 0.368942 0.470163
vt 0.371920 0.470399
vt 0.372111 0.474088
vt 0.369199 0.475130
vt 0.369069 0.464781
vt 0.372015 0.466400
vt 0.344707 0.507609
vt 0.354511 0.506475
vt 0.355212 0.511287
vt 0.347514 0.512139
vt 0.343971 0.501984
vt 0.354142 0.500800
vt 0.363234 0.505126
vt 0.361829 0.510221
vt 0.363234 0.499403
vt 0.358624 0.515658
vt 0.356216 0.516160
vt 0.352729 0.516448
vt 0.318608 0.424135
vt 0.319389 0.421131
vt 0.319864 0.424135
vt 0.356416 0.517602
vt 0.369929 0.458020
vt 0.372653 0.461379
vt 0.332945 0.538198
vt 0.333394 0.542200
vt 0.330069 0.544217
vt 0.330128 0.535037
vt 0.335984 0.534092
vt 0.330245 0.538657
vt 0.325251 0.535741
vt 0.328525 0.538876
vt 0.335023 0.410052
vt 0.332525 0.410052
vt 0.332164 0.404396
vt 0.323036 0.538893
vt 0.327444 0.543114
vt 0.335061 0.405444
vt 0.323351 0.532414
vt 0.329806 0.531467
vt 0.320478 0.534414
vt 0.322371 0.528252
vt 0.329103 0.527263
vt 0.319160 0.528811
vt 0.337241 0.530280
vt 0.336814 0.526033
vt 0.328367 0.523063
vt 0.335802 0.521876
vt 0.321912 0.524010
vt 0.322613 0.520334
vt 0.327490 0.519630
vt 0.333347 0.518685
vt 0.372653 0.477441
vt 0.369929 0.479643
vt 0.337241 0.520228
vt 0.333935 0.515932
vt 0.329108 0.515787
vt 0.328229 0.512031
vt 0.326408 0.516247
vt 0.324541 0.511575
vt 0.324688 0.516466
vt 0.322279 0.512945
vt 0.319486 0.518152
vt 0.318541 0.523100
vt 0.362541 0.493772
vt 0.353817 0.495120
vt 0.353941 0.490471
vt 0.360558 0.489405
vt 0.354367 0.485882
vt 0.356775 0.485380
vt 0.346243 0.491323
vt 0.350880 0.486169
vt 0.344014 0.496254
vt 0.354352 0.484843
s 1
usemtl Material.001
f 1983/4344/1648 1986/4347/1651 2006/4346/1650 1984/4345/1649
f 1984/4345/1649 1997/4349/1653 1985/4348/1652 1983/4344/1648
f 1983/4350/1654 1985/4353/1657 1990/4352/1656 1987/4351/1655
f 1986/4354/1658 1983/4350/1654 1987/4351/1655 1989/4355/1659
f 1987/4351/1655 1990/4352/1656 1991/4357/1661 1988/4356/1660
f 1989/4355/1659 1987/4351/1655 1988/4356/1660 2026/4358/1662
f 1990/4352/1656 1992/4360/1664 1993/4359/1663 1991/4357/1661
f 1985/4353/1657 1995/4361/1665 1992/4360/1664 1990/4352/1656
f 1992/4362/1664 1994/4364/1666 1993/4363/1663
f 1995/4361/1665 1994/4365/1667 1992/4360/1664
f 1997/4349/1653 1996/4367/1669 1995/4366/1668 1985/4348/1652
f 1996/4368/1669 1994/4370/1670 1995/4369/1668
f 1999/4371/1671 1998/4373/1672 1996/4368/1669 1997/4372/1653
f 1998/4373/1672 1994/4370/1670 1996/4368/1669
f 2001/4374/1673 2000/4375/1674 1998/4373/1672 1999/4371/1671
f 2000/4376/1674 1994/4378/1675 1998/4377/1672
f 1991/4379/1676 1993/4380/1677 2000/4375/1674 2001/4374/1673
f 1993/4381/1677 1994/4378/1675 2000/4376/1674
f 2002/4382/1678 2001/4374/1673 1999/4371/1671 2004/4383/1679
f 1988/4384/1680 1991/4379/1676 2001/4374/1673 2002/4382/1678
f 2003/4385/1681 2002/4382/1678 2004/4383/1679 2005/4386/1682
f 2026/4387/1683 1988/4384/1680 2002/4382/1678 2003/4385/1684
f 2004/4383/1679 1999/4371/1671 1997/4372/1653 1984/4388/1649
f 2005/4386/1682 2004/4383/1679 1984/4388/1649 2006/4389/1650
f 2007/4390/1685 2005/4386/1682 2006/4389/1650 2010/4391/1686
f 2008/4392/1687 2003/4385/1681 2005/4386/1682 2007/4390/1685
f 2007/4390/1685 2009/4394/1689 2020/4393/1688 2008/4392/1687
f 2010/4391/1686 2012/4395/1690 2009/4394/1689 2007/4390/1685
f 1986/4347/1651 2011/4397/1691 2010/4396/1686 2006/4346/1650
f 2011/4398/1691 2013/4399/1692 2012/4395/1690 2010/4391/1686
f 2013/4399/1692 2015/4401/1694 2014/4400/1693 2012/4395/1690
f 2012/4395/1690 2014/4400/1693 2017/4402/1695 2009/4394/1689
f 2015/4401/1694 2016/4403/1696 2014/4400/1693
f 2014/4400/1693 2016/4403/1696 2017/4402/1695
f 2009/4394/1689 2017/4402/1695 2018/4404/1697 2020/4393/1688
f 2017/4402/1695 2016/4403/1698 2018/4404/1697
f 2018/4404/1697 2016/4403/1698 2019/4405/1699
f 2020/4393/1688 2018/4404/1697 2019/4405/1699 2021/4406/1700
f 2008/4392/1687 2020/4393/1688 2021/4406/1700 2022/4407/1701
f 2022/4408/1702 2021/4411/1705 2023/4410/1704 2024/4409/1703
f 2021/4411/1705 2019/4413/1707 2025/4412/1706 2023/4410/1704
f 2023/4410/1704 2025/4412/1706 2015/4415/1709 2013/4414/1708
f 2024/4409/1703 2023/4410/1704 2013/4414/1708 2011/4416/1710
f 2025/4412/1706 2016/4417/1711 2015/4415/1709
f 2019/4413/1707 2016/4417/1712 2025/4412/1706
f 2011/4416/1710 1986/4354/1658 1989/4355/1659 2024/4409/1703
f 2024/4409/1703 1989/4355/1659 2026/4358/1662 2022/4408/1702
f 2022/4407/1701 2026/4387/1683 2003/4385/1684 2008/4392/1687
o Cube.075
v -28.661623 11.532635 -29.431047
v -28.236094 11.550657 -29.321022
v -28.891336 11.878438 -28.892841
v -28.281900 11.024484 -29.776125
v -27.966885 11.430853 -28.304096
v -27.108177 11.532635 -27.296474
v -27.556274 10.922702 -28.606739
v -28.373125 11.776657 -28.008453
v -27.690943 11.878439 -27.243397
v -28.825455 12.065238 -27.679266
v -28.496330 12.167020 -27.399342
v -28.945681 12.171022 -27.591774
v -28.990610 12.167020 -28.078522
v -28.480473 12.021896 -28.316332
v -28.406729 11.807530 -28.921227
v -28.378878 11.920115 -28.004408
v -28.042871 11.705749 -28.248938
v -28.113312 12.021896 -27.811813
v -27.515047 11.807530 -27.695974
v -27.082150 11.550657 -27.735405
v -26.754196 11.173188 -27.928692
v -27.741108 11.448876 -28.468546
v -27.436094 11.071406 -28.693359
v -27.954025 11.173188 -29.577358
v -27.128386 10.693937 -28.914459
v -26.469427 10.795719 -28.181318
v -26.919548 10.321695 -29.066444
v -27.623371 10.795719 -29.766935
v -27.836773 10.516332 -30.031336
v -27.283405 10.423477 -29.738733
v -27.379108 10.015217 -29.993372
v -26.846548 10.008729 -29.505430
v -26.791008 9.456880 -29.679298
v -26.557114 9.252158 -29.330067
v -26.744949 9.906947 -29.193506
v -26.479383 10.008729 -29.000917
v -26.296728 9.456880 -29.000114
v -26.391722 10.423477 -28.513481
v -26.178717 10.015218 -28.343933
v -26.283325 10.516332 -27.896769
v -26.860897 9.913435 -29.108984
v -27.142035 10.414551 -28.904388
v -26.625853 9.355098 -29.280041
v -26.666685 11.024484 -27.556681
vn -0.1390 -0.7393 0.6588
vn -0.3087 -0.7929 0.5254
vn -0.3702 -0.6870 0.6253
vn -0.2004 -0.5968 0.7770
vn -0.1105 -0.9127 0.3935
vn -0.2848 -0.8868 0.3639
vn 0.6079 0.7329 -0.3055
vn 0.5268 0.7581 -0.3844
vn 0.4588 0.8239 -0.3326
vn 0.5449 0.8060 -0.2312
vn 0.6293 0.7051 -0.3267
vn 0.5665 0.7085 -0.4208
vn 0.4463 0.7633 -0.4671
vn 0.3660 0.8127 -0.4534
vn 0.5056 0.7037 -0.4992
vn 0.3041 0.8173 -0.4895
vn 0.4340 0.8306 -0.3489
vn 0.5495 0.8223 -0.1481
vn 0.3707 0.8048 -0.4636
vn -0.2287 -0.9683 0.1003
vn -0.3253 -0.9252 0.1953
vn -0.1577 -0.9612 0.2265
vn -0.4690 -0.8113 0.3491
vn -0.3622 -0.8863 0.2885
vn -0.4048 -0.8882 0.2174
vn -0.2040 -0.9083 0.3653
vn -0.4137 -0.9102 -0.0182
vn -0.2285 -0.9652 0.1274
vn -0.5651 -0.7925 0.2293
vn -0.5288 -0.7532 0.3911
vn -0.6105 -0.7890 -0.0686
vn -0.6555 -0.6988 0.2865
vn -0.5631 -0.7086 0.4253
vn -0.7894 -0.6110 -0.0585
vn -0.6031 -0.6571 0.4522
vn -0.4339 -0.6059 0.6668
vn -0.6906 -0.6309 0.3536
vn -0.7160 -0.4988 0.4884
vn -0.6361 -0.5845 0.5038
vn -0.6399 -0.4591 0.6162
vn -0.4122 -0.4401 0.7977
vn -0.5993 -0.3178 0.7348
vn -0.7892 -0.3989 0.4670
vn -0.7962 -0.2533 0.5495
vn -0.6836 -0.4325 0.5879
vn -0.7843 -0.2639 0.5614
vn -0.6341 -0.4330 0.6406
vn -0.7471 -0.2464 0.6173
vn -0.8854 -0.3231 0.3342
vn -0.8704 -0.4830 0.0950
vn 0.5235 0.6769 -0.5174
vn 0.6087 0.6539 -0.4493
vn 0.6551 0.5668 -0.4996
vn 0.5706 0.5779 -0.5835
vn 0.6030 0.5984 -0.5276
vn 0.5394 0.5401 -0.6460
vn 0.7372 0.5722 -0.3594
vn 0.7806 0.5407 -0.3135
vn 0.6723 0.6528 -0.3490
vn 0.6471 0.6362 -0.4201
vt 0.318677 0.409604
vt 0.321511 0.410666
vt 0.321460 0.414902
vt 0.318608 0.415307
vt 0.318979 0.404396
vt 0.321736 0.406797
vt 0.236958 0.474801
vt 0.229262 0.467645
vt 0.232441 0.463996
vt 0.238419 0.469581
vt 0.233338 0.479249
vt 0.225341 0.471818
vt 0.221833 0.460974
vt 0.226731 0.458897
vt 0.217611 0.464872
vt 0.233274 0.458253
vt 0.235546 0.460211
vt 0.238086 0.462653
vt 0.237082 0.488027
vt 0.238400 0.485111
vt 0.238400 0.488539
vt 0.236503 0.459121
vt 0.283653 0.507542
vt 0.285582 0.510166
vt 0.281364 0.515668
vt 0.280520 0.511629
vt 0.278034 0.517672
vt 0.277592 0.508448
vt 0.277852 0.512082
vt 0.272115 0.509083
vt 0.275769 0.512264
vt 0.368258 0.424330
vt 0.366345 0.423124
vt 0.368258 0.417504
vt 0.270050 0.512240
vt 0.274969 0.516522
vt 0.270036 0.505732
vt 0.277210 0.504871
vt 0.267252 0.507729
vt 0.269100 0.501569
vt 0.276570 0.500667
vt 0.265991 0.502124
vt 0.284967 0.503739
vt 0.284624 0.499496
vt 0.275895 0.496469
vt 0.283653 0.495337
vt 0.268722 0.497330
vt 0.269705 0.493680
vt 0.275182 0.493044
vt 0.281243 0.492139
vt 0.321736 0.419014
vt 0.318979 0.420842
vt 0.285582 0.493735
vt 0.282338 0.489430
vt 0.277014 0.489224
vt 0.276645 0.485506
vt 0.274346 0.489677
vt 0.272965 0.485037
vt 0.272263 0.489859
vt 0.270249 0.486360
vt 0.266806 0.491504
vt 0.265482 0.496419
vt 0.213956 0.469288
vt 0.221385 0.475959
vt 0.218001 0.479237
vt 0.212291 0.474138
vt 0.214541 0.482380
vt 0.212269 0.480423
vt 0.223979 0.484822
vt 0.217082 0.484822
vt 0.229081 0.483115
vt 0.213803 0.483125
s 1
usemtl Material.001
f 2027/4418/1713 2030/4421/1716 2050/4420/1715 2028/4419/1714
f 2028/4419/1714 2041/4423/1718 2029/4422/1717 2027/4418/1713
f 2027/4424/1719 2029/4427/1722 2034/4426/1721 2031/4425/1720
f 2030/4428/1723 2027/4424/1719 2031/4425/1720 2033/4429/1724
f 2031/4425/1720 2034/4426/1721 2035/4431/1726 2032/4430/1725
f 2033/4429/1724 2031/4425/1720 2032/4430/1725 2070/4432/1727
f 2034/4426/1721 2036/4434/1729 2037/4433/1728 2035/4431/1726
f 2029/4427/1722 2039/4435/1730 2036/4434/1729 2034/4426/1721
f 2036/4436/1729 2038/4438/1731 2037/4437/1728
f 2039/4435/1730 2038/4439/1731 2036/4434/1729
f 2041/4440/1718 2040/4443/1733 2039/4442/1732 2029/4441/1717
f 2040/4443/1733 2038/4444/1734 2039/4442/1732
f 2043/4445/1735 2042/4446/1736 2040/4443/1733 2041/4440/1718
f 2042/4446/1736 2038/4444/1734 2040/4443/1733
f 2045/4447/1737 2044/4448/1738 2042/4446/1736 2043/4445/1735
f 2044/4449/1738 2038/4451/1734 2042/4450/1736
f 2035/4452/1739 2037/4453/1740 2044/4448/1738 2045/4447/1737
f 2037/4453/1740 2038/4444/1734 2044/4448/1738
f 2046/4454/1741 2045/4447/1737 2043/4445/1735 2048/4455/1742
f 2032/4456/1743 2035/4452/1739 2045/4447/1737 2046/4454/1741
f 2047/4457/1744 2046/4454/1741 2048/4455/1742 2049/4458/1745
f 2070/4459/1746 2032/4456/1743 2046/4454/1741 2047/4457/1744
f 2048/4455/1742 2043/4445/1735 2041/4440/1718 2028/4460/1714
f 2049/4458/1745 2048/4455/1742 2028/4460/1714 2050/4461/1715
f 2051/4462/1747 2049/4458/1745 2050/4461/1715 2054/4463/1748
f 2052/4464/1749 2047/4457/1744 2049/4458/1745 2051/4462/1747
f 2051/4462/1747 2053/4466/1751 2064/4465/1750 2052/4464/1749
f 2054/4463/1748 2056/4467/1752 2053/4466/1751 2051/4462/1747
f 2030/4421/1716 2055/4469/1753 2054/4468/1748 2050/4420/1715
f 2055/4470/1753 2057/4471/1754 2056/4467/1752 2054/4463/1748
f 2057/4471/1754 2059/4473/1756 2058/4472/1755 2056/4467/1752
f 2056/4467/1752 2058/4472/1755 2061/4474/1757 2053/4466/1751
f 2059/4473/1756 2060/4475/1758 2058/4472/1755
f 2058/4472/1755 2060/4475/1758 2061/4474/1757
f 2053/4466/1751 2061/4474/1757 2062/4476/1759 2064/4465/1750
f 2061/4474/1757 2060/4475/1758 2062/4476/1759
f 2062/4476/1759 2060/4475/1758 2063/4477/1760
f 2064/4465/1750 2062/4476/1759 2063/4477/1760 2065/4478/1761
f 2052/4464/1749 2064/4465/1750 2065/4478/1761 2066/4479/1762
f 2066/4480/1763 2065/4483/1766 2067/4482/1765 2068/4481/1764
f 2065/4483/1766 2063/4485/1768 2069/4484/1767 2067/4482/1765
f 2067/4482/1765 2069/4484/1767 2059/4487/1770 2057/4486/1769
f 2068/4481/1764 2067/4482/1765 2057/4486/1769 2055/4488/1771
f 2069/4484/1767 2060/4489/1772 2059/4487/1770
f 2063/4485/1768 2060/4489/1772 2069/4484/1767
f 2055/4488/1771 2030/4428/1723 2033/4429/1724 2068/4481/1764
f 2068/4481/1764 2033/4429/1724 2070/4432/1727 2066/4480/1763
f 2066/4479/1762 2070/4459/1746 2047/4457/1744 2052/4464/1749
o Cube.076
v -28.334517 14.848066 -26.384850
v -28.509157 14.866089 -25.981512
v -28.830624 15.193871 -26.695192
v -28.052454 14.339915 -25.956236
v -29.555517 14.746284 -25.873150
v -30.684040 14.848065 -25.180969
v -29.320166 14.238133 -25.420603
v -29.784634 15.092090 -26.320297
v -30.646164 15.193870 -25.764919
v -30.039743 15.380671 -26.818180
v -30.367294 15.482451 -26.536411
v -30.107550 15.486455 -26.950510
v -29.619719 15.482452 -26.919468
v -29.463840 15.337329 -26.378637
v -28.877678 15.122962 -26.212042
v -29.787739 15.235547 -26.326607
v -29.598236 15.021180 -25.956766
v -30.019159 15.337329 -26.094095
v -30.226313 15.122961 -25.521009
v -30.254450 14.866089 -25.087234
v -30.114321 14.488620 -24.733292
v -29.428041 14.764307 -25.624613
v -29.253214 14.386838 -25.288446
v -28.299633 14.488620 -25.663124
v -29.082472 14.009369 -24.950191
v -29.908878 14.111151 -24.412809
v -28.964687 13.637127 -24.720325
v -28.163586 14.111151 -25.307087
v -27.869307 13.831763 -25.476940
v -28.244133 13.738909 -24.975599
v -27.977739 13.330648 -25.030685
v -28.542318 13.324160 -24.580175
v -28.379158 12.772311 -24.498362
v -28.760416 12.567590 -24.321415
v -28.866217 13.222378 -24.528145
v -29.097637 13.324161 -24.295633
v -29.126736 12.772310 -24.115307
v -29.592768 13.738909 -24.284569
v -29.793280 13.330648 -24.100412
v -30.218830 13.831763 -24.273054
v -28.931749 13.228867 -24.655790
v -29.090309 13.729981 -24.965235
v -28.799185 12.670529 -24.397076
v -30.495399 14.339914 -24.704487
vn -0.5559 -0.8057 -0.2047
vn -0.3646 -0.7841 -0.5022
vn -0.4184 -0.7020 -0.5762
vn -0.7292 -0.6132 -0.3038
vn -0.3438 -0.9237 -0.1690
vn -0.2453 -0.8748 -0.4178
vn 0.1856 0.7659 0.6156
vn 0.2936 0.7568 0.5840
vn 0.2542 0.8238 0.5067
vn 0.1119 0.8157 0.5675
vn 0.2260 0.7035 0.6738
vn 0.3125 0.7087 0.6326
vn 0.4040 0.7344 0.5454
vn 0.3832 0.8069 0.4496
vn 0.4142 0.7051 0.5756
vn 0.4269 0.8210 0.3791
vn 0.2250 0.8298 0.5106
vn 0.0357 0.8101 0.5851
vn 0.1342 0.8064 0.5759
vn -0.0769 -0.9683 -0.2377
vn -0.0590 -0.9147 -0.3997
vn 0.0461 -0.9527 -0.3004
vn -0.2527 -0.8112 -0.5273
vn -0.1790 -0.8873 -0.4251
vn -0.1088 -0.8768 -0.4683
vn -0.1991 -0.9233 -0.3285
vn -0.3184 -0.9389 -0.1306
vn 0.0604 -0.9258 -0.3731
vn -0.1769 -0.9679 -0.1784
vn -0.0823 -0.7677 -0.6355
vn -0.2900 -0.7520 -0.5920
vn 0.1641 -0.7814 -0.6020
vn -0.4448 -0.7020 -0.5562
vn -0.3054 -0.7087 -0.6360
vn 0.1753 -0.6003 -0.7803
vn 0.1826 -0.6163 -0.7661
vn -0.3279 -0.6554 -0.6804
vn -0.4218 -0.6395 -0.6427
vn -0.1196 -0.6134 -0.7806
vn -0.2743 -0.4565 -0.8464
vn -0.3274 -0.5839 -0.7429
vn -0.3999 -0.5099 -0.7616
vn -0.7308 -0.4674 -0.4973
vn -0.6287 -0.3143 -0.7113
vn -0.2833 -0.4309 -0.8568
vn -0.3625 -0.2407 -0.9004
vn -0.3165 -0.4273 -0.8469
vn -0.4459 -0.2583 -0.8570
vn -0.4581 -0.3800 -0.8036
vn -0.4866 -0.2481 -0.8377
vn -0.2247 -0.3068 -0.9249
vn -0.0269 -0.4232 -0.9056
vn 0.4460 0.6455 0.6200
vn 0.3370 0.6522 0.6790
vn 0.3509 0.5662 0.7459
vn 0.5018 0.5676 0.6527
vn 0.2885 0.5968 0.7487
vn 0.5585 0.5438 0.6264
vn 0.2439 0.5757 0.7804
vn 0.1844 0.5428 0.8194
vn 0.2344 0.6745 0.7001
vn 0.3849 0.6363 0.6685
vt 0.286181 0.526431
vt 0.289271 0.527481
vt 0.289041 0.531486
vt 0.285871 0.531823
vt 0.287232 0.521117
vt 0.290052 0.523534
vt 0.366110 0.509001
vt 0.374421 0.505445
vt 0.376075 0.509979
vt 0.369481 0.512712
vt 0.364498 0.503769
vt 0.373110 0.500069
vt 0.362726 0.468856
vt 0.354464 0.466617
vt 0.356380 0.462606
vt 0.362946 0.464242
vt 0.363214 0.474022
vt 0.354656 0.471678
vt 0.360442 0.458965
vt 0.363618 0.459396
vt 0.378154 0.514547
vt 0.374994 0.515637
vt 0.363668 0.458020
vt 0.378635 0.515906
vt 0.289496 0.514940
vt 0.291734 0.518945
vt 0.281011 0.523490
vt 0.281751 0.519227
vt 0.285232 0.517961
vt 0.282980 0.527240
vt 0.277535 0.526794
vt 0.283673 0.523587
vt 0.390543 0.447251
vt 0.395595 0.445863
vt 0.396389 0.449440
vt 0.393828 0.449822
vt 0.398177 0.455080
vt 0.396116 0.402379
vt 0.398936 0.399677
vt 0.401017 0.403683
vt 0.398917 0.407772
vt 0.394846 0.454321
vt 0.388844 0.444312
vt 0.395142 0.442422
vt 0.394787 0.397307
vt 0.397948 0.395909
vt 0.388652 0.440485
vt 0.395167 0.438506
vt 0.394478 0.391599
vt 0.397719 0.391669
vt 0.282586 0.530831
vt 0.275749 0.530211
vt 0.282582 0.535040
vt 0.275502 0.534389
vt 0.282607 0.539252
vt 0.275770 0.538632
vt 0.388869 0.436491
vt 0.395167 0.434600
vt 0.390589 0.432912
vt 0.395641 0.431524
vt 0.283020 0.542678
vt 0.277575 0.542232
vt 0.289271 0.535303
vt 0.286181 0.536961
vt 0.290052 0.537873
vt 0.287232 0.540421
vt 0.291734 0.539802
vt 0.289496 0.543018
vt 0.283731 0.546043
vt 0.281070 0.545945
vt 0.281830 0.549456
vt 0.285232 0.550671
vt 0.393895 0.428965
vt 0.396456 0.428583
vt 0.398177 0.424676
vt 0.348873 0.484083
vt 0.347067 0.482650
vt 0.348873 0.479465
vt 0.398936 0.384239
vt 0.396116 0.381596
vt 0.398917 0.377542
vt 0.401017 0.381228
vt 0.397948 0.387488
vt 0.394787 0.385971
vt 0.378635 0.490998
vt 0.371834 0.494677
vt 0.371332 0.490237
vt 0.376415 0.487380
vt 0.363130 0.421854
vt 0.359578 0.416094
vt 0.361160 0.412391
vt 0.363130 0.414920
vt 0.364738 0.492970
vt 0.368095 0.486921
vt 0.371255 0.485831
vt 0.363523 0.498232
vt 0.371084 0.484843
vt 0.361686 0.411625
vt 0.363668 0.479175
vt 0.355406 0.476937
s 1
usemtl Material.001
f 2071/4490/1773 2074/4493/1776 2094/4492/1775 2072/4491/1774
f 2072/4491/1774 2085/4495/1778 2073/4494/1777 2071/4490/1773
f 2071/4496/1779 2073/4499/1782 2078/4498/1781 2075/4497/1780
f 2074/4500/1783 2071/4496/1779 2075/4497/1780 2077/4501/1784
f 2075/4502/1780 2078/4505/1781 2079/4504/1786 2076/4503/1785
f 2077/4506/1784 2075/4502/1780 2076/4503/1785 2114/4507/1787
f 2078/4505/1781 2080/4509/1789 2081/4508/1788 2079/4504/1786
f 2073/4499/1782 2083/4511/1790 2080/4510/1789 2078/4498/1781
f 2080/4509/1789 2082/4512/1791 2081/4508/1788
f 2083/4511/1790 2082/4513/1791 2080/4510/1789
f 2085/4495/1778 2084/4515/1793 2083/4514/1792 2073/4494/1777
f 2084/4516/1793 2082/4518/1794 2083/4517/1792
f 2087/4519/1795 2086/4521/1796 2084/4516/1793 2085/4520/1778
f 2086/4521/1796 2082/4518/1794 2084/4516/1793
f 2089/4522/1797 2088/4525/1798 2086/4524/1796 2087/4523/1795
f 2088/4525/1798 2082/4526/1799 2086/4524/1796
f 2079/4527/1800 2081/4530/1801 2088/4529/1798 2089/4528/1797
f 2081/4531/1801 2082/4526/1799 2088/4525/1798
f 2090/4532/1802 2089/4522/1797 2087/4523/1795 2092/4533/1803
f 2076/4534/1804 2079/4527/1800 2089/4528/1797 2090/4535/1802
f 2091/4536/1805 2090/4532/1802 2092/4533/1803 2093/4537/1806
f 2114/4538/1807 2076/4534/1804 2090/4535/1802 2091/4539/1808
f 2092/4540/1803 2087/4519/1795 2085/4520/1778 2072/4541/1774
f 2093/4542/1806 2092/4540/1803 2072/4541/1774 2094/4543/1775
f 2095/4544/1809 2093/4542/1806 2094/4543/1775 2098/4545/1810
f 2096/4546/1811 2091/4536/1805 2093/4537/1806 2095/4547/1809
f 2095/4547/1809 2097/4549/1813 2108/4548/1812 2096/4546/1811
f 2098/4545/1810 2100/4551/1814 2097/4550/1813 2095/4544/1809
f 2074/4493/1776 2099/4553/1815 2098/4552/1810 2094/4492/1775
f 2099/4553/1815 2101/4555/1816 2100/4554/1814 2098/4552/1810
f 2101/4555/1816 2103/4557/1818 2102/4556/1817 2100/4554/1814
f 2100/4551/1814 2102/4559/1817 2105/4558/1819 2097/4550/1813
f 2103/4560/1818 2104/4561/1820 2102/4559/1817
f 2102/4559/1817 2104/4561/1820 2105/4558/1819
f 2097/4549/1813 2105/4563/1819 2106/4562/1821 2108/4548/1812
f 2105/4563/1819 2104/4564/1820 2106/4562/1821
f 2106/4565/1821 2104/4567/1820 2107/4566/1822
f 2108/4568/1812 2106/4571/1821 2107/4570/1822 2109/4569/1823
f 2096/4572/1811 2108/4568/1812 2109/4569/1823 2110/4573/1824
f 2110/4574/1825 2109/4577/1828 2111/4576/1827 2112/4575/1826
f 2109/4578/1828 2107/4581/1830 2113/4580/1829 2111/4579/1827
f 2111/4576/1827 2113/4584/1829 2103/4583/1832 2101/4582/1831
f 2112/4575/1826 2111/4576/1827 2101/4582/1831 2099/4585/1833
f 2113/4584/1829 2104/4586/1834 2103/4583/1832
f 2107/4581/1830 2104/4587/1834 2113/4580/1829
f 2099/4585/1833 2074/4500/1783 2077/4501/1784 2112/4575/1826
f 2112/4588/1826 2077/4506/1784 2114/4507/1787 2110/4589/1825
f 2110/4573/1824 2114/4538/1807 2091/4539/1808 2096/4572/1811
o Cube.077
v -28.463709 10.848071 -24.527870
v -28.792448 10.866094 -24.236124
v -28.782181 11.193874 -25.018797
v -28.389215 10.339919 -24.020208
v -29.786566 10.746289 -24.580126
v -31.101887 10.848070 -24.429731
v -29.764521 10.238137 -24.070517
v -29.805244 11.092093 -25.082209
v -30.820770 11.193874 -24.942965
v -29.826038 11.380674 -25.641256
v -30.241982 11.482456 -25.524319
v -29.831568 11.486459 -25.789848
v -29.402559 11.482456 -25.555542
v -29.489851 11.337333 -24.999512
v -29.029015 11.122966 -24.600801
v -29.805393 11.235551 -25.089241
v -29.789946 11.021184 -24.673962
v -30.113394 11.337332 -24.976316
v -30.543335 11.122966 -24.544472
v -30.752155 10.866093 -24.163229
v -30.774740 10.488624 -23.783222
v -29.776072 10.764312 -24.301003
v -29.759693 10.386843 -23.922449
v -28.737110 10.488625 -23.859020
v -29.747902 10.009373 -23.543722
v -30.723986 10.111155 -23.405947
v -29.738300 9.637132 -23.285618
v -28.764277 10.111156 -23.478844
v -28.425789 9.831767 -23.508413
v -28.977371 9.738913 -23.212456
v -28.712656 9.330652 -23.149796
v -29.414732 9.324164 -22.980099
v -29.301435 8.772315 -22.836992
v -29.721754 8.567594 -22.837753
v -29.730272 9.222383 -23.069828
v -30.038277 9.324163 -22.956903
v -30.140854 8.772315 -22.805769
v -30.491692 9.738913 -23.156124
v -30.751245 9.330653 -23.073965
v -31.063965 9.831767 -23.410275
v -29.735720 9.228871 -23.213207
v -29.748644 9.729986 -23.560671
v -29.724915 8.670533 -22.922710
v -31.132286 10.339918 -23.918169
vn -0.4167 -0.8063 -0.4197
vn -0.1426 -0.7709 -0.6208
vn -0.5326 -0.6087 -0.5880
vn -0.5326 -0.6098 -0.5870
vn -0.2300 -0.9280 -0.2932
vn -0.0731 -0.8713 -0.4854
vn -0.0889 0.7502 0.6551
vn 0.0234 0.7588 0.6509
vn 0.0202 0.8251 0.5646
vn -0.1271 0.8116 0.5702
vn -0.0800 0.7043 0.7053
vn 0.0248 0.7085 0.7053
vn 0.1370 0.7470 0.6505
vn 0.1665 0.8106 0.5615
vn 0.1321 0.7045 0.6973
vn 0.2377 0.8169 0.5256
vn 0.0171 0.8285 0.5597
vn -0.2011 0.8157 0.5425
vn 0.3399 0.7721 0.5370
vn -0.2991 0.7721 0.5608
vn 0.0649 -0.9680 -0.2425
vn 0.0553 -0.9179 -0.3930
vn 0.1871 -0.9474 -0.2597
vn -0.0196 -0.8124 -0.5828
vn -0.0128 -0.8949 -0.4461
vn 0.0462 -0.8716 -0.4880
vn -0.0758 -0.9186 -0.3879
vn -0.2099 -0.9462 -0.2462
vn 0.2071 -0.9281 -0.3093
vn -0.0847 -0.9679 -0.2365
vn 0.1090 -0.7683 -0.6307
vn -0.0227 -0.7550 -0.6554
vn 0.3857 -0.8044 -0.4518
vn -0.1681 -0.7013 -0.6927
vn -0.0238 -0.7085 -0.7053
vn 0.4890 -0.6081 -0.6254
vn 0.4890 -0.6091 -0.6244
vn 0.1161 -0.7011 -0.7035
vn -0.0254 -0.6585 -0.7522
vn -0.1460 -0.6302 -0.7626
vn 0.1059 -0.6278 -0.7711
vn 0.0354 -0.4870 -0.8727
vn -0.0243 -0.5861 -0.8099
vn -0.0840 -0.4933 -0.8658
vn -0.4327 -0.4410 -0.7863
vn -0.2538 -0.3054 -0.9178
vn 0.0387 -0.3963 -0.9173
vn 0.0559 -0.2399 -0.9692
vn -0.0216 -0.4459 -0.8948
vn 0.1729 -0.2494 -0.9528
vn -0.0932 -0.3897 -0.9162
vn -0.2432 -0.2494 -0.9374
vn -0.1238 -0.2406 -0.9627
vn 0.1832 -0.3046 -0.9347
vn 0.3696 -0.4371 -0.8200
vn 0.1409 0.6543 0.7430
vn 0.0267 0.6541 0.7559
vn 0.0269 0.5680 0.8226
vn 0.1774 0.5688 0.8031
vn 0.0212 0.5909 0.8065
vn 0.2457 0.5464 0.8007
vn -0.1160 0.5698 0.8135
vn -0.1854 0.5463 0.8168
vn -0.0850 0.6581 0.7481
vn -0.2949 0.6028 0.7414
vn 0.3492 0.6028 0.7174
vt 0.372943 0.470193
vt 0.375845 0.470286
vt 0.375988 0.473845
vt 0.373135 0.474985
vt 0.373037 0.464853
vt 0.375916 0.466319
vt 0.239594 0.507794
vt 0.249637 0.506818
vt 0.250295 0.511630
vt 0.242428 0.512365
vt 0.238833 0.502140
vt 0.249256 0.501122
vt 0.258734 0.505679
vt 0.257218 0.510731
vt 0.258734 0.499941
vt 0.253792 0.516069
vt 0.251219 0.516487
vt 0.247702 0.516742
vt 0.251407 0.517929
vt 0.373769 0.458020
vt 0.376460 0.461244
vt 0.359157 0.404126
vt 0.359831 0.408019
vt 0.356535 0.410102
vt 0.356224 0.401056
vt 0.362153 0.399945
vt 0.356468 0.404633
vt 0.351135 0.401997
vt 0.354620 0.404970
vt 0.341119 0.409926
vt 0.338636 0.409926
vt 0.338476 0.404396
vt 0.349031 0.405154
vt 0.353723 0.409157
vt 0.341309 0.405367
vt 0.349094 0.398757
vt 0.355803 0.397514
vt 0.346284 0.400792
vt 0.348037 0.394615
vt 0.355030 0.393319
vt 0.344862 0.395216
vt 0.363354 0.396102
vt 0.362864 0.391854
vt 0.354224 0.389131
vt 0.361774 0.387718
vt 0.347514 0.390373
vt 0.348238 0.386626
vt 0.353327 0.385686
vt 0.359257 0.384575
vt 0.376460 0.477039
vt 0.373769 0.479285
vt 0.363354 0.385932
vt 0.359965 0.381700
vt 0.354944 0.381769
vt 0.354159 0.377923
vt 0.352255 0.382276
vt 0.350451 0.377542
vt 0.350407 0.382613
vt 0.348051 0.379060
vt 0.345132 0.384462
vt 0.344157 0.389506
vt 0.258018 0.494281
vt 0.248920 0.495421
vt 0.248982 0.490734
vt 0.255905 0.489835
vt 0.249309 0.486093
vt 0.251882 0.485675
vt 0.241115 0.491469
vt 0.245792 0.486348
vt 0.238878 0.496396
vt 0.249286 0.485049
s 1
usemtl Material.001
f 2115/4590/1835 2118/4593/1838 2138/4592/1837 2116/4591/1836
f 2116/4591/1836 2129/4595/1840 2117/4594/1839 2115/4590/1835
f 2115/4596/1841 2117/4599/1844 2122/4598/1843 2119/4597/1842
f 2118/4600/1845 2115/4596/1841 2119/4597/1842 2121/4601/1846
f 2119/4597/1842 2122/4598/1843 2123/4603/1848 2120/4602/1847
f 2121/4601/1846 2119/4597/1842 2120/4602/1847 2158/4604/1849
f 2122/4598/1843 2124/4606/1851 2125/4605/1850 2123/4603/1848
f 2117/4599/1844 2127/4607/1852 2124/4606/1851 2122/4598/1843
f 2124/4606/1851 2126/4608/1853 2125/4605/1850
f 2127/4607/1852 2126/4608/1854 2124/4606/1851
f 2129/4595/1840 2128/4610/1856 2127/4609/1855 2117/4594/1839
f 2128/4611/1856 2126/4613/1857 2127/4612/1855
f 2131/4614/1858 2130/4616/1859 2128/4611/1856 2129/4615/1840
f 2130/4616/1859 2126/4613/1857 2128/4611/1856
f 2133/4617/1860 2132/4618/1861 2130/4616/1859 2131/4614/1858
f 2132/4619/1861 2126/4621/1862 2130/4620/1859
f 2123/4622/1863 2125/4623/1864 2132/4618/1861 2133/4617/1860
f 2125/4624/1864 2126/4621/1862 2132/4619/1861
f 2134/4625/1865 2133/4617/1860 2131/4614/1858 2136/4626/1866
f 2120/4627/1867 2123/4622/1863 2133/4617/1860 2134/4625/1865
f 2135/4628/1868 2134/4625/1865 2136/4626/1866 2137/4629/1869
f 2158/4630/1870 2120/4627/1867 2134/4625/1865 2135/4628/1871
f 2136/4626/1866 2131/4614/1858 2129/4615/1840 2116/4631/1836
f 2137/4629/1869 2136/4626/1866 2116/4631/1836 2138/4632/1872
f 2139/4633/1873 2137/4629/1869 2138/4632/1872 2142/4634/1874
f 2140/4635/1875 2135/4628/1868 2137/4629/1869 2139/4633/1873
f 2139/4633/1873 2141/4637/1877 2152/4636/1876 2140/4635/1875
f 2142/4634/1874 2144/4638/1878 2141/4637/1877 2139/4633/1873
f 2118/4593/1838 2143/4640/1879 2142/4639/1874 2138/4592/1837
f 2143/4641/1879 2145/4642/1880 2144/4638/1878 2142/4634/1874
f 2145/4642/1880 2147/4644/1882 2146/4643/1881 2144/4638/1878
f 2144/4638/1878 2146/4643/1881 2149/4645/1883 2141/4637/1877
f 2147/4644/1882 2148/4646/1884 2146/4643/1881
f 2146/4643/1881 2148/4646/1884 2149/4645/1883
f 2141/4637/1877 2149/4645/1883 2150/4647/1885 2152/4636/1876
f 2149/4645/1883 2148/4646/1886 2150/4647/1885
f 2150/4647/1885 2148/4646/1886 2151/4648/1887
f 2152/4636/1876 2150/4647/1885 2151/4648/1887 2153/4649/1888
f 2140/4635/1875 2152/4636/1876 2153/4649/1888 2154/4650/1889
f 2154/4651/1890 2153/4654/1893 2155/4653/1892 2156/4652/1891
f 2153/4654/1893 2151/4656/1895 2157/4655/1894 2155/4653/1892
f 2155/4653/1892 2157/4655/1894 2147/4658/1897 2145/4657/1896
f 2156/4652/1891 2155/4653/1892 2145/4657/1896 2143/4659/1898
f 2157/4655/1894 2148/4660/1899 2147/4658/1897
f 2151/4656/1895 2148/4660/1900 2157/4655/1894
f 2143/4659/1898 2118/4600/1845 2121/4601/1846 2156/4652/1891
f 2156/4652/1891 2121/4601/1846 2158/4604/1849 2154/4651/1890
f 2154/4650/1889 2158/4630/1870 2135/4628/1871 2140/4635/1875
o Cube.078
v -30.065754 13.196889 -24.458391
v -30.489504 13.214911 -24.341702
v -30.134834 13.542693 -25.039480
v -30.222979 12.688737 -23.969976
v -31.229713 13.095107 -25.089169
v -32.476357 13.196888 -25.534775
v -31.434862 12.586955 -24.622150
v -31.024864 13.440911 -25.547941
v -31.997572 13.542692 -25.871231
v -30.796770 13.729493 -26.058765
v -31.221615 13.831274 -26.137423
v -30.736143 13.835278 -26.194536
v -30.454605 13.831274 -25.794937
v -30.778355 13.686150 -25.334524
v -30.540819 13.471785 -24.773354
v -31.021893 13.584369 -25.554316
v -31.191324 13.370003 -25.174862
v -31.348110 13.686151 -25.588932
v -31.924513 13.471784 -25.391197
v -32.280167 13.214911 -25.141272
v -32.468159 12.837442 -24.810255
v -31.343493 13.113130 -24.834074
v -31.495886 12.735661 -24.487158
v -30.606297 12.837441 -23.978893
v -31.652466 12.358191 -24.142118
v -32.589138 12.459972 -24.449312
v -31.757774 11.985950 -23.906275
v -30.798477 12.459972 -23.649748
v -30.481695 12.180586 -23.526876
v -31.107269 12.087730 -23.504766
v -30.897394 11.679470 -23.331701
v -31.602282 11.672982 -23.489307
v -31.563780 11.121133 -23.310894
v -31.940605 10.916411 -23.497093
v -31.845816 11.571200 -23.709101
v -32.172035 11.672982 -23.743715
v -32.330791 11.121133 -23.653379
v -32.490963 12.087730 -24.122616
v -32.760128 11.679471 -24.163452
v -32.892296 12.180586 -24.603258
v -31.787420 11.577689 -23.840162
v -31.645653 12.078803 -24.157654
v -31.905945 11.019351 -23.574724
v -32.729427 12.688737 -25.089157
vn -0.1947 -0.7869 -0.5855
vn 0.0587 -0.7672 -0.6388
vn -0.2217 -0.6168 -0.7553
vn -0.2152 -0.6009 -0.7698
vn -0.0793 -0.9265 -0.3678
vn 0.0893 -0.8760 -0.4739
vn -0.3742 0.7347 0.5659
vn -0.2615 0.7569 0.5989
vn -0.2264 0.8239 0.5195
vn -0.3589 0.8071 0.4687
vn -0.3827 0.7052 0.5969
vn -0.2788 0.7085 0.6483
vn -0.1528 0.7653 0.6252
vn -0.0818 0.8156 0.5728
vn -0.1895 0.7037 0.6847
vn -0.0043 0.8101 0.5863
vn -0.1988 0.8296 0.5217
vn -0.4067 0.8207 0.4012
vn -0.1139 0.8077 0.5785
vn 0.1679 -0.9679 -0.1870
vn 0.1837 -0.9228 -0.3387
vn 0.3080 -0.9398 -0.1478
vn 0.2241 -0.8113 -0.5399
vn 0.1565 -0.8883 -0.4318
vn 0.2229 -0.8737 -0.4323
vn 0.0451 -0.9153 -0.4002
vn -0.0631 -0.9524 -0.2983
vn 0.3319 -0.9246 -0.1871
vn 0.0572 -0.9683 -0.2430
vn 0.3372 -0.7823 -0.5237
vn 0.2575 -0.7523 -0.6064
vn 0.5436 -0.8060 -0.2341
vn 0.3847 -0.7026 -0.5986
vn 0.2718 -0.7085 -0.6513
vn 0.7132 -0.6120 -0.3418
vn 0.4143 -0.7022 -0.5790
vn 0.2909 -0.6556 -0.6968
vn 0.0914 -0.6137 -0.7842
vn 0.3867 -0.6398 -0.6642
vn 0.3590 -0.5100 -0.7817
vn 0.2884 -0.5840 -0.7588
vn 0.2316 -0.4583 -0.8581
vn -0.0213 -0.4226 -0.9060
vn 0.1767 -0.3058 -0.9356
vn 0.4114 -0.3786 -0.8291
vn 0.4453 -0.2472 -0.8606
vn 0.2743 -0.4291 -0.8606
vn 0.3989 -0.2577 -0.8800
vn 0.2416 -0.4285 -0.8707
vn 0.3115 -0.2401 -0.9194
vn 0.5881 -0.3132 -0.7457
vn 0.7025 -0.4658 -0.5381
vn -0.1971 0.6728 0.7131
vn -0.3000 0.6523 0.6961
vn -0.3109 0.5663 0.7634
vn -0.2013 0.5752 0.7929
vn -0.2526 0.5961 0.7621
vn -0.1393 0.5433 0.8279
vn -0.4665 0.5673 0.6786
vn -0.5246 0.5443 0.6546
vn -0.4120 0.6461 0.6425
vn -0.3460 0.6364 0.6894
vt 0.308634 0.456107
vt 0.307739 0.453293
vt 0.310981 0.450513
vt 0.312999 0.452364
vt 0.303572 0.457731
vt 0.303979 0.454500
vt 0.263562 0.394207
vt 0.255949 0.386846
vt 0.259216 0.383325
vt 0.265117 0.389037
vt 0.259889 0.398639
vt 0.251975 0.390990
vt 0.248489 0.379700
vt 0.253469 0.377827
vt 0.244215 0.383555
vt 0.260119 0.377542
vt 0.262440 0.379743
vt 0.264915 0.382158
vt 0.263422 0.378689
vt 0.296822 0.457621
vt 0.298964 0.454418
vt 0.293450 0.456166
vt 0.299708 0.450155
vt 0.297213 0.452575
vt 0.295412 0.445994
vt 0.295437 0.450915
vt 0.292040 0.446281
vt 0.292073 0.452906
vt 0.296653 0.442286
vt 0.302208 0.447698
vt 0.293710 0.441289
vt 0.299454 0.439068
vt 0.305230 0.444699
vt 0.297481 0.436957
vt 0.308226 0.441675
vt 0.313757 0.447270
vt 0.302670 0.436263
vt 0.306444 0.434952
vt 0.310740 0.439113
vt 0.315011 0.443458
vt 0.316735 0.447998
vt 0.318424 0.442866
vt 0.315011 0.438357
vt 0.318424 0.435999
vt 0.313260 0.436514
vt 0.316811 0.432794
vt 0.311484 0.434854
vt 0.313675 0.431284
vt 0.306891 0.431416
vt 0.301810 0.433180
vt 0.240506 0.387954
vt 0.247967 0.395100
vt 0.244582 0.398458
vt 0.238835 0.392960
vt 0.241155 0.401755
vt 0.238833 0.399554
vt 0.250483 0.404170
vt 0.243629 0.404170
vt 0.255580 0.402461
vt 0.240411 0.402507
s 1
usemtl Material.001
f 2159/4661/1901 2162/4664/1904 2182/4663/1903 2160/4662/1902
f 2160/4662/1902 2173/4666/1906 2161/4665/1905 2159/4661/1901
f 2159/4667/1907 2161/4670/1910 2166/4669/1909 2163/4668/1908
f 2162/4671/1911 2159/4667/1907 2163/4668/1908 2165/4672/1912
f 2163/4668/1908 2166/4669/1909 2167/4674/1914 2164/4673/1913
f 2165/4672/1912 2163/4668/1908 2164/4673/1913 2202/4675/1915
f 2166/4669/1909 2168/4677/1917 2169/4676/1916 2167/4674/1914
f 2161/4670/1910 2171/4678/1918 2168/4677/1917 2166/4669/1909
f 2168/4677/1917 2170/4679/1919 2169/4676/1916
f 2171/4678/1918 2170/4679/1919 2168/4677/1917
f 2173/4666/1906 2172/4681/1921 2171/4680/1920 2161/4665/1905
f 2172/4681/1921 2170/4682/1922 2171/4680/1920
f 2175/4683/1923 2174/4684/1924 2172/4681/1921 2173/4666/1906
f 2174/4684/1924 2170/4682/1922 2172/4681/1921
f 2177/4685/1925 2176/4686/1926 2174/4684/1924 2175/4683/1923
f 2176/4686/1926 2170/4682/1927 2174/4684/1924
f 2167/4687/1928 2169/4688/1929 2176/4686/1926 2177/4685/1925
f 2169/4688/1929 2170/4682/1927 2176/4686/1926
f 2178/4689/1930 2177/4685/1925 2175/4683/1923 2180/4690/1931
f 2164/4691/1932 2167/4687/1928 2177/4685/1925 2178/4689/1930
f 2179/4692/1933 2178/4689/1930 2180/4690/1931 2181/4693/1934
f 2202/4694/1935 2164/4691/1932 2178/4689/1930 2179/4692/1933
f 2180/4690/1931 2175/4683/1923 2173/4666/1906 2160/4662/1902
f 2181/4693/1934 2180/4690/1931 2160/4662/1902 2182/4663/1936
f 2183/4695/1937 2181/4693/1934 2182/4663/1936 2186/4696/1938
f 2184/4697/1939 2179/4692/1933 2181/4693/1934 2183/4695/1937
f 2183/4695/1937 2185/4699/1941 2196/4698/1940 2184/4697/1939
f 2186/4696/1938 2188/4700/1942 2185/4699/1941 2183/4695/1937
f 2162/4664/1904 2187/4701/1943 2186/4696/1938 2182/4663/1903
f 2187/4701/1943 2189/4702/1944 2188/4700/1942 2186/4696/1938
f 2189/4702/1944 2191/4704/1946 2190/4703/1945 2188/4700/1942
f 2188/4700/1942 2190/4703/1945 2193/4705/1947 2185/4699/1941
f 2191/4704/1946 2192/4706/1948 2190/4703/1945
f 2190/4703/1945 2192/4706/1948 2193/4705/1947
f 2185/4699/1941 2193/4705/1947 2194/4707/1949 2196/4698/1940
f 2193/4705/1947 2192/4706/1948 2194/4707/1949
f 2194/4707/1949 2192/4706/1948 2195/4708/1950
f 2196/4698/1940 2194/4707/1949 2195/4708/1950 2197/4709/1951
f 2184/4697/1939 2196/4698/1940 2197/4709/1951 2198/4710/1952
f 2198/4711/1953 2197/4714/1956 2199/4713/1955 2200/4712/1954
f 2197/4714/1956 2195/4716/1958 2201/4715/1957 2199/4713/1955
f 2199/4713/1955 2201/4715/1957 2191/4718/1960 2189/4717/1959
f 2200/4712/1954 2199/4713/1955 2189/4717/1959 2187/4719/1961
f 2201/4715/1957 2192/4720/1962 2191/4718/1960
f 2195/4716/1958 2192/4720/1962 2201/4715/1957
f 2187/4719/1961 2162/4671/1911 2165/4672/1912 2200/4712/1954
f 2200/4712/1954 2165/4672/1912 2202/4675/1915 2198/4711/1953
f 2198/4710/1952 2202/4694/1935 2179/4692/1933 2184/4697/1939
o Cube.079
v -30.117868 10.848066 -23.609659
v -30.539762 10.866090 -23.486433
v -30.195927 11.193871 -24.189608
v -30.267525 10.339915 -23.118870
v -31.291441 10.746285 -24.222364
v -32.544823 10.848066 -24.648642
v -31.489346 10.238133 -23.752232
v -31.093706 11.092090 -24.684248
v -32.071301 11.193871 -24.992458
v -30.873541 11.380671 -25.198536
v -31.299551 11.482452 -25.270613
v -30.815022 11.486455 -25.335230
v -30.527338 11.482452 -24.940031
v -30.843929 11.337329 -24.474670
v -30.597748 11.122962 -23.917234
v -31.090836 11.235547 -24.690670
v -31.254383 11.021180 -24.308640
v -31.417551 11.337329 -24.720240
v -31.990826 11.122963 -24.513615
v -32.342575 10.866089 -24.258219
v -32.525425 10.488620 -23.924335
v -31.401262 10.764308 -23.965538
v -31.548275 10.386839 -23.616312
v -30.650932 10.488620 -23.121861
v -31.699503 10.009370 -23.268888
v -32.640812 10.111151 -23.561569
v -31.801149 9.637128 -23.031446
v -30.837999 10.111151 -22.789783
v -30.519358 9.831763 -22.671822
v -31.144514 9.738909 -22.640041
v -30.931988 9.330648 -22.470242
v -31.639227 9.324160 -22.616936
v -31.597973 8.772311 -22.439135
v -31.977634 8.567589 -22.619492
v -31.886133 9.222378 -22.832935
v -32.212849 9.324160 -22.862505
v -32.370186 8.772310 -22.769720
v -32.537594 9.738909 -23.236422
v -32.807362 9.330648 -23.273092
v -32.946312 9.831763 -23.710806
v -31.829771 9.228868 -22.964882
v -31.692930 9.729982 -23.284531
v -31.944176 8.670529 -22.697643
v -32.790981 10.339915 -24.199165
vn -0.2034 -0.7881 -0.5810
vn 0.0518 -0.7669 -0.6397
vn -0.2332 -0.6165 -0.7520
vn -0.2272 -0.6012 -0.7661
vn -0.0847 -0.9267 -0.3662
vn 0.0837 -0.8758 -0.4753
vn -0.3653 0.7349 0.5713
vn -0.2522 0.7570 0.6028
vn -0.2183 0.8240 0.5229
vn -0.3518 0.8072 0.4740
vn -0.3735 0.7052 0.6027
vn -0.2688 0.7085 0.6525
vn -0.1433 0.7650 0.6278
vn -0.0731 0.8155 0.5741
vn -0.1789 0.7037 0.6876
vn 0.0046 0.8102 0.5862
vn -0.1912 0.8296 0.5246
vn -0.4007 0.8206 0.4074
vn -0.1084 0.8081 0.5790
vn 0.1652 -0.9679 -0.1895
vn 0.1793 -0.9227 -0.3414
vn 0.3049 -0.9401 -0.1527
vn 0.2158 -0.8114 -0.5432
vn 0.1501 -0.8886 -0.4334
vn 0.2165 -0.8735 -0.4361
vn 0.0411 -0.9154 -0.4004
vn -0.0681 -0.9523 -0.2976
vn 0.3283 -0.9248 -0.1921
vn 0.0517 -0.9683 -0.2443
vn 0.3290 -0.7819 -0.5295
vn 0.2481 -0.7524 -0.6103
vn 0.5397 -0.8062 -0.2424
vn 0.3750 -0.7027 -0.6047
vn 0.2619 -0.7085 -0.6553
vn 0.7078 -0.6119 -0.3529
vn 0.4053 -0.7022 -0.5854
vn 0.2802 -0.6557 -0.7011
vn 0.0831 -0.6141 -0.7848
vn 0.3764 -0.6397 -0.6702
vn 0.3472 -0.5099 -0.7870
vn 0.2771 -0.5841 -0.7629
vn 0.2196 -0.4590 -0.8609
vn -0.0354 -0.4227 -0.9056
vn 0.1626 -0.3055 -0.9382
vn 0.3978 -0.3783 -0.8358
vn 0.4332 -0.2469 -0.8668
vn 0.2624 -0.4297 -0.8640
vn 0.3851 -0.2575 -0.8862
vn 0.2296 -0.4276 -0.8743
vn 0.2966 -0.2400 -0.9244
vn 0.5761 -0.3128 -0.7552
vn 0.6938 -0.4650 -0.5499
vn -0.1861 0.6724 0.7164
vn -0.2892 0.6523 0.7006
vn -0.2993 0.5663 0.7680
vn -0.1889 0.5750 0.7960
vn -0.2424 0.5959 0.7656
vn -0.1262 0.5434 0.8299
vn -0.4560 0.5672 0.6858
vn -0.5146 0.5444 0.6624
vn -0.4020 0.6461 0.6488
vn -0.3345 0.6364 0.6950
vt 0.308631 0.402361
vt 0.307756 0.399561
vt 0.311003 0.396787
vt 0.313003 0.398627
vt 0.303558 0.403971
vt 0.303988 0.400757
vt 0.236999 0.394207
vt 0.229377 0.386856
vt 0.232635 0.383325
vt 0.238544 0.389031
vt 0.233330 0.398643
vt 0.225408 0.391005
vt 0.221924 0.379740
vt 0.226895 0.377852
vt 0.217655 0.383600
vt 0.233531 0.377542
vt 0.235845 0.379727
vt 0.238328 0.382146
vt 0.236824 0.378670
vt 0.296794 0.403841
vt 0.298963 0.400660
vt 0.293413 0.402372
vt 0.299715 0.396402
vt 0.297205 0.398808
vt 0.295437 0.392247
vt 0.295442 0.397156
vt 0.292047 0.392514
vt 0.292054 0.399123
vt 0.296690 0.388547
vt 0.302226 0.393954
vt 0.293734 0.387534
vt 0.299497 0.385335
vt 0.305253 0.390961
vt 0.297514 0.383210
vt 0.308255 0.387942
vt 0.313785 0.393549
vt 0.302719 0.382536
vt 0.306491 0.381226
vt 0.310769 0.385381
vt 0.315041 0.389736
vt 0.316748 0.394268
vt 0.318439 0.389135
vt 0.315041 0.384629
vt 0.318439 0.382260
vt 0.313284 0.382777
vt 0.316821 0.379045
vt 0.311520 0.381125
vt 0.313699 0.377542
vt 0.306928 0.377678
vt 0.301851 0.379441
vt 0.213951 0.388002
vt 0.221404 0.395119
vt 0.218017 0.398473
vt 0.212277 0.393000
vt 0.214583 0.401761
vt 0.212269 0.399576
vt 0.223926 0.404179
vt 0.217066 0.404179
vt 0.229026 0.402469
vt 0.213839 0.402512
s 1
usemtl Material.001
f 2203/4721/1963 2206/4724/1966 2226/4723/1965 2204/4722/1964
f 2204/4722/1964 2217/4726/1968 2205/4725/1967 2203/4721/1963
f 2203/4727/1969 2205/4730/1972 2210/4729/1971 2207/4728/1970
f 2206/4731/1973 2203/4727/1969 2207/4728/1970 2209/4732/1974
f 2207/4728/1970 2210/4729/1971 2211/4734/1976 2208/4733/1975
f 2209/4732/1974 2207/4728/1970 2208/4733/1975 2246/4735/1977
f 2210/4729/1971 2212/4737/1979 2213/4736/1978 2211/4734/1976
f 2205/4730/1972 2215/4738/1980 2212/4737/1979 2210/4729/1971
f 2212/4737/1979 2214/4739/1981 2213/4736/1978
f 2215/4738/1980 2214/4739/1981 2212/4737/1979
f 2217/4726/1968 2216/4741/1983 2215/4740/1982 2205/4725/1967
f 2216/4741/1983 2214/4742/1984 2215/4740/1982
f 2219/4743/1985 2218/4744/1986 2216/4741/1983 2217/4726/1968
f 2218/4744/1986 2214/4742/1984 2216/4741/1983
f 2221/4745/1987 2220/4746/1988 2218/4744/1986 2219/4743/1985
f 2220/4746/1988 2214/4742/1989 2218/4744/1986
f 2211/4747/1990 2213/4748/1991 2220/4746/1988 2221/4745/1987
f 2213/4748/1991 2214/4742/1989 2220/4746/1988
f 2222/4749/1992 2221/4745/1987 2219/4743/1985 2224/4750/1993
f 2208/4751/1994 2211/4747/1990 2221/4745/1987 2222/4749/1992
f 2223/4752/1995 2222/4749/1992 2224/4750/1993 2225/4753/1996
f 2246/4754/1997 2208/4751/1994 2222/4749/1992 2223/4752/1995
f 2224/4750/1993 2219/4743/1985 2217/4726/1968 2204/4722/1964
f 2225/4753/1996 2224/4750/1993 2204/4722/1964 2226/4723/1998
f 2227/4755/1999 2225/4753/1996 2226/4723/1998 2230/4756/2000
f 2228/4757/2001 2223/4752/1995 2225/4753/1996 2227/4755/1999
f 2227/4755/1999 2229/4759/2003 2240/4758/2002 2228/4757/2001
f 2230/4756/2000 2232/4760/2004 2229/4759/2003 2227/4755/1999
f 2206/4724/1966 2231/4761/2005 2230/4756/2000 2226/4723/1965
f 2231/4761/2005 2233/4762/2006 2232/4760/2004 2230/4756/2000
f 2233/4762/2006 2235/4764/2008 2234/4763/2007 2232/4760/2004
f 2232/4760/2004 2234/4763/2007 2237/4765/2009 2229/4759/2003
f 2235/4764/2008 2236/4766/2010 2234/4763/2007
f 2234/4763/2007 2236/4766/2010 2237/4765/2009
f 2229/4759/2003 2237/4765/2009 2238/4767/2011 2240/4758/2002
f 2237/4765/2009 2236/4766/2010 2238/4767/2011
f 2238/4767/2011 2236/4766/2010 2239/4768/2012
f 2240/4758/2002 2238/4767/2011 2239/4768/2012 2241/4769/2013
f 2228/4757/2001 2240/4758/2002 2241/4769/2013 2242/4770/2014
f 2242/4771/2015 2241/4774/2018 2243/4773/2017 2244/4772/2016
f 2241/4774/2018 2239/4776/2020 2245/4775/2019 2243/4773/2017
f 2243/4773/2017 2245/4775/2019 2235/4778/2022 2233/4777/2021
f 2244/4772/2016 2243/4773/2017 2233/4777/2021 2231/4779/2023
f 2245/4775/2019 2236/4780/2024 2235/4778/2022
f 2239/4776/2020 2236/4780/2024 2245/4775/2019
f 2231/4779/2023 2206/4731/1973 2209/4732/1974 2244/4772/2016
f 2244/4772/2016 2209/4732/1974 2246/4735/1977 2242/4771/2015
f 2242/4770/2014 2246/4754/1997 2223/4752/1995 2228/4757/2001
o Cube.080
v -30.720810 14.848067 -24.996941
v -31.144560 14.866090 -25.113634
v -30.482677 15.193871 -25.531473
v -31.105907 14.339915 -24.657871
v -31.397766 14.746285 -26.134663
v -32.240547 14.848067 -27.155645
v -31.813078 14.238133 -25.838505
v -30.986937 15.092090 -26.423887
v -31.657019 15.193871 -27.199566
v -30.529491 15.380672 -26.745934
v -30.854179 15.482452 -27.030991
v -30.407906 15.486456 -26.831528
v -30.370628 15.482453 -26.344133
v -30.884434 15.337329 -26.114365
v -30.967667 15.122963 -25.510700
v -30.981121 15.235547 -26.427843
v -31.320925 15.021181 -26.188625
v -31.243631 15.337329 -26.624586
v -31.840002 15.122963 -26.749804
v -32.273464 14.866089 -26.717178
v -32.604412 14.488620 -26.529068
v -31.626101 14.764308 -25.973776
v -31.934605 14.386838 -25.753782
v -31.430620 14.488620 -24.861761
v -32.245750 14.009370 -25.537540
v -32.893112 14.111151 -26.280945
v -32.456947 13.637128 -25.388859
v -31.764212 14.111151 -24.677401
v -31.554985 13.831763 -24.409679
v -32.103691 13.738909 -24.710934
v -32.011997 13.330648 -24.454826
v -32.536831 13.324160 -24.951073
v -32.595097 12.772311 -24.778097
v -32.823475 12.567590 -25.130957
v -32.633518 13.222379 -25.264551
v -32.896027 13.324160 -25.461290
v -33.078648 12.772311 -25.464956
v -32.976025 13.738909 -25.950037
v -33.186340 13.330648 -26.122915
v -33.074722 13.831764 -26.568382
v -32.516258 13.228868 -25.347240
v -32.231941 13.729982 -25.547401
v -32.753960 12.670529 -25.179897
v -32.686069 14.339915 -26.902403
vn 0.1496 -0.7386 -0.6574
vn 0.3163 -0.7936 -0.5198
vn 0.3804 -0.6870 -0.6191
vn 0.2125 -0.5968 -0.7737
vn 0.1165 -0.9120 -0.3933
vn 0.2904 -0.8873 -0.3584
vn -0.6126 0.7330 0.2959
vn -0.5328 0.7582 0.3759
vn -0.4641 0.8240 0.3252
vn -0.5485 0.8060 0.2226
vn -0.6344 0.7051 0.3168
vn -0.5732 0.7085 0.4117
vn -0.4539 0.7630 0.4603
vn -0.3736 0.8126 0.4474
vn -0.5133 0.7037 0.4912
vn -0.3120 0.8175 0.4841
vn -0.4398 0.8306 0.3416
vn -0.5517 0.8223 0.1395
vn -0.3792 0.8050 0.4563
vn 0.2297 -0.9683 -0.0980
vn 0.3289 -0.9252 -0.1892
vn 0.1616 -0.9610 -0.2245
vn 0.4746 -0.8113 -0.3413
vn 0.3671 -0.8865 -0.2818
vn 0.4081 -0.8886 -0.2094
vn 0.2096 -0.9082 -0.3621
vn 0.4145 -0.9097 0.0252
vn 0.2317 -0.9650 -0.1226
vn 0.5692 -0.7928 -0.2180
vn 0.5350 -0.7533 -0.3825
vn 0.6105 -0.7882 0.0782
vn 0.6608 -0.6986 -0.2744
vn 0.5699 -0.7086 -0.4161
vn 0.7885 -0.6109 0.0709
vn 0.6103 -0.6572 -0.4423
vn 0.4452 -0.6059 -0.6593
vn 0.6971 -0.6305 -0.3413
vn 0.7243 -0.4983 -0.4765
vn 0.6444 -0.5845 -0.4931
vn 0.6503 -0.4595 -0.6049
vn 0.4236 -0.4410 -0.7913
vn 0.6101 -0.3181 -0.7256
vn 0.7969 -0.3996 -0.4532
vn 0.8045 -0.2533 -0.5373
vn 0.6938 -0.4329 -0.5755
vn 0.7929 -0.2641 -0.5491
vn 0.6444 -0.4328 -0.6305
vn 0.7573 -0.2466 -0.6047
vn 0.8906 -0.3234 -0.3198
vn 0.8717 -0.4832 -0.0811
vn -0.5316 0.6769 0.5091
vn -0.6158 0.6539 0.4395
vn -0.6631 0.5669 0.4888
vn -0.5797 0.5779 0.5744
vn -0.6121 0.5984 0.5169
vn -0.5496 0.5401 0.6374
vn -0.7425 0.5724 0.3479
vn -0.7855 0.5406 0.3014
vn -0.6774 0.6532 0.3383
vn -0.6533 0.6363 0.4103
vt 0.319498 0.435055
vt 0.322513 0.436725
vt 0.321929 0.440961
vt 0.318713 0.440758
vt 0.321751 0.430417
vt 0.324186 0.433279
vt 0.281882 0.460882
vt 0.274588 0.467564
vt 0.271427 0.463918
vt 0.277024 0.458809
vt 0.286148 0.464748
vt 0.278558 0.471705
vt 0.266945 0.474726
vt 0.265482 0.469506
vt 0.270618 0.479142
vt 0.265814 0.462578
vt 0.268364 0.460136
vt 0.270566 0.458173
vt 0.267413 0.459047
vt 0.326028 0.425919
vt 0.327363 0.429938
vt 0.328789 0.424676
vt 0.329462 0.433642
vt 0.329305 0.430077
vt 0.370551 0.423065
vt 0.368547 0.423065
vt 0.370102 0.417504
vt 0.335520 0.434039
vt 0.332030 0.430251
vt 0.337008 0.431440
vt 0.332310 0.426340
vt 0.337179 0.437708
vt 0.329455 0.437199
vt 0.339243 0.436379
vt 0.337179 0.441984
vt 0.329163 0.441455
vt 0.368657 0.416847
vt 0.366363 0.415695
vt 0.366363 0.411816
vt 0.368657 0.411625
vt 0.328906 0.445713
vt 0.321964 0.445239
vt 0.336631 0.446222
vt 0.334514 0.449648
vt 0.328456 0.449250
vt 0.323180 0.448888
vt 0.318759 0.446516
vt 0.320397 0.451429
vt 0.325900 0.452641
vt 0.324058 0.456482
vt 0.327842 0.452780
vt 0.326704 0.457731
vt 0.330566 0.452954
vt 0.330340 0.456903
vt 0.335654 0.452452
vt 0.338504 0.447841
vt 0.274850 0.483040
vt 0.282493 0.475878
vt 0.285919 0.479159
vt 0.279974 0.484748
vt 0.289444 0.482306
vt 0.286893 0.484748
vt 0.291516 0.474050
vt 0.291646 0.480343
vt 0.289786 0.469196
vt 0.290189 0.483051
vt 0.339243 0.442135
s 1
usemtl Material.001
f 2247/4781/2025 2250/4784/2028 2270/4783/2027 2248/4782/2026
f 2248/4782/2026 2261/4786/2030 2249/4785/2029 2247/4781/2025
f 2247/4787/2031 2249/4790/2034 2254/4789/2033 2251/4788/2032
f 2250/4791/2035 2247/4787/2031 2251/4788/2032 2253/4792/2036
f 2251/4788/2032 2254/4789/2033 2255/4794/2038 2252/4793/2037
f 2253/4792/2036 2251/4788/2032 2252/4793/2037 2290/4795/2039
f 2254/4789/2033 2256/4797/2041 2257/4796/2040 2255/4794/2038
f 2249/4790/2034 2259/4798/2042 2256/4797/2041 2254/4789/2033
f 2256/4797/2041 2258/4799/2043 2257/4796/2040
f 2259/4798/2042 2258/4799/2043 2256/4797/2041
f 2261/4786/2030 2260/4801/2045 2259/4800/2044 2249/4785/2029
f 2260/4801/2045 2258/4802/2046 2259/4800/2044
f 2263/4803/2047 2262/4804/2048 2260/4801/2045 2261/4786/2030
f 2262/4805/2048 2258/4807/2046 2260/4806/2045
f 2265/4808/2049 2264/4809/2050 2262/4804/2048 2263/4803/2047
f 2264/4809/2050 2258/4802/2046 2262/4804/2048
f 2255/4810/2051 2257/4811/2052 2264/4809/2050 2265/4808/2049
f 2257/4811/2052 2258/4802/2046 2264/4809/2050
f 2266/4812/2053 2265/4808/2049 2263/4803/2047 2268/4813/2054
f 2252/4814/2055 2255/4810/2051 2265/4808/2049 2266/4812/2053
f 2267/4815/2056 2266/4812/2053 2268/4813/2054 2269/4816/2057
f 2290/4817/2058 2252/4820/2055 2266/4819/2053 2267/4818/2056
f 2268/4813/2054 2263/4803/2047 2261/4786/2030 2248/4782/2026
f 2269/4816/2057 2268/4813/2054 2248/4782/2026 2270/4783/2027
f 2271/4821/2059 2269/4816/2057 2270/4783/2027 2274/4822/2060
f 2272/4823/2061 2267/4815/2056 2269/4816/2057 2271/4821/2059
f 2271/4821/2059 2273/4825/2063 2284/4824/2062 2272/4823/2061
f 2274/4822/2060 2276/4826/2064 2273/4825/2063 2271/4821/2059
f 2250/4784/2028 2275/4827/2065 2274/4822/2060 2270/4783/2027
f 2275/4827/2065 2277/4828/2066 2276/4826/2064 2274/4822/2060
f 2277/4828/2066 2279/4830/2068 2278/4829/2067 2276/4826/2064
f 2276/4826/2064 2278/4829/2067 2281/4831/2069 2273/4825/2063
f 2279/4830/2068 2280/4832/2070 2278/4829/2067
f 2278/4829/2067 2280/4832/2070 2281/4831/2069
f 2273/4825/2063 2281/4831/2069 2282/4833/2071 2284/4824/2062
f 2281/4831/2069 2280/4832/2070 2282/4833/2071
f 2282/4833/2071 2280/4832/2070 2283/4834/2072
f 2284/4824/2062 2282/4833/2071 2283/4834/2072 2285/4835/2073
f 2272/4823/2061 2284/4824/2062 2285/4835/2073 2286/4836/2074
f 2286/4837/2075 2285/4840/2078 2287/4839/2077 2288/4838/2076
f 2285/4840/2078 2283/4842/2080 2289/4841/2079 2287/4839/2077
f 2287/4839/2077 2289/4841/2079 2279/4844/2082 2277/4843/2081
f 2288/4838/2076 2287/4839/2077 2277/4843/2081 2275/4845/2083
f 2289/4841/2079 2280/4846/2084 2279/4844/2082
f 2283/4842/2080 2280/4846/2084 2289/4841/2079
f 2275/4845/2083 2250/4791/2035 2253/4792/2036 2288/4838/2076
f 2288/4838/2076 2253/4792/2036 2290/4795/2039 2286/4837/2075
f 2286/4836/2074 2290/4847/2058 2267/4815/2056 2272/4823/2061
o Cube.081
v -31.056154 12.848069 -30.900860
v -30.661068 12.866093 -31.093441
v -30.881451 13.193873 -30.342369
v -30.991373 12.339918 -31.409851
v -29.796091 12.746288 -30.494755
v -28.488787 12.848070 -30.285862
v -29.680267 12.238137 -30.991522
v -29.913134 13.092093 -30.006147
v -28.897573 13.193874 -29.867144
v -30.043455 13.380674 -29.462105
v -29.611389 13.482456 -29.462870
v -30.078093 13.486459 -29.317503
v -30.428280 13.482455 -29.658552
v -30.194664 13.337332 -30.170624
v -30.531292 13.122966 -30.678577
v -29.914883 13.235551 -29.999336
v -29.818075 13.021184 -30.403465
v -29.587856 13.337332 -30.025267
v -29.057613 13.122966 -30.325569
v -28.753954 12.866094 -30.636604
v -28.630005 12.488625 -30.996534
v -29.731133 12.764311 -30.766415
v -29.645096 12.386842 -31.135427
v -30.612944 12.488624 -31.471539
v -29.554598 12.009373 -31.503372
v -28.577421 12.111155 -31.373562
v -29.494431 11.637131 -31.754549
v -30.484535 12.111155 -31.830399
v -30.818504 11.831767 -31.892956
v -30.207649 11.738913 -32.029663
v -30.445757 11.330652 -32.161205
v -29.723909 11.324164 -32.135838
v -29.794544 10.772315 -32.304138
v -29.389917 10.567594 -32.190361
v -29.444128 11.222383 -31.964550
v -29.117102 11.324164 -31.990479
v -28.977657 10.772314 -32.108456
v -28.733971 11.738913 -31.676655
v -28.461882 11.330653 -31.685982
v -28.251137 11.831767 -31.277956
v -29.477442 11.228871 -31.824986
v -29.558441 11.729985 -31.486851
v -29.409723 10.670533 -32.107689
v -28.321922 12.339919 -30.770401
vn 0.2929 -0.7984 0.5261
vn 0.0217 -0.7659 0.6426
vn 0.3559 -0.6131 0.7053
vn 0.3540 -0.6048 0.7134
vn 0.1428 -0.9279 0.3445
vn -0.0237 -0.8736 0.4862
vn 0.2633 0.7389 -0.6202
vn 0.1475 0.7578 -0.6356
vn 0.1276 0.8246 -0.5512
vn 0.2692 0.8084 -0.5235
vn 0.2666 0.7050 -0.6572
vn 0.1574 0.7084 -0.6880
vn 0.0377 0.7598 -0.6490
vn -0.0205 0.8142 -0.5802
vn 0.0604 0.7040 -0.7077
vn -0.0990 0.8121 -0.5751
vn 0.1093 0.8290 -0.5485
vn 0.3299 0.8193 -0.4690
vn -0.1830 0.7721 -0.6086
vn 0.4389 0.7721 -0.4597
vn -0.1318 -0.9679 0.2142
vn -0.1311 -0.9208 0.3673
vn -0.2654 -0.9429 0.2011
vn -0.1247 -0.8119 0.5703
vn -0.0833 -0.8923 0.4437
vn -0.1479 -0.8715 0.4676
vn 0.0025 -0.9165 0.4000
vn 0.1234 -0.9503 0.2857
vn -0.2861 -0.9268 0.2432
vn 0.0060 -0.9682 0.2501
vn -0.2404 -0.7768 0.5820
vn -0.1438 -0.7536 0.6414
vn -0.4900 -0.8072 0.3290
vn -0.2705 -0.7029 0.6578
vn -0.1521 -0.7084 0.6892
vn -0.6385 -0.6110 0.4680
vn -0.3009 -0.7019 0.6456
vn -0.1617 -0.6569 0.7364
vn 0.0039 -0.6196 0.7849
vn -0.2652 -0.6373 0.7235
vn -0.2205 -0.5060 0.8339
vn -0.1568 -0.5851 0.7957
vn -0.0954 -0.4696 0.8777
vn 0.1911 -0.4264 0.8841
vn -0.0054 -0.3038 0.9527
vn -0.2505 -0.3788 0.8909
vn -0.2958 -0.2438 0.9236
vn -0.1423 -0.4386 0.8873
vn -0.4249 -0.2503 0.8700
vn -0.1029 -0.4153 0.9039
vn -0.0158 -0.2501 0.9681
vn -0.1323 -0.2391 0.9619
vn -0.4348 -0.3091 0.8458
vn -0.5859 -0.4548 0.6707
vn 0.0631 0.6667 -0.7427
vn 0.1687 0.6530 -0.7383
vn 0.1719 0.5671 -0.8055
vn 0.0496 0.5729 -0.8181
vn 0.1363 0.5931 -0.7935
vn -0.0186 0.5450 -0.8382
vn 0.3340 0.5672 -0.7528
vn 0.3974 0.5457 -0.7377
vn 0.2862 0.6483 -0.7055
vn 0.4835 0.6028 -0.6347
vn -0.1434 0.6028 -0.7849
vt 0.230839 0.520169
vt 0.234006 0.521658
vt 0.233682 0.525846
vt 0.230403 0.525807
vt 0.232474 0.515755
vt 0.235221 0.518379
vt 0.341619 0.500507
vt 0.335192 0.493740
vt 0.338798 0.490506
vt 0.343682 0.495680
vt 0.337910 0.504906
vt 0.331213 0.497860
vt 0.328040 0.486483
vt 0.333188 0.484843
vt 0.323791 0.490325
vt 0.340084 0.484935
vt 0.342607 0.487411
vt 0.331864 0.412187
vt 0.331864 0.419424
vt 0.326850 0.419543
vt 0.327068 0.416181
vt 0.343682 0.486436
vt 0.325416 0.419456
vt 0.235815 0.511629
vt 0.237702 0.515314
vt 0.384386 0.489878
vt 0.385175 0.485416
vt 0.388634 0.484374
vt 0.386322 0.493741
vt 0.380939 0.492834
vt 0.387033 0.490090
vt 0.376722 0.401570
vt 0.382479 0.401909
vt 0.383058 0.405279
vt 0.380337 0.405226
vt 0.384361 0.410268
vt 0.395030 0.475284
vt 0.398111 0.472980
vt 0.399660 0.477517
vt 0.397116 0.481392
vt 0.398553 0.483912
vt 0.374874 0.397997
vt 0.382149 0.398478
vt 0.394300 0.469948
vt 0.397568 0.469015
vt 0.374633 0.393756
vt 0.382174 0.394263
vt 0.394576 0.464407
vt 0.397773 0.464900
vt 0.385917 0.497277
vt 0.379166 0.496023
vt 0.385914 0.501330
vt 0.378924 0.500015
vt 0.385940 0.505391
vt 0.379188 0.504137
vt 0.374892 0.389563
vt 0.382167 0.390044
vt 0.376755 0.386108
vt 0.382513 0.386447
vt 0.386363 0.508616
vt 0.380980 0.507709
vt 0.233920 0.530091
vt 0.230723 0.531522
vt 0.235063 0.533840
vt 0.232261 0.536569
vt 0.237473 0.537803
vt 0.235505 0.541904
vt 0.387093 0.511726
vt 0.384446 0.511514
vt 0.237702 0.543398
vt 0.388634 0.515906
vt 0.380386 0.382736
vt 0.383107 0.382789
vt 0.384361 0.377542
vt 0.380848 0.378481
vt 0.375961 0.383021
vt 0.398413 0.460946
vt 0.395438 0.459085
vt 0.397116 0.455369
vt 0.399660 0.458186
vt 0.320050 0.494692
vt 0.327203 0.501948
vt 0.324151 0.505555
vt 0.318541 0.499892
vt 0.321303 0.509300
vt 0.318780 0.506824
vt 0.329035 0.510729
vt 0.323100 0.511286
vt 0.333630 0.508715
vt 0.322025 0.423335
vt 0.322927 0.420089
vt 0.322927 0.423751
vt 0.320598 0.510079
s 1
usemtl Material.001
f 2291/4848/2085 2294/4851/2088 2314/4850/2087 2292/4849/2086
f 2292/4849/2086 2305/4853/2090 2293/4852/2089 2291/4848/2085
f 2291/4854/2091 2293/4857/2094 2298/4856/2093 2295/4855/2092
f 2294/4858/2095 2291/4854/2091 2295/4855/2092 2297/4859/2096
f 2295/4855/2092 2298/4856/2093 2299/4861/2098 2296/4860/2097
f 2297/4859/2096 2295/4855/2092 2296/4860/2097 2334/4862/2099
f 2298/4856/2093 2300/4864/2101 2301/4863/2100 2299/4861/2098
f 2293/4865/2094 2303/4868/2102 2300/4867/2101 2298/4866/2093
f 2300/4864/2101 2302/4869/2103 2301/4863/2100
f 2303/4868/2102 2302/4870/2104 2300/4867/2101
f 2305/4853/2090 2304/4872/2106 2303/4871/2105 2293/4852/2089
f 2304/4873/2106 2302/4875/2107 2303/4874/2105
f 2307/4876/2108 2306/4878/2109 2304/4873/2106 2305/4877/2090
f 2306/4878/2109 2302/4875/2107 2304/4873/2106
f 2309/4879/2110 2308/4882/2111 2306/4881/2109 2307/4880/2108
f 2308/4882/2111 2302/4883/2112 2306/4881/2109
f 2299/4884/2113 2301/4887/2114 2308/4886/2111 2309/4885/2110
f 2301/4887/2114 2302/4888/2112 2308/4886/2111
f 2310/4889/2115 2309/4879/2110 2307/4880/2108 2312/4890/2116
f 2296/4891/2117 2299/4884/2113 2309/4885/2110 2310/4892/2115
f 2311/4893/2118 2310/4889/2115 2312/4890/2116 2313/4894/2119
f 2334/4895/2120 2296/4891/2117 2310/4892/2115 2311/4896/2118
f 2312/4897/2116 2307/4876/2108 2305/4877/2090 2292/4898/2086
f 2313/4899/2119 2312/4897/2116 2292/4898/2086 2314/4900/2121
f 2315/4901/2122 2313/4899/2119 2314/4900/2121 2318/4902/2123
f 2316/4903/2124 2311/4893/2118 2313/4894/2119 2315/4904/2122
f 2315/4904/2122 2317/4906/2126 2328/4905/2125 2316/4903/2124
f 2318/4902/2123 2320/4908/2127 2317/4907/2126 2315/4901/2122
f 2294/4851/2088 2319/4910/2128 2318/4909/2123 2314/4850/2087
f 2319/4910/2128 2321/4912/2129 2320/4911/2127 2318/4909/2123
f 2321/4912/2129 2323/4914/2131 2322/4913/2130 2320/4911/2127
f 2320/4908/2127 2322/4916/2130 2325/4915/2132 2317/4907/2126
f 2323/4914/2131 2324/4917/2133 2322/4913/2130
f 2322/4916/2130 2324/4918/2133 2325/4915/2132
f 2317/4906/2126 2325/4920/2132 2326/4919/2134 2328/4905/2125
f 2325/4920/2132 2324/4921/2135 2326/4919/2134
f 2326/4919/2134 2324/4921/2135 2327/4922/2136
f 2328/4905/2125 2326/4919/2134 2327/4922/2136 2329/4923/2137
f 2316/4924/2124 2328/4927/2125 2329/4926/2137 2330/4925/2138
f 2330/4928/2139 2329/4931/2142 2331/4930/2141 2332/4929/2140
f 2329/4931/2142 2327/4933/2144 2333/4932/2143 2331/4930/2141
f 2331/4930/2141 2333/4932/2143 2323/4935/2146 2321/4934/2145
f 2332/4929/2140 2331/4930/2141 2321/4934/2145 2319/4936/2147
f 2333/4937/2143 2324/4939/2148 2323/4938/2146
f 2327/4933/2144 2324/4940/2149 2333/4932/2143
f 2319/4936/2147 2294/4858/2095 2297/4859/2096 2332/4929/2140
f 2332/4929/2140 2297/4859/2096 2334/4862/2099 2330/4928/2139
f 2330/4925/2138 2334/4895/2120 2311/4896/2118 2316/4924/2124
o Cube.082
v -31.289114 14.848073 -29.928373
v -30.894028 14.866096 -30.120955
v -31.114410 15.193877 -29.369881
v -31.224333 14.339921 -30.437365
v -30.029051 14.746292 -29.522266
v -28.721746 14.848074 -29.313374
v -29.913227 14.238140 -30.019033
v -30.146093 15.092095 -29.033665
v -29.130533 15.193877 -28.894655
v -30.276415 15.380677 -28.489616
v -29.844349 15.482458 -28.490387
v -30.311052 15.486462 -28.345016
v -30.661240 15.482458 -28.686066
v -30.427624 15.337335 -29.198137
v -30.764252 15.122969 -29.706093
v -30.147842 15.235554 -29.026850
v -30.051035 15.021187 -29.430981
v -29.820816 15.337335 -29.052778
v -29.290573 15.122969 -29.353081
v -28.986916 14.866096 -29.664116
v -28.862963 14.488626 -30.024046
v -29.964092 14.764315 -29.793932
v -29.878056 14.386845 -30.162943
v -30.845905 14.488626 -30.499050
v -29.787558 14.009377 -30.530884
v -28.810381 14.111157 -30.401073
v -29.727390 13.637134 -30.782066
v -30.717495 14.111157 -30.857910
v -31.051464 13.831770 -30.920467
v -30.440609 13.738915 -31.057178
v -30.678717 13.330655 -31.188719
v -29.956869 13.324166 -31.163349
v -30.027506 12.772318 -31.331650
v -29.622877 12.567596 -31.217878
v -29.677088 13.222384 -30.992062
v -29.350061 13.324167 -31.017992
v -29.210617 12.772319 -31.135967
v -28.966930 13.738916 -30.704166
v -28.694841 13.330656 -30.713493
v -28.484097 13.831770 -30.305470
v -29.710400 13.228874 -30.852503
v -29.791401 13.729988 -30.514362
v -29.642683 12.670536 -31.135202
v -28.554882 14.339923 -29.797913
vn 0.2929 -0.7984 0.5261
vn 0.0217 -0.7659 0.6426
vn 0.3559 -0.6131 0.7053
vn 0.3540 -0.6048 0.7134
vn 0.1428 -0.9279 0.3445
vn -0.0237 -0.8736 0.4862
vn 0.2633 0.7389 -0.6202
vn 0.1475 0.7578 -0.6356
vn 0.1276 0.8246 -0.5512
vn 0.2692 0.8084 -0.5235
vn 0.2666 0.7050 -0.6572
vn 0.1574 0.7084 -0.6880
vn 0.0377 0.7598 -0.6490
vn -0.0205 0.8142 -0.5802
vn 0.0604 0.7040 -0.7077
vn -0.0990 0.8121 -0.5751
vn 0.1093 0.8290 -0.5485
vn 0.3299 0.8193 -0.4690
vn -0.1830 0.7721 -0.6086
vn 0.4389 0.7721 -0.4597
vn -0.1318 -0.9679 0.2142
vn -0.1311 -0.9208 0.3673
vn -0.2654 -0.9429 0.2011
vn -0.1247 -0.8119 0.5703
vn -0.0833 -0.8923 0.4437
vn -0.1479 -0.8715 0.4676
vn 0.0025 -0.9165 0.4000
vn 0.1234 -0.9503 0.2857
vn -0.2861 -0.9268 0.2432
vn 0.0060 -0.9682 0.2501
vn -0.2404 -0.7768 0.5820
vn -0.1438 -0.7536 0.6414
vn -0.4900 -0.8072 0.3290
vn -0.2705 -0.7029 0.6578
vn -0.1521 -0.7084 0.6892
vn -0.6385 -0.6110 0.4680
vn -0.3009 -0.7019 0.6456
vn -0.1617 -0.6569 0.7364
vn 0.0039 -0.6196 0.7849
vn -0.2652 -0.6373 0.7235
vn -0.2205 -0.5060 0.8339
vn -0.1568 -0.5851 0.7957
vn -0.0954 -0.4696 0.8777
vn 0.1911 -0.4264 0.8841
vn -0.0054 -0.3038 0.9527
vn -0.2505 -0.3788 0.8909
vn -0.2958 -0.2438 0.9236
vn -0.1423 -0.4386 0.8873
vn -0.4249 -0.2503 0.8700
vn -0.1029 -0.4153 0.9039
vn -0.0158 -0.2501 0.9681
vn -0.1323 -0.2391 0.9619
vn -0.4348 -0.3091 0.8458
vn -0.5859 -0.4548 0.6707
vn 0.0631 0.6667 -0.7427
vn 0.1687 0.6530 -0.7383
vn 0.1719 0.5671 -0.8055
vn 0.0496 0.5729 -0.8181
vn 0.1362 0.5931 -0.7935
vn -0.0186 0.5450 -0.8382
vn 0.3340 0.5672 -0.7528
vn 0.3974 0.5457 -0.7377
vn 0.2862 0.6483 -0.7055
vn 0.4835 0.6028 -0.6347
vn -0.1434 0.6028 -0.7849
vt 0.355027 0.526431
vt 0.358195 0.527920
vt 0.357871 0.532108
vt 0.354591 0.532069
vt 0.356662 0.522017
vt 0.359409 0.524641
vt 0.341806 0.393206
vt 0.335379 0.386439
vt 0.338984 0.383205
vt 0.343868 0.388379
vt 0.338097 0.397605
vt 0.331400 0.390559
vt 0.328226 0.379182
vt 0.333375 0.377542
vt 0.323978 0.383024
vt 0.340271 0.377634
vt 0.342794 0.380110
vt 0.338602 0.412187
vt 0.338602 0.419424
vt 0.333587 0.419543
vt 0.333806 0.416181
vt 0.343868 0.379135
vt 0.332153 0.419456
vt 0.360003 0.517891
vt 0.361891 0.521576
vt 0.384115 0.430180
vt 0.384904 0.425718
vt 0.388363 0.424676
vt 0.386051 0.434043
vt 0.380668 0.433136
vt 0.386762 0.430392
vt 0.376273 0.540223
vt 0.382031 0.540562
vt 0.382610 0.543932
vt 0.379889 0.543879
vt 0.383913 0.548921
vt 0.389382 0.475284
vt 0.392462 0.472980
vt 0.394011 0.477517
vt 0.391467 0.481392
vt 0.392904 0.483912
vt 0.374425 0.536649
vt 0.381701 0.537131
vt 0.388652 0.469948
vt 0.391920 0.469015
vt 0.374184 0.532409
vt 0.381725 0.532915
vt 0.388927 0.464407
vt 0.392125 0.464900
vt 0.385646 0.437579
vt 0.378895 0.436325
vt 0.385643 0.441632
vt 0.378652 0.440318
vt 0.385668 0.445693
vt 0.378917 0.444439
vt 0.374443 0.528216
vt 0.381719 0.528697
vt 0.376307 0.524761
vt 0.382064 0.525100
vt 0.386092 0.448918
vt 0.380709 0.448011
vt 0.358108 0.536353
vt 0.354911 0.537784
vt 0.359251 0.540102
vt 0.356449 0.542831
vt 0.361661 0.544065
vt 0.359694 0.548166
vt 0.386822 0.452028
vt 0.384175 0.451816
vt 0.361891 0.549660
vt 0.388363 0.456208
vt 0.379937 0.521388
vt 0.382658 0.521442
vt 0.383913 0.516195
vt 0.380400 0.517133
vt 0.375513 0.521674
vt 0.392765 0.460946
vt 0.389790 0.459085
vt 0.391467 0.455369
vt 0.394011 0.458186
vt 0.320237 0.387391
vt 0.327390 0.394647
vt 0.324338 0.398254
vt 0.318728 0.392591
vt 0.321489 0.401999
vt 0.318966 0.399523
vt 0.329221 0.403428
vt 0.323287 0.403985
vt 0.333817 0.401414
vt 0.317097 0.488154
vt 0.317999 0.484908
vt 0.317999 0.488570
vt 0.320785 0.402778
s 1
usemtl Material.001
f 2335/4941/2150 2338/4944/2153 2358/4943/2152 2336/4942/2151
f 2336/4942/2151 2349/4946/2155 2337/4945/2154 2335/4941/2150
f 2335/4947/2156 2337/4950/2159 2342/4949/2158 2339/4948/2157
f 2338/4951/2160 2335/4947/2156 2339/4948/2157 2341/4952/2161
f 2339/4948/2157 2342/4949/2158 2343/4954/2163 2340/4953/2162
f 2341/4952/2161 2339/4948/2157 2340/4953/2162 2378/4955/2164
f 2342/4949/2158 2344/4957/2166 2345/4956/2165 2343/4954/2163
f 2337/4958/2159 2347/4961/2167 2344/4960/2166 2342/4959/2158
f 2344/4957/2166 2346/4962/2168 2345/4956/2165
f 2347/4961/2167 2346/4963/2169 2344/4960/2166
f 2349/4946/2155 2348/4965/2171 2347/4964/2170 2337/4945/2154
f 2348/4966/2171 2346/4968/2172 2347/4967/2170
f 2351/4969/2173 2350/4971/2174 2348/4966/2171 2349/4970/2155
f 2350/4971/2174 2346/4968/2172 2348/4966/2171
f 2353/4972/2175 2352/4975/2176 2350/4974/2174 2351/4973/2173
f 2352/4975/2176 2346/4976/2177 2350/4974/2174
f 2343/4977/2178 2345/4980/2179 2352/4979/2176 2353/4978/2175
f 2345/4980/2179 2346/4981/2177 2352/4979/2176
f 2354/4982/2180 2353/4972/2175 2351/4973/2173 2356/4983/2181
f 2340/4984/2182 2343/4977/2178 2353/4978/2175 2354/4985/2180
f 2355/4986/2183 2354/4982/2180 2356/4983/2181 2357/4987/2184
f 2378/4988/2185 2340/4984/2182 2354/4985/2180 2355/4989/2183
f 2356/4990/2181 2351/4969/2173 2349/4970/2155 2336/4991/2151
f 2357/4992/2184 2356/4990/2181 2336/4991/2151 2358/4993/2186
f 2359/4994/2187 2357/4992/2184 2358/4993/2186 2362/4995/2188
f 2360/4996/2189 2355/4986/2183 2357/4987/2184 2359/4997/2187
f 2359/4997/2187 2361/4999/2191 2372/4998/2190 2360/4996/2189
f 2362/4995/2188 2364/5001/2192 2361/5000/2191 2359/4994/2187
f 2338/4944/2153 2363/5003/2193 2362/5002/2188 2358/4943/2152
f 2363/5003/2193 2365/5005/2194 2364/5004/2192 2362/5002/2188
f 2365/5005/2194 2367/5007/2196 2366/5006/2195 2364/5004/2192
f 2364/5001/2192 2366/5009/2195 2369/5008/2197 2361/5000/2191
f 2367/5007/2196 2368/5010/2198 2366/5006/2195
f 2366/5009/2195 2368/5011/2198 2369/5008/2197
f 2361/4999/2191 2369/5013/2197 2370/5012/2199 2372/4998/2190
f 2369/5013/2197 2368/5014/2200 2370/5012/2199
f 2370/5012/2199 2368/5014/2200 2371/5015/2201
f 2372/4998/2190 2370/5012/2199 2371/5015/2201 2373/5016/2202
f 2360/5017/2189 2372/5020/2190 2373/5019/2202 2374/5018/2203
f 2374/5021/2204 2373/5024/2207 2375/5023/2206 2376/5022/2205
f 2373/5024/2207 2371/5026/2209 2377/5025/2208 2375/5023/2206
f 2375/5023/2206 2377/5025/2208 2367/5028/2211 2365/5027/2210
f 2376/5022/2205 2375/5023/2206 2365/5027/2210 2363/5029/2212
f 2377/5030/2208 2368/5032/2213 2367/5031/2211
f 2371/5026/2209 2368/5033/2214 2377/5025/2208
f 2363/5029/2212 2338/4951/2160 2341/4952/2161 2376/5022/2205
f 2376/5022/2205 2341/4952/2161 2378/4955/2164 2374/5021/2204
f 2374/5018/2203 2378/4988/2185 2355/4989/2183 2360/5017/2189
o Cube.083
v -29.982504 10.848073 -31.254206
v -29.543047 10.866096 -31.261776
v -30.060198 11.193877 -30.674210
v -29.708683 10.339921 -31.688133
v -29.012129 10.746292 -30.353621
v -27.915590 10.848073 -29.611811
v -28.697216 10.238140 -30.754900
v -29.324697 11.092095 -29.960260
v -28.463037 11.193877 -29.405083
v -29.672733 11.380676 -29.522264
v -29.280825 11.482459 -29.340361
v -29.765240 11.486462 -29.405853
v -29.938478 11.482458 -29.862942
v -29.510342 11.337335 -30.228306
v -29.600760 11.122969 -30.830936
v -29.329161 11.235553 -29.954826
v -29.070631 11.021187 -30.280182
v -29.021818 11.337336 -29.840118
v -28.414343 11.122969 -29.888197
v -28.007683 10.866096 -30.041758
v -27.743233 10.488626 -30.315584
v -28.838448 10.764315 -30.572380
v -28.604521 10.386846 -30.870457
v -29.339645 10.488626 -31.584106
v -28.367004 10.009377 -31.165684
v -27.536240 10.111157 -30.635061
v -28.206318 9.637134 -31.367899
v -29.071604 10.111157 -31.855076
v -29.347843 9.831770 -32.052910
v -28.736444 9.738915 -31.918657
v -28.896654 9.330656 -32.138508
v -28.253159 9.324167 -31.810446
v -28.246050 8.772319 -31.992828
v -27.927414 8.567596 -31.718712
v -28.071978 9.222385 -31.536964
v -27.764635 9.324167 -31.422258
v -27.588396 8.772318 -31.470247
v -27.550028 9.738916 -30.975918
v -27.299492 9.330656 -30.869385
v -27.280928 9.831771 -30.410522
v -28.161154 9.228874 -31.424557
v -28.377468 9.729989 -31.152332
v -27.980303 8.670536 -31.652155
v -27.559586 10.339922 -29.980434
vn 0.0424 -0.7622 0.6459
vn -0.1762 -0.7776 0.6036
vn -0.1996 -0.6885 0.6972
vn 0.0145 -0.5971 0.8020
vn -0.0103 -0.9221 0.3869
vn -0.1829 -0.8803 0.4377
vn 0.5046 0.7324 -0.4572
vn 0.4037 0.7571 -0.5136
vn 0.3506 0.8237 -0.4456
vn 0.4637 0.8062 -0.3674
vn 0.5192 0.7053 -0.4828
vn 0.4316 0.7085 -0.5583
vn 0.3021 0.7670 -0.5660
vn 0.2230 0.8152 -0.5345
vn 0.3540 0.7036 -0.6161
vn 0.1541 0.8125 -0.5622
vn 0.3199 0.8304 -0.4562
vn 0.4912 0.8218 -0.2888
vn 0.2248 0.8034 -0.5514
vn -0.2046 -0.9681 0.1448
vn -0.2551 -0.9246 0.2828
vn -0.3481 -0.9354 0.0617
vn -0.3535 -0.8111 0.4660
vn -0.2626 -0.8852 0.3840
vn -0.3244 -0.8802 0.3466
vn -0.1141 -0.9116 0.3949
vn -0.0137 -0.9527 0.3037
vn -0.3818 -0.9192 0.0964
vn -0.1504 -0.9676 0.2030
vn -0.4641 -0.7878 0.4049
vn -0.4022 -0.7522 0.5220
vn -0.5919 -0.8006 0.0932
vn -0.5338 -0.7012 0.4727
vn -0.4256 -0.7085 0.5629
vn -0.7757 -0.6121 0.1535
vn -0.4568 -0.6558 0.6010
vn -0.2428 -0.6081 0.7558
vn -0.5493 -0.6373 0.5405
vn -0.5465 -0.5067 0.6668
vn -0.4690 -0.5839 0.6627
vn -0.4364 -0.4546 0.7765
vn -0.1995 -0.4272 0.8819
vn -0.3939 -0.3112 0.8649
vn -0.6192 -0.3874 0.6830
vn -0.6302 -0.2510 0.7348
vn -0.4800 -0.4263 0.7667
vn -0.6065 -0.2607 0.7512
vn -0.4384 -0.4349 0.7866
vn -0.5416 -0.2429 0.8048
vn -0.7600 -0.3185 0.5665
vn -0.8138 -0.4769 0.3320
vn 0.3666 0.6765 -0.6387
vn 0.4648 0.6527 -0.5982
vn 0.4924 0.5663 -0.6610
vn 0.3935 0.5770 -0.7156
vn 0.4260 0.5982 -0.6787
vn 0.3448 0.5414 -0.7668
vn 0.6182 0.5693 -0.5420
vn 0.6697 0.5423 -0.5074
vn 0.5580 0.6475 -0.5190
vn 0.5134 0.6362 -0.5759
vt 0.364820 0.462839
vt 0.367730 0.464488
vt 0.367196 0.468733
vt 0.364102 0.468553
vt 0.366063 0.458020
vt 0.368653 0.460909
vt 0.221256 0.509468
vt 0.228464 0.502339
vt 0.231984 0.505694
vt 0.226316 0.511247
vt 0.217139 0.505553
vt 0.224617 0.498149
vt 0.234813 0.495607
vt 0.236793 0.500537
vt 0.231236 0.491141
vt 0.331875 0.404690
vt 0.331875 0.411898
vt 0.327036 0.407756
vt 0.326864 0.404396
vt 0.235745 0.508936
vt 0.233159 0.511340
vt 0.325416 0.404434
vt 0.236793 0.509947
vt 0.214924 0.520231
vt 0.214045 0.517108
vt 0.219297 0.512793
vt 0.218826 0.517026
vt 0.222997 0.511629
vt 0.220848 0.520830
vt 0.221560 0.517201
vt 0.351978 0.423826
vt 0.348224 0.420866
vt 0.349902 0.417581
vt 0.351825 0.419151
vt 0.351978 0.412187
vt 0.228644 0.519048
vt 0.225769 0.521672
vt 0.223291 0.517619
vt 0.225309 0.513592
vt 0.226861 0.525462
vt 0.220345 0.524408
vt 0.230114 0.524150
vt 0.226861 0.529708
vt 0.220066 0.528617
vt 0.230114 0.529866
vt 0.212827 0.523597
vt 0.212269 0.527769
vt 0.219820 0.532831
vt 0.212302 0.532019
vt 0.226335 0.533884
vt 0.224806 0.537113
vt 0.219885 0.536271
vt 0.213962 0.535672
vt 0.367089 0.472985
vt 0.363957 0.474277
vt 0.367478 0.476487
vt 0.364481 0.478991
vt 0.368653 0.479964
vt 0.366063 0.483673
vt 0.220159 0.539662
vt 0.217426 0.539486
vt 0.217412 0.543029
vt 0.220899 0.544343
vt 0.343903 0.414754
vt 0.347935 0.412187
vt 0.347042 0.416928
vt 0.344925 0.418225
vt 0.345817 0.423392
vt 0.347935 0.420835
vt 0.227347 0.539835
vt 0.223423 0.543828
vt 0.221891 0.540079
vt 0.229407 0.535488
vt 0.227151 0.487193
vt 0.220801 0.493926
vt 0.217936 0.490268
vt 0.222745 0.485111
vt 0.340525 0.422014
vt 0.338891 0.414995
vt 0.342685 0.412599
vt 0.343614 0.415832
vt 0.212269 0.495822
vt 0.212727 0.488903
vt 0.215313 0.486500
vt 0.213593 0.501055
vt 0.214644 0.485705
vt 0.343614 0.412187
s 1
usemtl Material.001
f 2379/5034/2215 2382/5037/2218 2402/5036/2217 2380/5035/2216
f 2380/5035/2216 2393/5039/2220 2381/5038/2219 2379/5034/2215
f 2379/5040/2221 2381/5043/2224 2386/5042/2223 2383/5041/2222
f 2382/5044/2225 2379/5040/2221 2383/5041/2222 2385/5045/2226
f 2383/5041/2222 2386/5042/2223 2387/5047/2228 2384/5046/2227
f 2385/5045/2226 2383/5041/2222 2384/5046/2227 2422/5048/2229
f 2386/5049/2223 2388/5052/2231 2389/5051/2230 2387/5050/2228
f 2381/5043/2224 2391/5054/2232 2388/5053/2231 2386/5042/2223
f 2388/5052/2231 2390/5055/2233 2389/5051/2230
f 2391/5054/2232 2390/5056/2233 2388/5053/2231
f 2393/5057/2220 2392/5060/2235 2391/5059/2234 2381/5058/2219
f 2392/5060/2235 2390/5061/2236 2391/5059/2234
f 2395/5062/2237 2394/5063/2238 2392/5060/2235 2393/5057/2220
f 2394/5063/2238 2390/5061/2236 2392/5060/2235
f 2397/5064/2239 2396/5067/2240 2394/5066/2238 2395/5065/2237
f 2396/5067/2240 2390/5068/2241 2394/5066/2238
f 2387/5069/2242 2389/5072/2243 2396/5071/2240 2397/5070/2239
f 2389/5072/2243 2390/5061/2241 2396/5071/2240
f 2398/5073/2244 2397/5070/2239 2395/5062/2237 2400/5074/2245
f 2384/5075/2246 2387/5069/2242 2397/5070/2239 2398/5073/2244
f 2399/5076/2247 2398/5073/2244 2400/5074/2245 2401/5077/2248
f 2422/5078/2249 2384/5075/2246 2398/5073/2244 2399/5076/2247
f 2400/5074/2245 2395/5062/2237 2393/5057/2220 2380/5079/2216
f 2401/5077/2248 2400/5074/2245 2380/5079/2216 2402/5080/2217
f 2403/5081/2250 2401/5077/2248 2402/5080/2217 2406/5082/2251
f 2404/5083/2252 2399/5076/2247 2401/5077/2248 2403/5081/2250
f 2403/5081/2250 2405/5085/2254 2416/5084/2253 2404/5083/2252
f 2406/5082/2251 2408/5086/2255 2405/5085/2254 2403/5081/2250
f 2382/5037/2218 2407/5088/2256 2406/5087/2251 2402/5036/2217
f 2407/5088/2256 2409/5090/2257 2408/5089/2255 2406/5087/2251
f 2409/5090/2257 2411/5092/2259 2410/5091/2258 2408/5089/2255
f 2408/5086/2255 2410/5094/2258 2413/5093/2260 2405/5085/2254
f 2411/5095/2259 2412/5096/2261 2410/5094/2258
f 2410/5094/2258 2412/5096/2261 2413/5093/2260
f 2405/5097/2254 2413/5100/2260 2414/5099/2262 2416/5098/2253
f 2413/5100/2260 2412/5101/2261 2414/5099/2262
f 2414/5099/2262 2412/5101/2261 2415/5102/2263
f 2416/5084/2253 2414/5105/2262 2415/5104/2263 2417/5103/2264
f 2404/5083/2252 2416/5084/2253 2417/5103/2264 2418/5106/2265
f 2418/5107/2266 2417/5110/2269 2419/5109/2268 2420/5108/2267
f 2417/5111/2269 2415/5114/2271 2421/5113/2270 2419/5112/2268
f 2419/5109/2268 2421/5117/2270 2411/5116/2273 2409/5115/2272
f 2420/5108/2267 2419/5109/2268 2409/5115/2272 2407/5118/2274
f 2421/5117/2270 2412/5119/2275 2411/5116/2273
f 2415/5114/2271 2412/5120/2275 2421/5113/2270
f 2407/5118/2274 2382/5044/2225 2385/5045/2226 2420/5108/2267
f 2420/5108/2267 2385/5045/2226 2422/5048/2229 2418/5107/2266
f 2418/5106/2265 2422/5078/2249 2399/5076/2247 2404/5083/2252
o Cube.084
v -28.720936 13.196888 -30.264378
v -28.323261 13.214910 -30.077200
v -29.046654 13.542691 -29.778221
v -28.283705 12.688736 -30.532888
v -28.247700 13.095106 -29.027956
v -27.591173 13.196888 -27.878326
v -27.788004 12.586954 -29.249035
v -28.701797 13.440910 -28.812950
v -28.173655 13.542692 -27.934458
v -29.207420 13.729491 -28.573545
v -28.936039 13.831273 -28.237337
v -29.341808 13.835276 -28.509912
v -29.295511 13.831273 -28.996536
v -28.750071 13.686150 -29.135408
v -28.565212 13.471784 -29.716070
v -28.708200 13.584368 -28.810043
v -28.332613 13.370001 -28.987881
v -28.483046 13.686150 -28.571457
v -27.916725 13.471783 -28.346470
v -27.484043 13.214911 -28.304773
v -27.125885 12.837441 -28.433756
v -27.995295 13.113129 -29.147594
v -27.653822 12.735660 -29.311815
v -27.998474 12.837441 -30.276655
v -27.310387 12.358191 -29.471891
v -26.799133 12.459971 -28.629066
v -27.076946 11.985949 -29.582420
v -27.638351 12.459972 -30.401493
v -27.798906 12.180585 -30.700945
v -27.309547 12.087730 -30.310614
v -27.356268 11.679470 -30.578600
v -26.923649 11.672981 -30.000198
v -26.836767 11.121132 -30.160719
v -26.671839 10.916410 -29.774109
v -26.881779 11.571199 -29.674829
v -26.656624 11.672981 -29.436247
v -26.477297 11.121133 -29.401520
v -26.661060 12.087730 -28.941011
v -26.483269 11.679470 -28.734833
v -26.669146 12.180585 -28.314896
v -27.011412 11.577688 -29.613323
v -27.325670 12.078803 -29.464525
v -26.748676 11.019351 -29.737728
v -27.109020 12.688736 -28.051964
vn -0.2616 -0.7342 0.6265
vn -0.3962 -0.7991 0.4521
vn -0.4870 -0.6880 0.5381
vn -0.3399 -0.5983 0.7256
vn -0.1829 -0.9048 0.3845
vn -0.3461 -0.8916 0.2922
vn 0.6524 0.7347 -0.1861
vn 0.5888 0.7588 -0.2784
vn 0.5130 0.8242 -0.2399
vn 0.5783 0.8061 -0.1256
vn 0.6792 0.7050 -0.2042
vn 0.6358 0.7085 -0.3063
vn 0.5310 0.7584 -0.3780
vn 0.4501 0.8107 -0.3744
vn 0.5894 0.7039 -0.3965
vn 0.3912 0.8195 -0.4187
vn 0.4946 0.8306 -0.2560
vn 0.5672 0.8224 -0.0437
vn 0.4656 0.8083 -0.3603
vn -0.2384 -0.9682 0.0753
vn -0.3626 -0.9248 0.1153
vn -0.2058 -0.9591 0.1945
vn -0.5272 -0.8115 0.2520
vn -0.4109 -0.8883 0.2050
vn -0.4348 -0.8921 0.1228
vn -0.2696 -0.9098 0.3156
vn -0.4152 -0.9038 -0.1034
vn -0.2562 -0.9640 0.0713
vn -0.5992 -0.7954 0.0913
vn -0.5926 -0.7540 0.2833
vn -0.6014 -0.7775 -0.1839
vn -0.7040 -0.6968 0.1370
vn -0.6340 -0.7086 0.3098
vn -0.7662 -0.6096 -0.2036
vn -0.6776 -0.6579 0.3286
vn -0.5621 -0.6066 0.5623
vn -0.7544 -0.6258 0.1982
vn -0.8018 -0.4927 0.3382
vn -0.7228 -0.5849 0.3679
vn -0.7501 -0.4643 0.4710
vn -0.5405 -0.4508 0.7104
vn -0.7195 -0.3217 0.6155
vn -0.8644 -0.4060 0.2964
vn -0.8831 -0.2538 0.3946
vn -0.7901 -0.4369 0.4300
vn -0.8740 -0.2657 0.4069
vn -0.7458 -0.4296 0.5090
vn -0.8537 -0.2486 0.4576
vn -0.9320 -0.3253 0.1595
vn -0.8725 -0.4837 -0.0692
vn 0.6115 0.6757 -0.4117
vn 0.6819 0.6546 -0.3264
vn 0.7387 0.5672 -0.3640
vn 0.6691 0.5780 -0.4671
vn 0.7001 0.5982 -0.3900
vn 0.6510 0.5396 -0.5339
vn 0.7893 0.5741 -0.2179
vn 0.8255 0.5399 -0.1645
vn 0.7214 0.6577 -0.2168
vn 0.7106 0.6364 -0.3001
vt 0.366056 0.423079
vt 0.363419 0.422342
vt 0.363419 0.418200
vt 0.366056 0.417504
vt 0.269870 0.447404
vt 0.267025 0.447952
vt 0.265482 0.442761
vt 0.268723 0.443549
vt 0.274999 0.402361
vt 0.282557 0.394943
vt 0.286005 0.398319
vt 0.280135 0.404062
vt 0.270670 0.398579
vt 0.278523 0.390867
vt 0.289853 0.387612
vt 0.291612 0.392665
vt 0.286114 0.383244
vt 0.291758 0.399369
vt 0.289526 0.401671
vt 0.287032 0.404062
vt 0.290557 0.402685
vt 0.265699 0.435849
vt 0.268885 0.438414
vt 0.267203 0.432340
vt 0.273136 0.439269
vt 0.270750 0.436557
vt 0.277384 0.435313
vt 0.272451 0.435023
vt 0.277141 0.431675
vt 0.270500 0.431284
vt 0.281077 0.436747
vt 0.275556 0.441914
vt 0.282113 0.433605
vt 0.284247 0.439611
vt 0.278502 0.444990
vt 0.286380 0.437461
vt 0.272594 0.450693
vt 0.281475 0.448042
vt 0.275789 0.453532
vt 0.286997 0.442875
vt 0.288236 0.446547
vt 0.283988 0.450503
vt 0.279576 0.454782
vt 0.270692 0.452378
vt 0.274994 0.456201
vt 0.280092 0.457884
vt 0.284670 0.454754
vt 0.286950 0.457846
vt 0.286535 0.452897
vt 0.290175 0.456149
vt 0.288236 0.451363
vt 0.291751 0.453281
vt 0.291751 0.446798
vt 0.290082 0.441854
vt 0.281819 0.379427
vt 0.274523 0.386758
vt 0.271276 0.383314
vt 0.276883 0.377659
vt 0.268102 0.379845
vt 0.270334 0.377542
vt 0.265406 0.389056
vt 0.265608 0.382235
vt 0.266966 0.394176
vt 0.267372 0.379085
s 1
usemtl Material.001
f 2423/5121/2276 2426/5124/2279 2446/5123/2278 2424/5122/2277
f 2424/5125/2277 2437/5128/2281 2425/5127/2280 2423/5126/2276
f 2423/5129/2282 2425/5132/2285 2430/5131/2284 2427/5130/2283
f 2426/5133/2286 2423/5129/2282 2427/5130/2283 2429/5134/2287
f 2427/5130/2283 2430/5131/2284 2431/5136/2289 2428/5135/2288
f 2429/5134/2287 2427/5130/2283 2428/5135/2288 2466/5137/2290
f 2430/5131/2284 2432/5139/2292 2433/5138/2291 2431/5136/2289
f 2425/5132/2285 2435/5140/2293 2432/5139/2292 2430/5131/2284
f 2432/5139/2292 2434/5141/2294 2433/5138/2291
f 2435/5140/2293 2434/5141/2294 2432/5139/2292
f 2437/5128/2281 2436/5143/2296 2435/5142/2295 2425/5127/2280
f 2436/5143/2296 2434/5144/2297 2435/5142/2295
f 2439/5145/2298 2438/5146/2299 2436/5143/2296 2437/5128/2281
f 2438/5146/2299 2434/5144/2297 2436/5143/2296
f 2441/5147/2300 2440/5148/2301 2438/5146/2299 2439/5145/2298
f 2440/5148/2301 2434/5144/2297 2438/5146/2299
f 2431/5149/2302 2433/5150/2303 2440/5148/2301 2441/5147/2300
f 2433/5150/2303 2434/5144/2297 2440/5148/2301
f 2442/5151/2304 2441/5147/2300 2439/5145/2298 2444/5152/2305
f 2428/5153/2306 2431/5149/2302 2441/5147/2300 2442/5151/2304
f 2443/5154/2307 2442/5151/2304 2444/5152/2305 2445/5155/2308
f 2466/5156/2309 2428/5153/2306 2442/5151/2304 2443/5154/2307
f 2444/5152/2305 2439/5145/2298 2437/5128/2281 2424/5125/2277
f 2445/5155/2308 2444/5152/2305 2424/5125/2277 2446/5157/2278
f 2447/5158/2310 2445/5155/2308 2446/5157/2278 2450/5159/2311
f 2448/5160/2312 2443/5154/2307 2445/5155/2308 2447/5158/2310
f 2447/5158/2310 2449/5162/2314 2460/5161/2313 2448/5160/2312
f 2450/5159/2311 2452/5163/2315 2449/5162/2314 2447/5158/2310
f 2426/5164/2279 2451/5165/2316 2450/5159/2311 2446/5157/2278
f 2451/5165/2316 2453/5166/2317 2452/5163/2315 2450/5159/2311
f 2453/5166/2317 2455/5168/2319 2454/5167/2318 2452/5163/2315
f 2452/5163/2315 2454/5167/2318 2457/5169/2320 2449/5162/2314
f 2455/5168/2319 2456/5170/2321 2454/5167/2318
f 2454/5167/2318 2456/5170/2321 2457/5169/2320
f 2449/5162/2314 2457/5169/2320 2458/5171/2322 2460/5161/2313
f 2457/5169/2320 2456/5170/2321 2458/5171/2322
f 2458/5171/2322 2456/5170/2321 2459/5172/2323
f 2460/5161/2313 2458/5171/2322 2459/5172/2323 2461/5173/2324
f 2448/5160/2312 2460/5161/2313 2461/5173/2324 2462/5174/2325
f 2462/5175/2326 2461/5178/2329 2463/5177/2328 2464/5176/2327
f 2461/5178/2329 2459/5180/2331 2465/5179/2330 2463/5177/2328
f 2463/5177/2328 2465/5179/2330 2455/5182/2333 2453/5181/2332
f 2464/5176/2327 2463/5177/2328 2453/5181/2332 2451/5183/2334
f 2465/5179/2330 2456/5184/2335 2455/5182/2333
f 2459/5180/2331 2456/5184/2335 2465/5179/2330
f 2451/5183/2334 2426/5133/2286 2429/5134/2287 2464/5176/2327
f 2464/5176/2327 2429/5134/2287 2466/5137/2290 2462/5175/2326
f 2462/5174/2325 2466/5156/2309 2443/5154/2307 2448/5160/2312
o Cube.085
v -28.129017 10.848077 -30.874847
v -27.728495 10.866098 -30.693842
v -28.447178 11.193880 -30.383720
v -27.695988 10.339925 -31.150089
v -27.636721 10.746294 -29.645897
v -26.962498 10.848076 -28.506550
v -27.180500 10.238143 -29.874054
v -28.087440 11.092098 -29.423891
v -27.545778 11.193881 -28.553671
v -28.589298 11.380680 -29.176699
v -28.312756 11.482462 -28.844728
v -28.722689 11.486465 -29.110996
v -28.683922 11.482461 -29.598276
v -28.140692 11.337338 -29.745569
v -27.964834 11.122972 -30.329016
v -28.093798 11.235557 -29.420887
v -27.721003 11.021191 -29.604509
v -27.864983 11.337338 -29.185812
v -27.295250 11.122972 -28.969608
v -26.861973 10.866099 -28.934605
v -26.505854 10.488630 -29.069111
v -27.386196 10.764318 -29.769423
v -27.047302 10.386848 -29.938902
v -27.406830 10.488629 -30.898296
v -26.706383 10.009379 -30.104267
v -26.182161 10.111161 -29.269449
v -26.474680 9.637136 -30.218393
v -27.048683 10.111161 -31.028687
v -27.213848 9.831774 -31.325619
v -26.718512 9.738919 -30.942900
v -26.769369 9.330659 -31.210135
v -26.327860 9.324170 -30.638493
v -26.243473 8.772321 -30.800333
v -26.072584 8.567599 -30.416319
v -26.280964 9.222388 -30.313810
v -26.052147 9.324170 -30.078732
v -25.872307 8.772322 -30.046785
v -26.048927 9.738919 -29.583488
v -25.867970 9.330659 -29.380085
v -26.047331 9.831774 -28.957325
v -26.409632 9.228877 -30.250309
v -26.721550 9.729992 -30.096666
v -26.148851 8.670540 -30.378756
v -26.483088 10.339925 -28.687626
vn -0.2518 -0.7343 0.6304
vn -0.3892 -0.7988 0.4587
vn -0.4778 -0.6879 0.5464
vn -0.3288 -0.5981 0.7308
vn -0.1769 -0.9054 0.3859
vn -0.3415 -0.8912 0.2985
vn 0.6496 0.7345 -0.1963
vn 0.5844 0.7588 -0.2876
vn 0.5092 0.8242 -0.2479
vn 0.5763 0.8061 -0.1345
vn 0.6760 0.7050 -0.2147
vn 0.6309 0.7085 -0.3162
vn 0.5246 0.7588 -0.3859
vn 0.4438 0.8108 -0.3816
vn 0.5832 0.7039 -0.4055
vn 0.3846 0.8194 -0.4251
vn 0.4903 0.8306 -0.2642
vn 0.5665 0.8224 -0.0524
vn 0.4584 0.8080 -0.3702
vn -0.2378 -0.9683 0.0771
vn -0.3601 -0.9249 0.1225
vn -0.2018 -0.9592 0.1979
vn -0.5231 -0.8115 0.2604
vn -0.4076 -0.8882 0.2122
vn -0.4330 -0.8919 0.1305
vn -0.2643 -0.9095 0.3207
vn -0.4159 -0.9043 -0.0963
vn -0.2547 -0.9640 0.0758
vn -0.5976 -0.7952 0.1028
vn -0.5882 -0.7540 0.2926
vn -0.6029 -0.7785 -0.1744
vn -0.7013 -0.6970 0.1498
vn -0.6290 -0.7086 0.3199
vn -0.7691 -0.6097 -0.1918
vn -0.6724 -0.6579 0.3393
vn -0.5521 -0.6064 0.5722
vn -0.7504 -0.6262 0.2117
vn -0.7958 -0.4932 0.3513
vn -0.7167 -0.5849 0.3798
vn -0.7422 -0.4638 0.4838
vn -0.5305 -0.4499 0.7184
vn -0.7104 -0.3214 0.6262
vn -0.8596 -0.4055 0.3110
vn -0.8769 -0.2538 0.4082
vn -0.7826 -0.4365 0.4438
vn -0.8677 -0.2655 0.4203
vn -0.7375 -0.4300 0.5208
vn -0.8461 -0.2484 0.4716
vn -0.9295 -0.3252 0.1742
vn -0.8734 -0.4838 -0.0558
vn 0.6050 0.6758 -0.4210
vn 0.6768 0.6545 -0.3371
vn 0.7328 0.5672 -0.3758
vn 0.6618 0.5780 -0.4774
vn 0.6931 0.5982 -0.4022
vn 0.6426 0.5396 -0.5440
vn 0.7860 0.5739 -0.2299
vn 0.8228 0.5400 -0.1771
vn 0.7183 0.6573 -0.2280
vn 0.7062 0.6364 -0.3102
vt 0.366074 0.417215
vt 0.363419 0.416450
vt 0.363419 0.412298
vt 0.366074 0.411625
vt 0.216631 0.447488
vt 0.213798 0.448012
vt 0.212269 0.442816
vt 0.215495 0.443628
vt 0.275055 0.429293
vt 0.282617 0.421880
vt 0.286067 0.425255
vt 0.280192 0.430995
vt 0.270731 0.425506
vt 0.278588 0.417800
vt 0.289898 0.414569
vt 0.291662 0.419617
vt 0.286164 0.410197
vt 0.291817 0.426310
vt 0.289596 0.428602
vt 0.287095 0.430995
vt 0.290629 0.429615
vt 0.212506 0.435900
vt 0.215672 0.438491
vt 0.214023 0.432388
vt 0.219919 0.439358
vt 0.217546 0.436632
vt 0.224164 0.435429
vt 0.219241 0.435115
vt 0.223939 0.431778
vt 0.217311 0.431355
vt 0.227850 0.436878
vt 0.222330 0.442012
vt 0.228900 0.433728
vt 0.231013 0.439748
vt 0.225271 0.445093
vt 0.233159 0.437593
vt 0.219349 0.450780
vt 0.228238 0.448150
vt 0.222539 0.453626
vt 0.233757 0.443016
vt 0.234995 0.446682
vt 0.230750 0.450611
vt 0.226326 0.454881
vt 0.217457 0.452444
vt 0.221751 0.456275
vt 0.226849 0.457964
vt 0.231425 0.454859
vt 0.233714 0.457934
vt 0.233299 0.453000
vt 0.236948 0.456238
vt 0.234995 0.451483
vt 0.238519 0.453390
vt 0.238519 0.446927
vt 0.236853 0.441991
vt 0.281874 0.406375
vt 0.274593 0.413686
vt 0.271357 0.410233
vt 0.276952 0.404595
vt 0.268200 0.406751
vt 0.270421 0.404459
vt 0.265482 0.415973
vt 0.265698 0.409144
vt 0.267031 0.421099
vt 0.267473 0.405990
s 1
usemtl Material.001
f 2467/5185/2336 2470/5188/2339 2490/5187/2338 2468/5186/2337
f 2468/5189/2337 2481/5192/2341 2469/5191/2340 2467/5190/2336
f 2467/5193/2342 2469/5196/2345 2474/5195/2344 2471/5194/2343
f 2470/5197/2346 2467/5193/2342 2471/5194/2343 2473/5198/2347
f 2471/5194/2343 2474/5195/2344 2475/5200/2349 2472/5199/2348
f 2473/5198/2347 2471/5194/2343 2472/5199/2348 2510/5201/2350
f 2474/5195/2344 2476/5203/2352 2477/5202/2351 2475/5200/2349
f 2469/5196/2345 2479/5204/2353 2476/5203/2352 2474/5195/2344
f 2476/5203/2352 2478/5205/2354 2477/5202/2351
f 2479/5204/2353 2478/5205/2354 2476/5203/2352
f 2481/5192/2341 2480/5207/2356 2479/5206/2355 2469/5191/2340
f 2480/5207/2356 2478/5208/2357 2479/5206/2355
f 2483/5209/2358 2482/5210/2359 2480/5207/2356 2481/5192/2341
f 2482/5210/2359 2478/5208/2357 2480/5207/2356
f 2485/5211/2360 2484/5212/2361 2482/5210/2359 2483/5209/2358
f 2484/5212/2361 2478/5208/2357 2482/5210/2359
f 2475/5213/2362 2477/5214/2363 2484/5212/2361 2485/5211/2360
f 2477/5214/2363 2478/5208/2357 2484/5212/2361
f 2486/5215/2364 2485/5211/2360 2483/5209/2358 2488/5216/2365
f 2472/5217/2366 2475/5213/2362 2485/5211/2360 2486/5215/2364
f 2487/5218/2367 2486/5215/2364 2488/5216/2365 2489/5219/2368
f 2510/5220/2369 2472/5217/2366 2486/5215/2364 2487/5218/2367
f 2488/5216/2365 2483/5209/2358 2481/5192/2341 2468/5189/2337
f 2489/5219/2368 2488/5216/2365 2468/5189/2337 2490/5221/2338
f 2491/5222/2370 2489/5219/2368 2490/5221/2338 2494/5223/2371
f 2492/5224/2372 2487/5218/2367 2489/5219/2368 2491/5222/2370
f 2491/5222/2370 2493/5226/2374 2504/5225/2373 2492/5224/2372
f 2494/5223/2371 2496/5227/2375 2493/5226/2374 2491/5222/2370
f 2470/5228/2339 2495/5229/2376 2494/5223/2371 2490/5221/2338
f 2495/5229/2376 2497/5230/2377 2496/5227/2375 2494/5223/2371
f 2497/5230/2377 2499/5232/2379 2498/5231/2378 2496/5227/2375
f 2496/5227/2375 2498/5231/2378 2501/5233/2380 2493/5226/2374
f 2499/5232/2379 2500/5234/2381 2498/5231/2378
f 2498/5231/2378 2500/5234/2381 2501/5233/2380
f 2493/5226/2374 2501/5233/2380 2502/5235/2382 2504/5225/2373
f 2501/5233/2380 2500/5234/2381 2502/5235/2382
f 2502/5235/2382 2500/5234/2381 2503/5236/2383
f 2504/5225/2373 2502/5235/2382 2503/5236/2383 2505/5237/2384
f 2492/5224/2372 2504/5225/2373 2505/5237/2384 2506/5238/2385
f 2506/5239/2386 2505/5242/2389 2507/5241/2388 2508/5240/2387
f 2505/5242/2389 2503/5244/2391 2509/5243/2390 2507/5241/2388
f 2507/5241/2388 2509/5243/2390 2499/5246/2393 2497/5245/2392
f 2508/5240/2387 2507/5241/2388 2497/5245/2392 2495/5247/2394
f 2509/5243/2390 2500/5248/2395 2499/5246/2393
f 2503/5244/2391 2500/5248/2395 2509/5243/2390
f 2495/5247/2394 2470/5197/2346 2473/5198/2347 2508/5240/2387
f 2508/5240/2387 2473/5198/2347 2510/5201/2350 2506/5239/2386
f 2506/5238/2385 2510/5220/2369 2487/5218/2367 2492/5224/2372
o Cube.086
v -28.574066 14.848069 -29.429174
v -28.328272 14.866092 -29.064798
v -29.102739 15.193873 -29.178299
v -28.061012 14.339918 -29.435997
v -28.800501 14.746287 -28.124792
v -28.825062 14.848069 -26.801132
v -28.292437 14.238136 -28.079367
v -29.300653 15.092092 -28.172558
v -29.296692 15.193873 -27.147539
v -29.857553 15.380672 -28.225750
v -29.796547 15.482454 -27.798008
v -30.005573 15.486457 -28.239883
v -29.716684 15.482455 -28.634207
v -29.177042 15.337331 -28.474276
v -28.720987 15.122965 -28.878447
v -29.307644 15.235549 -28.173340
v -28.893959 15.021183 -28.133833
v -29.236366 15.337331 -27.853128
v -28.865059 15.122965 -27.369938
v -28.514719 14.866092 -27.112616
v -28.141024 14.488623 -27.040066
v -28.522432 14.764311 -28.098351
v -28.145029 14.386841 -28.064606
v -27.947163 14.488623 -29.069870
v -27.768063 14.009373 -28.026299
v -27.760349 14.111155 -27.040569
v -27.510946 13.637130 -28.001745
v -27.573902 14.111154 -28.992752
v -27.558523 13.831766 -29.332182
v -27.337973 13.738912 -28.746355
v -27.240917 13.330652 -29.000481
v -27.165386 13.324163 -28.282146
v -27.008579 12.772314 -28.375561
v -27.064819 12.567593 -27.959021
v -27.295986 13.222382 -27.981213
v -27.224710 13.324163 -27.660999
v -27.088442 12.772314 -27.539368
v -27.482044 13.738912 -27.237850
v -27.434870 13.330652 -26.969725
v -27.809521 13.831766 -26.704140
v -27.438829 13.228870 -27.994743
v -27.784962 13.729985 -28.027800
v -27.149448 12.670532 -27.967104
v -28.321989 14.339918 -26.703461
vn -0.5268 -0.7539 0.3926
vn -0.5787 -0.8004 0.1565
vn -0.7038 -0.6930 0.1563
vn -0.6560 -0.6059 0.4501
vn -0.3642 -0.8967 0.2516
vn -0.4420 -0.8958 0.0478
vn 0.6417 0.7468 0.1745
vn 0.6475 0.7596 0.0613
vn 0.5633 0.8246 0.0526
vn 0.5572 0.8078 0.1923
vn 0.6888 0.7042 0.1724
vn 0.7023 0.7086 0.0686
vn 0.6687 0.7419 -0.0486
vn 0.5851 0.8069 -0.0808
vn 0.7087 0.7045 -0.0389
vn 0.5485 0.8221 -0.1527
vn 0.5542 0.8304 0.0574
vn 0.5098 0.8216 0.2551
vn 0.5738 0.8144 0.0863
vn -0.2630 -0.9647 0.0121
vn -0.3610 -0.9177 -0.1656
vn -0.2795 -0.9585 -0.0558
vn -0.5813 -0.8118 -0.0552
vn -0.4514 -0.8913 -0.0433
vn -0.4224 -0.8959 -0.1378
vn -0.3831 -0.9213 0.0657
vn -0.3102 -0.8966 -0.3161
vn -0.2543 -0.9663 -0.0399
vn -0.5307 -0.8011 -0.2768
vn -0.6529 -0.7549 -0.0622
vn -0.4533 -0.7416 -0.4946
vn -0.6546 -0.6909 -0.3069
vn -0.7021 -0.7087 -0.0695
vn -0.5605 -0.6030 -0.5677
vn -0.7488 -0.6588 -0.0726
vn -0.7789 -0.6160 0.1180
vn -0.7339 -0.6123 -0.2941
vn -0.8656 -0.4752 -0.1577
vn -0.8066 -0.5854 -0.0820
vn -0.8763 -0.4813 -0.0230
vn -0.8040 -0.4764 0.3557
vn -0.9297 -0.3267 0.1698
vn -0.8809 -0.4218 -0.2149
vn -0.9599 -0.2519 -0.1233
vn -0.8923 -0.4412 -0.0959
vn -0.9594 -0.2674 -0.0901
vn -0.9083 -0.4168 0.0362
vn -0.9651 -0.2531 -0.0669
vn -0.8815 -0.3261 -0.3414
vn -0.7293 -0.4701 -0.4970
vn 0.7444 0.6664 -0.0410
vn 0.7520 0.6553 0.0722
vn 0.8193 0.5676 0.0810
vn 0.8148 0.5766 -0.0605
vn 0.7968 0.5979 0.0880
vn 0.8328 0.5393 -0.1248
vn 0.7883 0.5774 0.2125
vn 0.7942 0.5392 0.2801
vn 0.7190 0.6713 0.1802
vn 0.7683 0.6368 0.0654
vt 0.248406 0.460769
vt 0.249519 0.463951
vt 0.246351 0.466820
vt 0.244142 0.464631
vt 0.253318 0.458727
vt 0.253167 0.462435
vt 0.335095 0.460808
vt 0.327690 0.467413
vt 0.324520 0.463752
vt 0.330209 0.458707
vt 0.339349 0.464675
vt 0.331644 0.471553
vt 0.319996 0.474536
vt 0.318541 0.469315
vt 0.323649 0.478949
vt 0.318885 0.462388
vt 0.321431 0.459945
vt 0.323689 0.458020
vt 0.320478 0.458852
vt 0.259878 0.458150
vt 0.258040 0.462006
vt 0.263119 0.459070
vt 0.257383 0.466226
vt 0.259702 0.463439
vt 0.261848 0.470453
vt 0.261614 0.465308
vt 0.265005 0.469521
vt 0.264690 0.462595
vt 0.260753 0.474328
vt 0.255011 0.468922
vt 0.263531 0.474738
vt 0.258033 0.477609
vt 0.252067 0.471997
vt 0.259868 0.479155
vt 0.249149 0.475096
vt 0.243656 0.470126
vt 0.254891 0.480503
vt 0.251101 0.481773
vt 0.246635 0.477546
vt 0.242420 0.473754
vt 0.240515 0.469081
vt 0.238850 0.473966
vt 0.242407 0.478471
vt 0.238833 0.480315
vt 0.244070 0.479904
vt 0.240375 0.483067
vt 0.245982 0.481773
vt 0.243645 0.484760
vt 0.250537 0.484760
vt 0.255639 0.483050
vt 0.327868 0.482849
vt 0.335562 0.475725
vt 0.338953 0.478991
vt 0.332974 0.484554
vt 0.342425 0.482111
vt 0.339878 0.484554
vt 0.344642 0.473946
vt 0.344682 0.480186
vt 0.342968 0.469120
vt 0.343164 0.482855
s 1
usemtl Material.001
f 2511/5249/2396 2514/5252/2399 2534/5251/2398 2512/5250/2397
f 2512/5250/2397 2525/5254/2401 2513/5253/2400 2511/5249/2396
f 2511/5255/2402 2513/5258/2405 2518/5257/2404 2515/5256/2403
f 2514/5259/2406 2511/5255/2402 2515/5256/2403 2517/5260/2407
f 2515/5256/2403 2518/5257/2404 2519/5262/2409 2516/5261/2408
f 2517/5260/2407 2515/5256/2403 2516/5261/2408 2554/5263/2410
f 2518/5257/2404 2520/5265/2412 2521/5264/2411 2519/5262/2409
f 2513/5258/2405 2523/5266/2413 2520/5265/2412 2518/5257/2404
f 2520/5265/2412 2522/5267/2414 2521/5264/2411
f 2523/5266/2413 2522/5267/2414 2520/5265/2412
f 2525/5254/2401 2524/5269/2416 2523/5268/2415 2513/5253/2400
f 2524/5269/2416 2522/5270/2417 2523/5268/2415
f 2527/5271/2418 2526/5272/2419 2524/5269/2416 2525/5254/2401
f 2526/5272/2419 2522/5270/2417 2524/5269/2416
f 2529/5273/2420 2528/5274/2421 2526/5272/2419 2527/5271/2418
f 2528/5274/2421 2522/5270/2417 2526/5272/2419
f 2519/5275/2422 2521/5276/2423 2528/5274/2421 2529/5273/2420
f 2521/5276/2423 2522/5270/2417 2528/5274/2421
f 2530/5277/2424 2529/5273/2420 2527/5271/2418 2532/5278/2425
f 2516/5279/2426 2519/5275/2422 2529/5273/2420 2530/5277/2424
f 2531/5280/2427 2530/5277/2424 2532/5278/2425 2533/5281/2428
f 2554/5282/2429 2516/5279/2426 2530/5277/2424 2531/5280/2427
f 2532/5278/2425 2527/5271/2418 2525/5254/2401 2512/5250/2397
f 2533/5281/2428 2532/5278/2425 2512/5250/2397 2534/5251/2398
f 2535/5283/2430 2533/5281/2428 2534/5251/2398 2538/5284/2431
f 2536/5285/2432 2531/5280/2427 2533/5281/2428 2535/5283/2430
f 2535/5283/2430 2537/5287/2434 2548/5286/2433 2536/5285/2432
f 2538/5284/2431 2540/5288/2435 2537/5287/2434 2535/5283/2430
f 2514/5252/2399 2539/5289/2436 2538/5284/2431 2534/5251/2398
f 2539/5289/2436 2541/5290/2437 2540/5288/2435 2538/5284/2431
f 2541/5290/2437 2543/5292/2439 2542/5291/2438 2540/5288/2435
f 2540/5288/2435 2542/5291/2438 2545/5293/2440 2537/5287/2434
f 2543/5292/2439 2544/5294/2441 2542/5291/2438
f 2542/5291/2438 2544/5294/2441 2545/5293/2440
f 2537/5287/2434 2545/5293/2440 2546/5295/2442 2548/5286/2433
f 2545/5293/2440 2544/5294/2441 2546/5295/2442
f 2546/5295/2442 2544/5294/2441 2547/5296/2443
f 2548/5286/2433 2546/5295/2442 2547/5296/2443 2549/5297/2444
f 2536/5285/2432 2548/5286/2433 2549/5297/2444 2550/5298/2445
f 2550/5299/2446 2549/5302/2449 2551/5301/2448 2552/5300/2447
f 2549/5302/2449 2547/5304/2451 2553/5303/2450 2551/5301/2448
f 2551/5301/2448 2553/5303/2450 2543/5306/2453 2541/5305/2452
f 2552/5300/2447 2551/5301/2448 2541/5305/2452 2539/5307/2454
f 2553/5303/2450 2544/5308/2455 2543/5306/2453
f 2547/5304/2451 2544/5308/2455 2553/5303/2450
f 2539/5307/2454 2514/5259/2406 2517/5260/2407 2552/5300/2447
f 2552/5300/2447 2517/5260/2407 2554/5263/2410 2550/5299/2446
f 2550/5298/2445 2554/5282/2429 2531/5280/2427 2536/5285/2432
o Cube.087
v -34.687614 26.345490 25.524475
v -34.878597 25.999998 26.000002
v -34.687614 25.999998 25.412218
v -34.187614 26.559015 25.230581
v -34.687614 26.559015 25.818367
v -34.187614 26.904507 25.706110
v -34.687614 26.559015 26.181639
v -34.187614 26.904507 26.293896
v -34.687614 26.345490 26.475531
v -34.187614 26.559015 26.769424
v -34.687614 25.999998 26.587790
v -34.187614 25.999998 26.951059
v -34.687614 25.654507 26.475531
v -34.187614 25.440979 26.769424
v -34.687614 25.440979 26.181639
v -34.187614 25.095488 26.293896
v -34.687614 25.440981 25.818367
v -34.187614 25.095490 25.706110
v -34.687614 25.654507 25.524475
v -34.187614 25.440981 25.230581
v -33.569580 25.440981 25.230581
v -34.187614 25.999998 25.048946
v -33.569580 25.999998 25.048946
v -33.569580 26.559015 25.230581
v -33.069580 25.999998 25.412218
v -32.878597 25.999998 26.000002
v -33.069580 26.345490 25.524475
v -33.069580 25.654507 25.524475
v -33.069580 25.440981 25.818367
v -33.569580 25.095490 25.706110
v -33.069580 25.440981 26.181639
v -33.569580 25.095490 26.293896
v -33.069580 25.654507 26.475531
v -33.569580 25.440981 26.769424
v -33.069580 25.999998 26.587788
v -33.569580 25.999998 26.951059
v -33.069580 26.345490 26.475531
v -33.569580 26.559015 26.769424
v -33.069580 26.559015 26.181639
v -33.569580 26.904507 26.293896
v -33.069580 26.559015 25.818367
v -33.569580 26.904507 25.706110
v -37.065392 25.999998 25.308804
v -33.830574 25.999998 25.308804
v -37.065392 25.401402 25.654404
v -37.065392 26.598595 25.654404
v -33.830574 26.598597 25.654404
v -37.065392 26.598595 26.345604
v -33.830574 26.598597 26.345604
v -37.065392 25.999998 26.691204
v -33.830574 25.999998 26.691204
v -37.065392 25.401402 26.345604
v -33.830574 25.401402 26.345604
v -33.830574 25.401402 25.654404
vn 0.7388 -0.3961 0.5452
vn 1.0000 -0.0000 -0.0000
vn 0.7388 -0.6409 0.2083
vn 0.7388 -0.0000 0.6739
vn 0.2125 -0.0000 0.9772
vn 0.2125 -0.5744 0.7905
vn 0.2125 -0.9293 0.3020
vn 0.7388 -0.6409 -0.2083
vn 0.2125 -0.9293 -0.3020
vn 0.7388 -0.3961 -0.5452
vn 0.2125 -0.5744 -0.7905
vn 0.7388 -0.0000 -0.6739
vn 0.2125 -0.0000 -0.9772
vn 0.7388 0.3961 -0.5452
vn 0.2125 0.5744 -0.7905
vn 0.7388 0.6409 -0.2083
vn 0.2125 0.9293 -0.3020
vn 0.7388 0.6409 0.2083
vn 0.2125 0.9293 0.3020
vn 0.7388 0.3961 0.5452
vn 0.2125 0.5744 0.7905
vn -0.2125 0.9293 0.3020
vn -0.2125 0.5744 0.7905
vn -0.2125 -0.0000 0.9772
vn -0.2125 -0.5744 0.7905
vn -0.7388 -0.0000 0.6739
vn -0.7388 -0.3961 0.5452
vn -0.7388 0.3961 0.5452
vn -1.0000 -0.0000 -0.0000
vn -0.7388 0.6409 0.2083
vn -0.7388 0.6409 -0.2083
vn -0.2125 0.9293 -0.3020
vn -0.7388 0.3961 -0.5452
vn -0.2125 0.5744 -0.7905
vn -0.7388 -0.0000 -0.6739
vn -0.2125 -0.0000 -0.9772
vn -0.7388 -0.3961 -0.5452
vn -0.2125 -0.5744 -0.7905
vn -0.7388 -0.6409 -0.2083
vn -0.2125 -0.9293 -0.3020
vn -0.7388 -0.6409 0.2083
vn -0.2125 -0.9293 0.3020
vn -0.0000 -0.8660 0.5000
vn -0.0000 -0.0000 1.0000
vn -0.0000 0.8660 0.5000
vn -0.0000 -0.8660 -0.5000
vn -0.0000 -0.0000 -1.0000
vn -0.0000 0.8660 -0.5000
vt 0.265682 0.950388
vt 0.269705 0.949081
vt 0.267219 0.952503
vt 0.265682 0.947774
vt 0.237394 0.961993
vt 0.235935 0.965591
vt 0.233421 0.965591
vt 0.233326 0.961993
vt 0.230965 0.965591
vt 0.229353 0.961993
vt 0.265682 0.954618
vt 0.269705 0.953311
vt 0.269705 0.955926
vt 0.240991 0.950283
vt 0.239684 0.953881
vt 0.237126 0.953881
vt 0.236854 0.950283
vt 0.272192 0.952503
vt 0.234738 0.953881
vt 0.232989 0.950283
vt 0.273729 0.950388
vt 0.261714 0.961993
vt 0.260254 0.965591
vt 0.257740 0.965591
vt 0.257646 0.961993
vt 0.273729 0.947774
vt 0.255284 0.965591
vt 0.253672 0.961993
vt 0.272192 0.945658
vt 0.273729 0.943543
vt 0.269705 0.944850
vt 0.269705 0.942236
vt 0.251889 0.950283
vt 0.250582 0.953881
vt 0.248024 0.953881
vt 0.247751 0.950283
vt 0.267219 0.945658
vt 0.245636 0.953881
vt 0.243886 0.950283
vt 0.251889 0.945835
vt 0.247751 0.945835
vt 0.243886 0.945835
vt 0.237394 0.957545
vt 0.233326 0.957545
vt 0.235935 0.953946
vt 0.233421 0.953946
vt 0.248024 0.942236
vt 0.245636 0.942236
vt 0.281240 0.911275
vt 0.277216 0.912582
vt 0.277216 0.909968
vt 0.278753 0.907852
vt 0.250582 0.942236
vt 0.278753 0.914697
vt 0.281240 0.915505
vt 0.281240 0.918120
vt 0.277216 0.916813
vt 0.257740 0.953946
vt 0.257646 0.957545
vt 0.253672 0.957545
vt 0.255284 0.953946
vt 0.283726 0.914697
vt 0.260254 0.953946
vt 0.261714 0.957545
vt 0.285263 0.912582
vt 0.237126 0.942236
vt 0.236854 0.945835
vt 0.232989 0.945835
vt 0.234738 0.942236
vt 0.285263 0.909968
vt 0.239684 0.942236
vt 0.240991 0.945835
vt 0.283726 0.907852
vt 0.281240 0.907045
vt 0.281240 0.904430
vt 0.285263 0.905737
vt 0.229353 0.957545
vt 0.230965 0.953946
vt 0.243822 0.945835
vt 0.243822 0.950283
vt 0.254719 0.945835
vt 0.254719 0.950283
vt 0.272188 0.927712
vt 0.272188 0.904430
vt 0.277151 0.904430
vt 0.277151 0.927712
vt 0.253003 0.904430
vt 0.253003 0.927712
vt 0.248137 0.927712
vt 0.248137 0.904430
vt 0.274298 0.963453
vt 0.269990 0.965940
vt 0.265682 0.963453
vt 0.265682 0.958478
vt 0.269990 0.955991
vt 0.274298 0.958478
vt 0.256396 0.904430
vt 0.256396 0.927712
vt 0.253068 0.927712
vt 0.253068 0.904430
vt 0.261263 0.904430
vt 0.261263 0.927712
vt 0.262132 0.942171
vt 0.262132 0.918889
vt 0.267095 0.918889
vt 0.267095 0.942171
vt 0.244809 0.927712
vt 0.244809 0.904430
vt 0.290522 0.949698
vt 0.286214 0.952185
vt 0.281905 0.949698
vt 0.281905 0.944723
vt 0.286214 0.942236
vt 0.290522 0.944723
s 1
usemtl Material.001
f 2555/5309/2456 2559/5311/2458 2556/5310/2457
f 2557/5312/2459 2555/5309/2456 2556/5310/2457
f 2576/5313/2460 2558/5316/2461 2555/5315/2456 2557/5314/2459
f 2558/5316/2461 2560/5318/2462 2559/5317/2458 2555/5315/2456
f 2560/5319/2462 2562/5321/2464 2561/5320/2463 2559/5311/2458
f 2559/5311/2458 2561/5320/2463 2556/5310/2457
f 2562/5322/2464 2564/5325/2466 2563/5324/2465 2561/5323/2463
f 2561/5320/2463 2563/5326/2465 2556/5310/2457
f 2564/5325/2466 2566/5328/2468 2565/5327/2467 2563/5324/2465
f 2563/5326/2465 2565/5329/2467 2556/5310/2457
f 2566/5330/2468 2568/5333/2470 2567/5332/2469 2565/5331/2467
f 2565/5329/2467 2567/5334/2469 2556/5310/2457
f 2568/5333/2470 2570/5336/2472 2569/5335/2471 2567/5332/2469
f 2567/5334/2469 2569/5337/2471 2556/5310/2457
f 2570/5338/2472 2572/5340/2474 2571/5339/2473 2569/5337/2471
f 2569/5337/2471 2571/5339/2473 2556/5310/2457
f 2572/5341/2474 2574/5344/2476 2573/5343/2475 2571/5342/2473
f 2571/5339/2473 2573/5345/2475 2556/5310/2457
f 2574/5344/2476 2576/5347/2460 2557/5346/2459 2573/5343/2475
f 2573/5345/2475 2557/5312/2459 2556/5310/2457
f 2584/5348/2477 2575/5349/2478 2574/5344/2476 2572/5341/2474
f 2575/5349/2478 2577/5350/2479 2576/5347/2460 2574/5344/2476
f 2577/5351/2479 2578/5352/2480 2558/5316/2461 2576/5313/2460
f 2579/5353/2481 2581/5354/2482 2578/5352/2480 2577/5351/2479
f 2582/5355/2483 2579/5356/2481 2577/5350/2479 2575/5349/2478
f 2580/5357/2484 2579/5359/2481 2582/5358/2483
f 2580/5357/2484 2581/5360/2482 2579/5359/2481
f 2583/5361/2485 2582/5355/2483 2575/5349/2478 2584/5348/2477
f 2580/5357/2484 2582/5358/2483 2583/5362/2485
f 2585/5363/2486 2583/5362/2485 2584/5365/2477 2586/5364/2487
f 2580/5357/2484 2583/5362/2485 2585/5363/2486
f 2587/5366/2488 2585/5369/2486 2586/5368/2487 2588/5367/2489
f 2580/5357/2484 2585/5363/2486 2587/5370/2488
f 2589/5371/2490 2587/5366/2488 2588/5367/2489 2590/5372/2491
f 2580/5357/2484 2587/5370/2488 2589/5373/2490
f 2591/5374/2492 2589/5377/2490 2590/5376/2491 2592/5375/2493
f 2580/5357/2484 2589/5373/2490 2591/5378/2492
f 2593/5379/2494 2591/5374/2492 2592/5375/2493 2594/5380/2495
f 2580/5357/2484 2591/5378/2492 2593/5381/2494
f 2595/5382/2496 2593/5381/2494 2594/5384/2495 2596/5383/2497
f 2580/5357/2484 2593/5381/2494 2595/5382/2496
f 2581/5354/2482 2595/5386/2496 2596/5385/2497 2578/5352/2480
f 2580/5357/2484 2595/5382/2496 2581/5360/2482
f 2578/5352/2480 2596/5385/2497 2560/5318/2462 2558/5316/2461
f 2596/5387/2497 2594/5380/2495 2562/5322/2464 2560/5388/2462
f 2594/5380/2495 2592/5375/2493 2564/5325/2466 2562/5322/2464
f 2592/5375/2493 2590/5376/2491 2566/5328/2468 2564/5325/2466
f 2590/5372/2491 2588/5367/2489 2568/5333/2470 2566/5330/2468
f 2588/5367/2489 2586/5368/2487 2570/5336/2472 2568/5333/2470
f 2586/5389/2487 2584/5348/2477 2572/5341/2474 2570/5390/2472
f 2600/5391/2498 2597/5394/2499 2598/5393/2499 2601/5392/2498
f 2597/5395/2499 2599/5398/2500 2608/5397/2500 2598/5396/2499
f 2597/5399/2457 2600/5404/2457 2602/5403/2457 2604/5402/2457 2606/5401/2457 2599/5400/2457
f 2602/5405/2501 2600/5408/2498 2601/5407/2498 2603/5406/2501
f 2604/5409/2502 2602/5405/2501 2603/5406/2501 2605/5410/2502
f 2606/5411/2503 2604/5414/2502 2605/5413/2502 2607/5412/2503
f 2599/5398/2500 2606/5416/2503 2607/5415/2503 2608/5397/2500
f 2608/5417/2484 2607/5422/2484 2605/5421/2484 2603/5420/2484 2601/5419/2484 2598/5418/2484
o Cube.089
v -34.687614 26.345495 -20.475525
v -34.878597 26.000004 -19.999996
v -34.687614 26.000004 -20.587780
v -34.187614 26.559021 -20.769415
v -34.687614 26.559021 -20.181631
v -34.187614 26.904512 -20.293890
v -34.687614 26.559021 -19.818361
v -34.187614 26.904512 -19.706102
v -34.687614 26.345495 -19.524467
v -34.187614 26.559021 -19.230574
v -34.687614 26.000004 -19.412212
v -34.187614 26.000004 -19.048939
v -34.687614 25.654512 -19.524467
v -34.187614 25.440987 -19.230574
v -34.687614 25.440987 -19.818361
v -34.187614 25.095495 -19.706102
v -34.687614 25.440987 -20.181631
v -34.187614 25.095495 -20.293890
v -34.687614 25.654512 -20.475527
v -34.187614 25.440987 -20.769415
v -33.569580 25.440987 -20.769415
v -34.187614 26.000004 -20.951056
v -33.569580 26.000004 -20.951056
v -33.569580 26.559021 -20.769415
v -33.069580 26.000004 -20.587780
v -32.878597 26.000004 -19.999996
v -33.069580 26.345495 -20.475525
v -33.069580 25.654512 -20.475527
v -33.069580 25.440987 -20.181631
v -33.569580 25.095495 -20.293890
v -33.069580 25.440987 -19.818361
v -33.569580 25.095495 -19.706102
v -33.069580 25.654512 -19.524467
v -33.569580 25.440987 -19.230577
v -33.069580 26.000004 -19.412212
v -33.569580 26.000004 -19.048939
v -33.069580 26.345495 -19.524467
v -33.569580 26.559021 -19.230577
v -33.069580 26.559021 -19.818361
v -33.569580 26.904512 -19.706102
v -33.069580 26.559021 -20.181631
v -33.569580 26.904512 -20.293890
v -37.065392 26.000006 -20.691195
v -33.830574 26.000006 -20.691195
v -37.065392 25.401407 -20.345596
v -37.065392 26.598600 -20.345596
v -33.830574 26.598602 -20.345596
v -37.065392 26.598600 -19.654398
v -33.830574 26.598602 -19.654398
v -37.065392 26.000004 -19.308798
v -33.830574 26.000006 -19.308798
v -37.065392 25.401409 -19.654398
v -33.830574 25.401409 -19.654398
v -33.830574 25.401409 -20.345596
vn 0.7388 -0.3961 0.5452
vn 1.0000 -0.0000 -0.0000
vn 0.7388 -0.6409 0.2083
vn 0.7388 -0.0000 0.6739
vn 0.2125 -0.0000 0.9772
vn 0.2125 -0.5744 0.7905
vn 0.2125 -0.9293 0.3020
vn 0.7388 -0.6409 -0.2083
vn 0.2125 -0.9293 -0.3020
vn 0.7388 -0.3961 -0.5452
vn 0.2125 -0.5744 -0.7905
vn 0.7388 -0.0000 -0.6739
vn 0.2125 -0.0000 -0.9772
vn 0.7388 0.3961 -0.5452
vn 0.2125 0.5744 -0.7905
vn 0.7388 0.6409 -0.2083
vn 0.2125 0.9293 -0.3020
vn 0.7388 0.6409 0.2083
vn 0.2125 0.9293 0.3020
vn 0.7388 0.3961 0.5452
vn 0.2125 0.5744 0.7905
vn -0.2125 0.9293 0.3020
vn -0.2125 0.5744 0.7905
vn -0.2125 -0.0000 0.9772
vn -0.2125 -0.5744 0.7905
vn -0.7388 -0.0000 0.6739
vn -0.7388 -0.3961 0.5452
vn -0.7388 0.3961 0.5452
vn -1.0000 -0.0000 -0.0000
vn -0.7388 0.6409 0.2083
vn -0.7388 0.6409 -0.2083
vn -0.2125 0.9293 -0.3020
vn -0.7388 0.3961 -0.5452
vn -0.2125 0.5744 -0.7905
vn -0.7388 -0.0000 -0.6739
vn -0.2125 -0.0000 -0.9772
vn -0.7388 -0.3961 -0.5452
vn -0.2125 -0.5744 -0.7905
vn -0.7388 -0.6409 -0.2083
vn -0.2125 -0.9293 -0.3020
vn -0.7388 -0.6409 0.2083
vn -0.2125 -0.9293 0.3020
vn -0.0000 -0.8660 0.5000
vn -0.0000 -0.0000 1.0000
vn -0.0000 0.8660 0.5000
vn -0.0000 -0.8660 -0.5000
vn -0.0000 -0.0000 -1.0000
vn -0.0000 0.8660 -0.5000
vt 0.272188 0.935929
vt 0.276212 0.934622
vt 0.273725 0.938044
vt 0.272188 0.933314
vt 0.245501 0.961993
vt 0.244041 0.965591
vt 0.241527 0.965591
vt 0.241433 0.961993
vt 0.239072 0.965591
vt 0.237459 0.961993
vt 0.272188 0.940159
vt 0.276212 0.938852
vt 0.276212 0.941467
vt 0.230094 0.950283
vt 0.228786 0.953881
vt 0.226229 0.953881
vt 0.225956 0.950283
vt 0.278698 0.938044
vt 0.223840 0.953881
vt 0.222091 0.950283
vt 0.280235 0.935929
vt 0.253607 0.961993
vt 0.252148 0.965591
vt 0.249634 0.965591
vt 0.249539 0.961993
vt 0.280235 0.933314
vt 0.247178 0.965591
vt 0.245566 0.961993
vt 0.278698 0.931199
vt 0.280235 0.929084
vt 0.276212 0.930391
vt 0.276212 0.927777
vt 0.262787 0.950283
vt 0.261479 0.953881
vt 0.258922 0.953881
vt 0.258649 0.950283
vt 0.273725 0.931199
vt 0.256533 0.953881
vt 0.254784 0.950283
vt 0.262787 0.945835
vt 0.258649 0.945835
vt 0.254784 0.945835
vt 0.245501 0.957545
vt 0.241433 0.957545
vt 0.244041 0.953946
vt 0.241527 0.953946
vt 0.258922 0.942236
vt 0.256533 0.942236
vt 0.277817 0.949081
vt 0.273794 0.950388
vt 0.273794 0.947774
vt 0.275330 0.945658
vt 0.261479 0.942236
vt 0.275330 0.952503
vt 0.277817 0.953311
vt 0.277817 0.955926
vt 0.273794 0.954618
vt 0.249634 0.953946
vt 0.249539 0.957545
vt 0.245566 0.957545
vt 0.247178 0.953946
vt 0.280304 0.952503
vt 0.252148 0.953946
vt 0.253607 0.957545
vt 0.281840 0.950388
vt 0.226229 0.942236
vt 0.225956 0.945835
vt 0.222091 0.945835
vt 0.223840 0.942236
vt 0.281840 0.947774
vt 0.228786 0.942236
vt 0.230094 0.945835
vt 0.280304 0.945658
vt 0.277817 0.944850
vt 0.277817 0.942236
vt 0.281840 0.943543
vt 0.237459 0.957545
vt 0.239072 0.953946
vt 0.232924 0.945835
vt 0.232924 0.950283
vt 0.265617 0.945835
vt 0.265617 0.950283
vt 0.230350 0.942171
vt 0.230350 0.918889
vt 0.235313 0.918889
vt 0.235313 0.942171
vt 0.244744 0.904430
vt 0.244744 0.927712
vt 0.239878 0.927712
vt 0.239878 0.904430
vt 0.288916 0.935239
vt 0.284608 0.937726
vt 0.280300 0.935239
vt 0.280300 0.930264
vt 0.284608 0.927777
vt 0.288916 0.930264
vt 0.225419 0.918889
vt 0.225419 0.942171
vt 0.222091 0.942171
vt 0.222091 0.918889
vt 0.230285 0.918889
vt 0.230285 0.942171
vt 0.267160 0.942171
vt 0.267160 0.918889
vt 0.272123 0.918889
vt 0.272123 0.942171
vt 0.236550 0.927712
vt 0.236550 0.904430
vt 0.282980 0.963453
vt 0.278672 0.965940
vt 0.274363 0.963453
vt 0.274363 0.958478
vt 0.278672 0.955991
vt 0.282980 0.958478
s 1
usemtl Material.001
f 2609/5423/2504 2613/5425/2506 2610/5424/2505
f 2611/5426/2507 2609/5423/2504 2610/5424/2505
f 2630/5427/2508 2612/5430/2509 2609/5429/2504 2611/5428/2507
f 2612/5430/2509 2614/5432/2510 2613/5431/2506 2609/5429/2504
f 2614/5433/2510 2616/5435/2512 2615/5434/2511 2613/5425/2506
f 2613/5425/2506 2615/5434/2511 2610/5424/2505
f 2616/5436/2512 2618/5439/2514 2617/5438/2513 2615/5437/2511
f 2615/5434/2511 2617/5440/2513 2610/5424/2505
f 2618/5439/2514 2620/5442/2516 2619/5441/2515 2617/5438/2513
f 2617/5440/2513 2619/5443/2515 2610/5424/2505
f 2620/5444/2516 2622/5447/2518 2621/5446/2517 2619/5445/2515
f 2619/5443/2515 2621/5448/2517 2610/5424/2505
f 2622/5447/2518 2624/5450/2520 2623/5449/2519 2621/5446/2517
f 2621/5448/2517 2623/5451/2519 2610/5424/2505
f 2624/5452/2520 2626/5454/2522 2625/5453/2521 2623/5451/2519
f 2623/5451/2519 2625/5453/2521 2610/5424/2505
f 2626/5455/2522 2628/5458/2524 2627/5457/2523 2625/5456/2521
f 2625/5453/2521 2627/5459/2523 2610/5424/2505
f 2628/5458/2524 2630/5461/2508 2611/5460/2507 2627/5457/2523
f 2627/5459/2523 2611/5426/2507 2610/5424/2505
f 2638/5462/2525 2629/5463/2526 2628/5458/2524 2626/5455/2522
f 2629/5463/2526 2631/5464/2527 2630/5461/2508 2628/5458/2524
f 2631/5465/2527 2632/5466/2528 2612/5430/2509 2630/5427/2508
f 2633/5467/2529 2635/5468/2530 2632/5466/2528 2631/5465/2527
f 2636/5469/2531 2633/5470/2529 2631/5464/2527 2629/5463/2526
f 2634/5471/2532 2633/5473/2529 2636/5472/2531
f 2634/5471/2532 2635/5474/2530 2633/5473/2529
f 2637/5475/2533 2636/5469/2531 2629/5463/2526 2638/5462/2525
f 2634/5471/2532 2636/5472/2531 2637/5476/2533
f 2639/5477/2534 2637/5476/2533 2638/5479/2525 2640/5478/2535
f 2634/5471/2532 2637/5476/2533 2639/5477/2534
f 2641/5480/2536 2639/5483/2534 2640/5482/2535 2642/5481/2537
f 2634/5471/2532 2639/5477/2534 2641/5484/2536
f 2643/5485/2538 2641/5480/2536 2642/5481/2537 2644/5486/2539
f 2634/5471/2532 2641/5484/2536 2643/5487/2538
f 2645/5488/2540 2643/5491/2538 2644/5490/2539 2646/5489/2541
f 2634/5471/2532 2643/5487/2538 2645/5492/2540
f 2647/5493/2542 2645/5488/2540 2646/5489/2541 2648/5494/2543
f 2634/5471/2532 2645/5492/2540 2647/5495/2542
f 2649/5496/2544 2647/5495/2542 2648/5498/2543 2650/5497/2545
f 2634/5471/2532 2647/5495/2542 2649/5496/2544
f 2635/5468/2530 2649/5500/2544 2650/5499/2545 2632/5466/2528
f 2634/5471/2532 2649/5496/2544 2635/5474/2530
f 2632/5466/2528 2650/5499/2545 2614/5432/2510 2612/5430/2509
f 2650/5501/2545 2648/5494/2543 2616/5436/2512 2614/5502/2510
f 2648/5494/2543 2646/5489/2541 2618/5439/2514 2616/5436/2512
f 2646/5489/2541 2644/5490/2539 2620/5442/2516 2618/5439/2514
f 2644/5486/2539 2642/5481/2537 2622/5447/2518 2620/5444/2516
f 2642/5481/2537 2640/5482/2535 2624/5450/2520 2622/5447/2518
f 2640/5503/2535 2638/5462/2525 2626/5455/2522 2624/5504/2520
f 2654/5505/2546 2651/5508/2547 2652/5507/2547 2655/5506/2546
f 2651/5509/2547 2653/5512/2548 2662/5511/2548 2652/5510/2547
f 2651/5513/2505 2654/5518/2505 2656/5517/2505 2658/5516/2505 2660/5515/2505 2653/5514/2505
f 2656/5519/2549 2654/5522/2546 2655/5521/2546 2657/5520/2549
f 2658/5523/2550 2656/5519/2549 2657/5520/2549 2659/5524/2550
f 2660/5525/2551 2658/5528/2550 2659/5527/2550 2661/5526/2551
f 2653/5512/2548 2660/5530/2551 2661/5529/2551 2662/5511/2548
f 2662/5531/2532 2661/5536/2532 2659/5535/2532 2657/5534/2532 2655/5533/2532 2652/5532/2532
o Cube.091
v -35.000000 26.406994 26.782454
v -35.000000 26.407005 -20.778418
v -34.653591 26.606995 26.782454
v -35.346409 26.606995 26.782454
v -35.346409 26.607004 -20.778418
v -35.346409 27.006992 26.782454
v -35.346409 27.007004 -20.778418
v -35.000000 27.206993 26.782454
v -35.000000 27.207005 -20.778418
v -34.653591 27.006994 26.782454
v -34.653591 27.007004 -20.778418
v -34.653591 26.607004 -20.778418
vn 0.7902 0.6129 -0.0000
vn 0.5000 0.8660 -0.0000
vn -0.5000 0.8660 -0.0000
vn -0.7902 0.6129 -0.0000
vn -0.0000 -0.0000 -1.0000
vn 0.7902 -0.6129 -0.0000
vn 0.5000 -0.8660 -0.0000
vn -0.7902 -0.6129 -0.0000
vn -0.5000 -0.8660 -0.0000
vn -0.0000 -0.0000 1.0000
vt 0.225689 0.904430
vt 0.225689 0.918824
vt 0.222091 0.918824
vt 0.222091 0.904430
vt 0.229288 0.953946
vt 0.229288 0.968341
vt 0.222091 0.968341
vt 0.222091 0.953946
vt 0.261547 0.938572
vt 0.255314 0.942171
vt 0.249081 0.938572
vt 0.249081 0.931375
vt 0.255314 0.927777
vt 0.261547 0.931375
vt 0.232887 0.904430
vt 0.232887 0.918824
vt 0.236485 0.904430
vt 0.236485 0.918824
vt 0.268525 0.904430
vt 0.268525 0.918824
vt 0.261328 0.918824
vt 0.261328 0.904430
vt 0.272123 0.904430
vt 0.272123 0.918824
vt 0.242783 0.927777
vt 0.249016 0.931375
vt 0.249016 0.938572
vt 0.242783 0.942171
vt 0.236550 0.938572
vt 0.236550 0.931375
s 1
usemtl Material.001
f 2666/5537/2552 2663/5540/2553 2664/5539/2553 2667/5538/2552
f 2663/5541/2554 2665/5544/2555 2674/5543/2555 2664/5542/2554
f 2663/5545/2556 2666/5550/2556 2668/5549/2556 2670/5548/2556 2672/5547/2556 2665/5546/2556
f 2668/5551/2557 2666/5537/2552 2667/5538/2552 2669/5552/2557
f 2670/5553/2558 2668/5551/2557 2669/5552/2557 2671/5554/2558
f 2672/5555/2559 2670/5558/2560 2671/5557/2560 2673/5556/2559
f 2665/5559/2555 2672/5555/2559 2673/5556/2559 2674/5560/2555
f 2674/5561/2561 2673/5566/2561 2671/5565/2561 2669/5564/2561 2667/5563/2561 2664/5562/2561
o Cube.092
v -35.649227 -2.138400 21.048225
v -35.239319 -2.138400 21.048225
v -35.236649 -2.138400 19.901764
v -35.649227 3.766603 20.949718
v -35.236649 -2.138400 21.529085
v -35.236649 3.766603 22.343473
v -34.636559 -2.138400 21.474089
v -35.649227 -2.138400 22.520559
v -35.239319 -2.138400 22.520559
v -35.236649 -2.138400 22.818148
v -35.649227 3.766603 22.184299
v -35.236649 3.766603 23.161488
v -35.649231 9.671607 23.770342
v -35.649231 13.772305 22.151747
v -35.236652 9.671607 24.434845
v -35.236652 9.671607 23.828876
v -35.236652 13.772305 21.845058
v -35.649231 9.671607 22.778839
v -35.649231 13.772305 20.681202
v -35.236652 9.671607 22.506462
v -35.236649 3.766603 20.886738
v -34.636559 9.671607 22.506462
v -35.236652 13.772305 20.053221
v -35.236652 17.873001 17.818058
v -34.636559 13.772305 20.053221
v -34.636559 17.873001 17.818058
v -35.239319 13.772305 20.883856
v -35.239323 17.873001 19.008135
v -34.636559 13.772305 21.845058
v -35.239319 9.671607 23.081987
v -35.239319 3.766603 21.351480
v -34.636559 9.671607 23.828876
v -34.636559 3.766603 22.343473
v -35.239319 9.671607 23.968443
v -35.239319 3.766603 22.462637
v -34.636559 9.671607 24.434845
v -35.239319 13.772305 22.315176
v -35.239323 17.873001 21.020029
v -34.636559 13.772305 23.078888
v -34.636559 17.873001 22.011818
v -35.239319 13.772305 23.549500
v -35.239323 17.873001 22.989025
v -34.636559 13.772305 24.287359
v -35.239319 9.671606 24.563879
v -35.239319 3.766603 23.422947
v -34.636559 9.671607 24.999638
v -34.636559 3.766603 24.136135
v -35.239319 9.671606 25.331377
v -35.239319 3.766603 24.932177
v -35.649231 9.671606 25.260849
v -35.239319 13.772304 24.982475
v -35.239323 17.872999 24.932178
v -35.649231 13.772304 24.957136
v -35.236652 13.772304 24.287359
v -35.649231 17.872999 24.932178
v -35.236652 17.872999 23.960600
v -35.649231 22.082846 24.932180
v -35.649231 26.397020 24.932180
v -35.239323 22.082848 24.932180
v -35.236652 22.082848 23.960340
v -35.649231 22.082844 22.975464
v -35.236652 26.397022 23.960602
v -35.649231 26.397022 22.989027
v -34.636562 26.397022 23.960602
v -35.239323 26.397022 22.989027
v -34.636562 22.082848 23.960340
v -35.239323 26.397022 24.932180
v -35.239323 22.082838 22.955328
v -34.636559 17.873001 23.960600
v -34.636562 22.082504 21.809053
v -34.636562 26.397022 22.011820
v -35.239323 22.082195 20.740303
v -35.239323 26.397022 21.020031
v -34.636562 22.081024 19.487892
v -34.636562 26.397022 19.956600
v -35.239323 22.080990 18.509623
v -34.636559 17.873001 19.981815
v -35.239323 26.397022 18.982563
v -34.636562 22.079733 17.141245
v -34.636562 26.397022 17.754871
v -35.236652 22.079733 17.141245
v -35.236652 26.397022 17.754871
v -35.649231 22.081553 18.631762
v -35.649231 26.397022 19.026237
v -35.649231 17.873001 19.034794
v -35.236652 22.081022 19.487892
v -35.236652 17.873001 19.981815
v -35.649231 22.082447 20.817709
v -35.236652 26.397022 19.956600
v -35.649231 26.397022 21.037035
v -35.236652 26.397022 22.011820
v -35.236652 22.082504 21.809053
v -35.236652 17.873001 22.011818
v -35.649231 17.873001 21.037035
v -35.649231 17.873001 22.989025
v -35.236652 13.772305 23.078888
v -35.649231 13.772305 23.448690
v -35.649231 9.671606 24.431990
v -35.236652 9.671606 24.999638
v -35.649227 3.766603 23.281918
v -35.649227 -2.138400 23.562504
v -35.236649 3.766603 24.136135
v -35.236649 -2.138400 24.078344
v -35.649227 3.766603 24.932177
v -35.649227 -2.138401 24.940920
v -35.239319 -2.138400 24.940920
v -34.636559 -2.138400 24.017460
v -35.239319 -2.138400 23.562504
v -34.636559 -2.138400 22.621984
v -34.636559 3.766603 23.161488
v -34.636559 3.766603 20.886738
v -34.636559 -2.138400 19.901764
vn -0.0000 1.0000 -0.0000
vn 0.9940 -0.0114 0.1083
vn 0.8863 -0.1202 0.4473
vn 0.2246 -0.2114 0.9512
vn 0.8253 -0.0423 0.5631
vn 0.9818 -0.0028 0.1898
vn 0.9991 0.0334 0.0276
vn 0.9919 -0.0186 0.1256
vn 0.9987 0.0240 -0.0451
vn 0.9939 -0.0022 0.1102
vn 0.8736 -0.0777 0.4804
vn -0.2474 -0.2439 0.9377
vn 0.9360 0.2488 0.2489
vn 0.6643 -0.0106 0.7474
vn 0.9280 0.1325 0.3483
vn 0.8414 0.2803 0.4621
vn 0.8573 0.2234 0.4638
vn 0.9621 0.0486 0.2685
vn 0.9787 0.1087 0.1739
vn 0.9529 -0.0485 0.2993
vn 0.2975 0.4659 0.8333
vn 0.2559 0.0829 0.9631
vn -0.0000 0.1353 0.9908
vn -0.0000 -0.2148 0.9767
vn -0.0000 0.4961 0.8683
vn 0.9994 0.0298 0.0148
vn 0.9366 0.0982 0.3363
vn -0.0000 0.3234 0.9463
vn -0.7913 -0.2857 -0.5405
vn -0.8793 -0.1361 -0.4564
vn -0.9991 -0.0382 -0.0191
vn -0.9966 -0.0561 -0.0605
vn -0.7063 -0.0787 -0.7035
vn -0.9975 0.0410 0.0573
vn -0.9979 0.0378 0.0533
vn -0.9788 -0.0561 -0.1971
vn -0.7044 -0.0193 -0.7095
vn -0.7287 0.1354 -0.6714
vn -0.9892 0.0492 -0.1382
vn -0.9156 0.0767 -0.3946
vn -0.9506 0.0170 -0.3100
vn -0.9326 0.1197 -0.3404
vn -0.9555 -0.1500 -0.2540
vn -0.8256 0.0007 -0.5643
vn -0.9933 0.0231 -0.1132
vn -0.9900 0.0044 -0.1409
vn -0.9963 -0.0524 -0.0680
vn -0.9994 0.0269 0.0214
vn -0.9984 -0.0298 -0.0485
vn -0.9630 -0.1067 -0.2474
vn -0.9535 -0.0004 -0.3013
vn -0.9999 0.0127 0.0107
vn -0.9994 0.0356 0.0034
vn -0.9921 -0.0018 -0.1252
vn -0.9378 0.0865 -0.3362
vn -0.9938 -0.0198 0.1096
vn -0.6657 -0.0113 -0.7461
vn -0.7485 0.0450 -0.6616
vn -0.7242 -0.0669 -0.6863
vn 0.0425 0.0297 -0.9987
vn 0.1008 -0.0081 -0.9949
vn 0.1009 -0.0084 -0.9949
vn 0.0730 -0.0437 -0.9964
vn 0.0727 -0.0434 -0.9964
vn 0.0154 -0.0046 -0.9999
vn -0.8300 -0.0138 -0.5575
vn 0.9985 -0.0147 0.0523
vn 0.9843 0.0036 0.1767
vn 0.7684 0.0110 0.6399
vn 0.8200 0.0539 0.5699
vn 1.0000 -0.0065 0.0001
vn 0.9072 0.0098 0.4206
vn 1.0000 -0.0000 0.0014
vn 0.9205 -0.0000 0.3908
vn -0.0000 -0.0000 -1.0000
vn 1.0000 0.0003 0.0014
vn 0.9999 0.0001 -0.0171
vn 0.9987 0.0222 0.0461
vn 0.9998 -0.0045 -0.0187
vn -0.0000 -1.0000 -0.0000
vn -0.9999 -0.0001 0.0170
vn -0.9997 0.0066 0.0227
vn -1.0000 -0.0012 -0.0049
vn -1.0000 -0.0000 -0.0049
vn -0.8498 -0.0000 -0.5271
vn -0.9997 0.0001 0.0252
vn -0.9999 -0.0079 -0.0085
vn -1.0000 -0.0006 0.0067
vn -0.9986 0.0048 0.0527
vn -0.9965 0.0008 0.0840
vn -0.9999 -0.0071 0.0078
vn -0.9995 -0.0009 0.0330
vn -0.9940 -0.0082 0.1088
vn -0.9058 -0.0030 -0.4237
vn -0.9057 0.0529 -0.4206
vn -0.0000 0.0092 1.0000
vn -0.0000 -0.1407 0.9900
vn 0.9985 0.0006 -0.0547
vn 0.9949 0.0077 -0.1008
vn 0.9576 -0.0334 0.2861
vn 0.9574 0.0018 0.2889
vn 0.9964 -0.0003 -0.0843
vn 0.9995 0.0068 -0.0308
vn 0.9995 -0.0169 -0.0275
vn 0.9974 0.0407 0.0589
vn 0.9997 0.0004 -0.0245
vn 0.9988 -0.0027 -0.0498
vn 0.9996 -0.0001 -0.0289
vn 1.0000 0.0050 -0.0051
vn 0.9999 -0.0124 -0.0014
vn 0.9232 0.1228 0.3642
vn 0.7828 -0.0061 0.6222
vn 0.8059 -0.1099 0.5818
vn 1.0000 0.0061 -0.0078
vn 0.9908 -0.0083 0.1354
vn 0.9986 -0.0067 -0.0530
vn 0.8953 -0.0018 0.4454
vn 0.8421 -0.0341 0.5383
vn -0.0000 -0.0015 -1.0000
vn -0.9879 0.0041 0.1548
vn -0.8188 0.0053 -0.5741
vn -0.9995 0.0177 0.0264
vn -0.9706 -0.0132 0.2403
vn -0.9824 0.0071 0.1868
vn -0.9999 -0.0143 0.0008
vn -0.9998 0.0016 0.0220
vn -0.7990 0.0652 -0.5978
vn -0.0000 -0.1645 0.9864
vt 0.282475 0.309076
vt 0.283793 0.309076
vt 0.285731 0.310445
vt 0.283801 0.310622
vt 0.283801 0.305391
vt 0.285731 0.305391
vt 0.352196 0.305514
vt 0.351519 0.286701
vt 0.352826 0.286691
vt 0.354781 0.304978
vt 0.225321 0.232826
vt 0.224541 0.213858
vt 0.226501 0.213762
vt 0.229933 0.232549
vt 0.321938 0.323793
vt 0.320570 0.305390
vt 0.322981 0.304980
vt 0.322981 0.323912
vt 0.283793 0.313810
vt 0.282475 0.313810
vt 0.285731 0.314136
vt 0.283801 0.314766
vt 0.228908 0.232582
vt 0.228819 0.213568
vt 0.230246 0.213507
vt 0.232309 0.232388
vt 0.327749 0.324801
vt 0.327498 0.305559
vt 0.328686 0.305280
vt 0.328686 0.324569
vt 0.234581 0.251217
vt 0.237075 0.251084
vt 0.314520 0.319011
vt 0.314385 0.333116
vt 0.313224 0.333204
vt 0.312951 0.319325
vt 0.230619 0.264695
vt 0.233875 0.264510
vt 0.226346 0.264985
vt 0.231701 0.251413
vt 0.235314 0.251204
vt 0.230291 0.264754
vt 0.348569 0.268823
vt 0.350491 0.254775
vt 0.352464 0.254491
vt 0.350123 0.268711
vt 0.351916 0.268739
vt 0.354619 0.286720
vt 0.354257 0.254520
vt 0.351881 0.240947
vt 0.354548 0.240377
vt 0.356341 0.240406
vt 0.300920 0.264062
vt 0.304782 0.278241
vt 0.300768 0.277702
vt 0.297691 0.263715
vt 0.296581 0.249766
vt 0.293910 0.249556
vt 0.278554 0.264415
vt 0.282199 0.278063
vt 0.278553 0.277749
vt 0.274939 0.264104
vt 0.274097 0.250678
vt 0.271022 0.250426
vt 0.301590 0.231940
vt 0.299161 0.231790
vt 0.280019 0.232247
vt 0.276327 0.231928
vt 0.320534 0.231937
vt 0.316209 0.249933
vt 0.314491 0.249994
vt 0.318862 0.232008
vt 0.319827 0.263902
vt 0.317383 0.263802
vt 0.330932 0.232251
vt 0.326009 0.250865
vt 0.323638 0.250745
vt 0.327974 0.232082
vt 0.329409 0.264376
vt 0.326287 0.264192
vt 0.323180 0.277812
vt 0.319489 0.277435
vt 0.331905 0.277809
vt 0.328206 0.277576
vt 0.367797 0.263793
vt 0.369852 0.277254
vt 0.366286 0.277025
vt 0.365351 0.263774
vt 0.365103 0.250213
vt 0.363412 0.250336
vt 0.374687 0.264400
vt 0.375809 0.277642
vt 0.372156 0.277546
vt 0.371626 0.264333
vt 0.372416 0.251101
vt 0.370120 0.251072
vt 0.368357 0.231995
vt 0.366373 0.232063
vt 0.375734 0.232276
vt 0.372735 0.232212
vt 0.386650 0.232099
vt 0.384696 0.250533
vt 0.382558 0.250618
vt 0.383481 0.232013
vt 0.386251 0.263816
vt 0.383307 0.263767
vt 0.381761 0.250784
vt 0.382528 0.232153
vt 0.382409 0.263917
vt 0.383392 0.276807
vt 0.382439 0.276947
vt 0.386951 0.276958
vt 0.394770 0.253556
vt 0.393946 0.266910
vt 0.392402 0.266955
vt 0.392737 0.253779
vt 0.395132 0.240371
vt 0.392738 0.240726
vt 0.395103 0.226980
vt 0.392708 0.227336
vt 0.383366 0.290175
vt 0.382412 0.290316
vt 0.395072 0.213259
vt 0.392678 0.213614
vt 0.383339 0.303875
vt 0.382385 0.304015
vt 0.234512 0.291199
vt 0.233791 0.277688
vt 0.237177 0.277495
vt 0.237936 0.291003
vt 0.235330 0.305040
vt 0.238716 0.304847
vt 0.306662 0.311227
vt 0.305344 0.311227
vt 0.306671 0.308103
vt 0.308600 0.308103
vt 0.305344 0.304980
vt 0.306662 0.304980
vt 0.375589 0.291169
vt 0.375191 0.305023
vt 0.371537 0.304927
vt 0.371851 0.291069
vt 0.386925 0.290326
vt 0.386897 0.304026
vt 0.369988 0.290701
vt 0.369220 0.304314
vt 0.365653 0.304085
vt 0.366048 0.290403
vt 0.331814 0.291370
vt 0.330290 0.305149
vt 0.326591 0.304916
vt 0.327921 0.291121
vt 0.323507 0.291394
vt 0.321700 0.304849
vt 0.317954 0.304459
vt 0.319345 0.290916
vt 0.282344 0.291675
vt 0.280011 0.305365
vt 0.276364 0.305051
vt 0.278686 0.291360
vt 0.305213 0.291921
vt 0.302797 0.305259
vt 0.298701 0.304700
vt 0.300810 0.291290
vt 0.354781 0.226681
vt 0.353477 0.213259
vt 0.355270 0.213288
vt 0.356574 0.226710
vt 0.221892 0.292052
vt 0.223817 0.305822
vt 0.220686 0.306071
vt 0.218124 0.292338
vt 0.222303 0.278468
vt 0.219331 0.278706
vt 0.224942 0.291880
vt 0.227083 0.305636
vt 0.225618 0.278280
vt 0.228120 0.278073
vt 0.228243 0.291624
vt 0.229659 0.305425
vt 0.306662 0.324107
vt 0.305344 0.323967
vt 0.306671 0.320976
vt 0.308600 0.320976
vt 0.305344 0.317502
vt 0.306662 0.317557
vt 0.306671 0.314368
vt 0.308600 0.314368
vt 0.231686 0.291427
vt 0.233054 0.305231
vt 0.231515 0.277879
vt 0.364279 0.304445
vt 0.363205 0.317969
vt 0.361532 0.318083
vt 0.361883 0.304834
vt 0.361786 0.331624
vt 0.360558 0.331569
vt 0.234387 0.264439
vt 0.236503 0.251087
vt 0.238716 0.250973
vt 0.237386 0.264272
vt 0.232096 0.232366
vt 0.235141 0.232195
vt 0.363587 0.349827
vt 0.362212 0.349828
vt 0.231846 0.213362
vt 0.233907 0.213259
vt 0.364279 0.368452
vt 0.362161 0.368735
vt 0.395021 0.285314
vt 0.395132 0.304071
vt 0.392869 0.304378
vt 0.392837 0.285593
vt 0.383499 0.213259
vt 0.382546 0.213399
vt 0.283801 0.318818
vt 0.285731 0.318622
vt 0.283793 0.321591
vt 0.282475 0.321591
vt 0.386951 0.213392
vt 0.375809 0.213290
vt 0.373464 0.213259
vt 0.282475 0.317159
vt 0.283793 0.317159
vt 0.369988 0.213473
vt 0.366503 0.213259
vt 0.331905 0.213299
vt 0.330456 0.213259
vt 0.314520 0.304980
vt 0.312118 0.305758
vt 0.308600 0.328054
vt 0.306671 0.328054
vt 0.323507 0.213641
vt 0.319798 0.213259
vt 0.282344 0.213422
vt 0.280078 0.213259
vt 0.305213 0.213775
vt 0.301295 0.213259
vt 0.356574 0.305007
s 1
usemtl Material.001
f 2675/5567/2562 2679/5570/2562 2681/5569/2562 2676/5568/2562
f 2677/5571/2562 2675/5567/2562 2676/5568/2562 2786/5572/2562
f 2675/5573/2563 2677/5576/2566 2695/5575/2565 2678/5574/2564
f 2678/5577/2564 2680/5580/2568 2679/5579/2567 2675/5578/2563
f 2680/5581/2568 2685/5584/2570 2682/5583/2569 2679/5582/2567
f 2679/5570/2562 2682/5586/2562 2683/5585/2562 2681/5569/2562
f 2682/5586/2562 2684/5588/2562 2783/5587/2562 2683/5585/2562
f 2685/5589/2570 2686/5592/2572 2684/5591/2571 2682/5590/2569
f 2690/5593/2573 2687/5596/2573 2685/5595/2573 2680/5594/2573
f 2687/5597/2574 2689/5598/2575 2686/5592/2572 2685/5589/2570
f 2691/5599/2576 2688/5602/2578 2687/5601/2574 2690/5600/2577
f 2688/5603/2578 2770/5604/2579 2689/5598/2575 2687/5597/2574
f 2693/5605/2580 2691/5608/2576 2690/5607/2577 2692/5606/2581
f 2692/5606/2581 2690/5607/2577 2680/5580/2568 2678/5577/2564
f 2692/5609/2581 2694/5612/2583 2697/5611/2582 2693/5610/2580
f 2678/5574/2564 2695/5575/2565 2694/5612/2583 2692/5609/2581
f 2695/5575/2565 2785/5614/2585 2696/5613/2584 2694/5612/2583
f 2694/5612/2583 2696/5613/2584 2699/5615/2586 2697/5611/2582
f 2693/5610/2580 2697/5611/2582 2698/5617/2588 2759/5616/2587
f 2697/5611/2582 2699/5615/2586 2700/5618/2589 2698/5617/2589
f 2699/5619/2590 2701/5622/2593 2702/5621/2592 2700/5620/2591
f 2696/5623/2594 2704/5624/2595 2701/5622/2593 2699/5619/2590
f 2701/5625/2593 2703/5628/2597 2751/5627/2596 2702/5626/2592
f 2704/5629/2595 2706/5630/2598 2703/5628/2597 2701/5625/2593
f 2785/5631/2599 2705/5632/2600 2704/5624/2595 2696/5623/2594
f 2705/5633/2600 2707/5634/2601 2706/5630/2598 2704/5629/2595
f 2707/5635/2601 2709/5638/2603 2708/5637/2602 2706/5636/2598
f 2706/5636/2598 2708/5637/2602 2711/5640/2604 2703/5639/2597
f 2709/5641/2603 2784/5644/2606 2710/5643/2605 2708/5642/2602
f 2708/5642/2602 2710/5643/2605 2713/5646/2607 2711/5645/2604
f 2703/5639/2597 2711/5640/2604 2712/5648/2608 2751/5647/2596
f 2711/5645/2604 2713/5646/2607 2714/5650/2609 2712/5649/2608
f 2713/5651/2607 2715/5654/2611 2716/5653/2610 2714/5652/2609
f 2710/5655/2605 2718/5656/2612 2715/5654/2611 2713/5651/2607
f 2715/5657/2611 2717/5660/2614 2743/5659/2613 2716/5658/2610
f 2718/5661/2612 2720/5662/2615 2717/5660/2614 2715/5657/2611
f 2784/5663/2606 2719/5664/2616 2718/5656/2612 2710/5655/2605
f 2719/5665/2616 2721/5666/2617 2720/5662/2615 2718/5661/2612
f 2721/5667/2617 2723/5670/2619 2722/5669/2618 2720/5668/2615
f 2720/5668/2615 2722/5669/2618 2725/5672/2620 2717/5671/2614
f 2723/5670/2621 2778/5674/2621 2724/5673/2623 2722/5669/2622
f 2722/5669/2622 2724/5673/2623 2727/5675/2625 2725/5672/2624
f 2725/5672/2624 2727/5675/2625 2729/5677/2626 2726/5676/2626
f 2717/5671/2614 2725/5672/2620 2726/5676/2627 2743/5678/2613
f 2728/5679/2628 2727/5682/2631 2724/5681/2630 2773/5680/2629
f 2730/5683/2632 2729/5684/2633 2727/5682/2631 2728/5679/2628
f 2734/5685/2634 2731/5686/2635 2729/5684/2633 2730/5683/2632
f 2726/5676/2626 2729/5677/2626 2731/5688/2636 2733/5687/2636
f 2736/5689/2637 2732/5690/2635 2731/5686/2635 2734/5685/2634
f 2733/5687/2636 2731/5688/2636 2732/5692/2636 2741/5691/2636
f 2735/5693/2638 2734/5696/2634 2730/5695/2632 2769/5694/2639
f 2737/5697/2640 2736/5698/2637 2734/5696/2634 2735/5693/2638
f 2739/5699/2641 2738/5702/2641 2736/5701/2641 2737/5700/2641
f 2738/5702/2641 2741/5704/2641 2732/5703/2641 2736/5701/2641
f 2742/5705/2642 2740/5708/2645 2738/5707/2644 2739/5706/2643
f 2740/5709/2645 2733/5687/2646 2741/5691/2646 2738/5710/2644
f 2716/5658/2610 2743/5659/2613 2740/5708/2645 2742/5705/2642
f 2743/5678/2613 2726/5676/2627 2733/5687/2646 2740/5709/2645
f 2744/5711/2647 2742/5714/2642 2739/5713/2643 2745/5712/2648
f 2714/5652/2609 2716/5653/2610 2742/5714/2642 2744/5711/2647
f 2746/5715/2649 2744/5718/2647 2745/5717/2648 2747/5716/2650
f 2712/5649/2608 2714/5650/2609 2744/5718/2647 2746/5715/2649
f 2748/5719/2651 2746/5722/2649 2747/5721/2650 2749/5720/2652
f 2751/5647/2596 2712/5648/2608 2746/5722/2649 2748/5719/2651
f 2750/5723/2653 2748/5726/2651 2749/5725/2652 2752/5724/2654
f 2702/5626/2592 2751/5627/2596 2748/5726/2651 2750/5723/2653
f 2753/5727/2655 2750/5730/2653 2752/5729/2654 2754/5728/2656
f 2700/5620/2591 2702/5621/2592 2750/5730/2653 2753/5727/2655
f 2755/5731/2657 2753/5734/2657 2754/5733/2658 2756/5732/2658
f 2698/5617/2589 2700/5618/2589 2753/5734/2657 2755/5731/2657
f 2757/5735/2659 2755/5738/2662 2756/5737/2661 2758/5736/2660
f 2759/5739/2587 2698/5740/2588 2755/5738/2662 2757/5735/2659
f 2758/5736/2660 2763/5742/2664 2760/5741/2663 2757/5735/2659
f 2757/5735/2659 2760/5741/2663 2761/5743/2665 2759/5739/2587
f 2760/5741/2663 2762/5745/2667 2768/5744/2666 2761/5743/2665
f 2763/5742/2664 2764/5746/2668 2762/5745/2667 2760/5741/2663
f 2752/5747/2641 2749/5750/2641 2763/5749/2641 2758/5748/2641
f 2749/5750/2641 2747/5752/2641 2764/5751/2641 2763/5749/2641
f 2747/5752/2641 2745/5754/2641 2765/5753/2641 2764/5751/2641
f 2764/5746/2668 2765/5756/2670 2766/5755/2669 2762/5745/2667
f 2745/5754/2641 2739/5699/2641 2737/5700/2641 2765/5753/2641
f 2765/5756/2670 2737/5697/2640 2735/5693/2638 2766/5755/2669
f 2766/5755/2669 2735/5693/2638 2769/5694/2639 2767/5757/2671
f 2762/5745/2667 2766/5755/2669 2767/5757/2671 2768/5744/2666
f 2768/5744/2666 2767/5757/2671 2770/5604/2579 2688/5603/2578
f 2767/5758/2671 2769/5761/2639 2771/5760/2672 2770/5759/2579
f 2770/5759/2579 2771/5760/2672 2772/5763/2673 2689/5762/2575
f 2771/5764/2672 2728/5767/2628 2773/5766/2629 2772/5765/2673
f 2769/5694/2639 2730/5695/2632 2728/5767/2628 2771/5764/2672
f 2772/5765/2673 2773/5766/2629 2776/5769/2675 2774/5768/2674
f 2689/5762/2575 2772/5763/2673 2774/5771/2674 2686/5770/2572
f 2774/5768/2674 2776/5769/2675 2777/5773/2677 2775/5772/2676
f 2686/5770/2572 2774/5771/2674 2775/5775/2676 2684/5774/2571
f 2776/5776/2675 2778/5779/2679 2779/5778/2678 2777/5777/2677
f 2773/5680/2629 2724/5681/2630 2778/5779/2679 2776/5776/2675
f 2780/5780/2680 2779/5781/2680 2778/5674/2621 2723/5670/2621
f 2777/5782/2562 2779/5785/2562 2780/5784/2562 2781/5783/2562
f 2781/5786/2681 2780/5780/2682 2723/5670/2619 2721/5667/2617
f 2782/5787/2683 2781/5788/2681 2721/5666/2617 2719/5665/2616
f 2775/5789/2562 2777/5782/2562 2781/5783/2562 2782/5790/2562
f 2684/5588/2562 2775/5789/2562 2782/5790/2562 2783/5587/2562
f 2783/5791/2684 2782/5792/2683 2719/5664/2616 2784/5663/2606
f 2683/5793/2685 2783/5794/2684 2784/5644/2606 2709/5641/2603
f 2761/5795/2665 2768/5796/2666 2688/5602/2578 2691/5599/2576
f 2759/5739/2587 2761/5743/2665 2691/5608/2576 2693/5605/2580
f 2754/5797/2641 2752/5747/2641 2758/5748/2641 2756/5798/2641
f 2681/5799/2686 2683/5800/2685 2709/5638/2603 2707/5635/2601
f 2676/5801/2687 2681/5802/2686 2707/5634/2601 2705/5633/2600
f 2786/5803/2688 2676/5804/2687 2705/5632/2600 2785/5631/2599
f 2677/5576/2689 2786/5805/2689 2785/5614/2585 2695/5575/2565
o Cube.093
v -33.367374 9.503998 23.845531
v -33.508522 9.503998 22.853842
v -33.592999 9.875551 23.845531
v -33.592999 9.132445 23.845531
v -33.508522 9.503998 24.837219
v -33.907562 9.503998 25.657436
v -33.714638 9.875551 24.700172
v -33.714638 9.132445 24.700172
v -34.048145 9.274365 24.478424
v -34.058533 9.132445 25.407040
v -34.302807 9.274365 25.001884
v -34.565212 9.132444 25.843904
v -34.678024 9.274365 25.325399
v -35.147072 9.132444 25.935234
v -34.495491 9.503998 26.164360
v -35.170654 9.503998 26.270334
v -34.565212 9.875550 25.843904
v -35.147072 9.875550 25.935234
v -34.678024 9.733630 25.325399
v -34.058533 9.875550 25.407040
v -34.302807 9.733630 25.001884
v -34.048145 9.733630 24.478424
v -33.958065 9.733630 23.845531
v -34.048145 9.733630 23.212639
v -33.958065 9.274365 23.845531
v -34.048145 9.274365 23.212639
v -33.714638 9.132445 22.990891
v -34.302807 9.274365 22.689178
v -34.302807 9.733630 22.689178
v -34.058533 9.132445 22.284025
v -34.678024 9.274365 22.365664
v -34.678024 9.733630 22.365664
v -34.565212 9.132445 21.847158
v -35.108913 9.274365 22.298031
v -35.108913 9.733630 22.298031
v -35.147072 9.132445 21.755829
v -35.520969 9.274365 22.497974
v -35.520969 9.733630 22.497974
v -35.703499 9.132445 22.025826
v -35.842941 9.274365 22.930923
v -35.842941 9.733630 22.930923
v -36.138290 9.132445 22.610468
v -36.019165 9.274365 23.522015
v -36.019165 9.733630 23.522015
v -36.376255 9.132445 23.408663
v -36.019165 9.274365 24.169048
v -36.019165 9.733630 24.169048
v -36.376255 9.132444 24.282398
v -35.842941 9.274365 24.760139
v -35.842941 9.733630 24.760139
v -36.138290 9.132444 25.080593
v -35.520969 9.274365 25.193089
v -35.520969 9.733630 25.193089
v -35.703499 9.132444 25.665237
v -35.108913 9.274365 25.393032
v -35.108913 9.733630 25.393032
v -35.816315 9.503998 25.957041
v -36.320820 9.503998 25.278645
v -35.703499 9.875550 25.665237
v -36.138290 9.875550 25.080595
v -36.376255 9.875550 24.282400
v -36.596947 9.503998 24.352453
v -36.376255 9.875550 23.408665
v -36.596947 9.503998 23.338610
v -36.138290 9.875550 22.610470
v -36.320820 9.503998 22.412418
v -35.703499 9.875551 22.025826
v -35.816315 9.503998 21.734022
v -35.147072 9.875551 21.755829
v -35.170654 9.503998 21.420729
v -34.565212 9.875551 21.847158
v -34.495491 9.503999 21.526703
v -34.058533 9.875551 22.284025
v -33.907562 9.503999 22.033627
v -33.714638 9.875551 22.990891
vn -0.8548 0.5190 -0.0000
vn -0.8140 0.5350 0.2263
vn -0.9449 -0.0000 0.3274
vn -1.0000 -0.0000 -0.0000
vn -0.8140 -0.5350 0.2263
vn -0.8548 -0.5190 -0.0000
vn -0.9449 -0.0000 -0.3274
vn -0.8140 -0.5350 -0.2263
vn -0.8140 0.5350 -0.2263
vn -0.6651 0.5839 -0.4654
vn -0.7387 -0.0000 -0.6740
vn -0.6651 -0.5839 -0.4654
vn 0.6593 0.7292 0.1833
vn 0.6860 0.7276 -0.0000
vn 0.3623 0.9320 -0.0000
vn 0.3175 0.9401 0.1241
vn 0.5482 0.7352 0.3987
vn 0.2097 0.9553 0.2082
vn 0.2745 0.7304 0.6254
vn -0.1670 0.9407 -0.2952
vn -0.3077 -0.0000 -0.9515
vn -0.0846 0.7519 0.6538
vn 0.0691 0.8986 -0.4332
vn 0.0887 -0.0000 -0.9961
vn -0.1670 -0.9407 -0.2952
vn 0.0691 -0.8986 -0.4332
vn 0.2745 -0.7304 0.6254
vn -0.0846 -0.7519 0.6538
vn 0.2097 -0.9553 0.2082
vn 0.5482 -0.7352 0.3987
vn 0.3175 -0.9401 0.1241
vn 0.6593 -0.7292 0.1833
vn 0.3623 -0.9320 -0.0000
vn 0.6860 -0.7276 -0.0000
vn 0.6593 -0.7292 -0.1833
vn 0.6593 0.7292 -0.1833
vn 0.3175 -0.9401 -0.1241
vn 0.3175 0.9401 -0.1241
vn 0.5482 -0.7352 -0.3987
vn 0.5482 0.7352 -0.3987
vn 0.2097 0.9553 -0.2082
vn 0.2745 -0.7304 -0.6254
vn 0.2745 0.7304 -0.6254
vn -0.1670 0.9407 0.2952
vn -0.0846 -0.7519 -0.6538
vn -0.0846 0.7519 -0.6538
vn 0.0691 0.8986 0.4332
vn -0.4391 -0.7332 -0.5192
vn -0.4391 0.7332 -0.5192
vn -0.1424 0.9617 -0.2340
vn -0.6176 -0.7324 -0.2865
vn -0.6176 0.7324 -0.2865
vn -0.2695 0.9476 -0.1713
vn -0.6802 -0.7277 -0.0883
vn -0.6802 0.7277 -0.0883
vn -0.3502 0.9343 -0.0666
vn -0.6802 -0.7277 0.0883
vn -0.6802 0.7277 0.0883
vn -0.3502 0.9343 0.0666
vn -0.6176 -0.7324 0.2865
vn -0.6176 0.7324 0.2865
vn -0.2695 0.9476 0.1713
vn -0.4391 -0.7332 0.5192
vn -0.4391 0.7332 0.5192
vn -0.1424 0.9617 0.2340
vn -0.1424 -0.9617 0.2340
vn 0.7569 0.5554 -0.3444
vn 0.5261 0.6183 -0.5839
vn 0.5483 -0.0000 -0.8363
vn 0.8665 -0.0000 -0.4991
vn 0.5261 -0.6183 -0.5839
vn 0.7569 -0.5554 -0.3444
vn -0.2695 -0.9476 0.1713
vn 0.9868 -0.0000 -0.1618
vn 0.8449 -0.5230 -0.1120
vn -0.3502 -0.9343 0.0666
vn 0.9868 -0.0000 0.1618
vn 0.8449 -0.5230 0.1120
vn -0.3502 -0.9343 -0.0666
vn 0.8665 -0.0000 0.4991
vn 0.7569 -0.5554 0.3444
vn -0.2695 -0.9476 -0.1713
vn 0.5483 -0.0000 0.8363
vn 0.5261 -0.6183 0.5839
vn -0.1424 -0.9617 -0.2340
vn 0.0887 -0.0000 0.9961
vn 0.0691 -0.8986 0.4332
vn -0.3077 -0.0000 0.9515
vn -0.1670 -0.9407 0.2952
vn -0.7387 -0.0000 0.6740
vn -0.6651 -0.5839 0.4654
vn 0.2097 -0.9553 -0.2082
vn -0.6651 0.5839 0.4654
vn 0.5261 0.6183 0.5839
vn 0.7569 0.5554 0.3444
vn 0.8449 0.5230 0.1120
vn 0.8449 0.5230 -0.1120
vt 0.907737 0.976170
vt 0.910703 0.976170
vt 0.911178 0.977779
vt 0.907737 0.977779
vt 0.910703 0.979388
vt 0.907737 0.979388
vt 0.904297 0.977779
vt 0.904772 0.979388
vt 0.904772 0.976170
vt 0.902320 0.976170
vt 0.901451 0.977779
vt 0.928145 0.973750
vt 0.930498 0.975324
vt 0.929486 0.976961
vt 0.927457 0.975604
vt 0.943341 0.972520
vt 0.942339 0.971245
vt 0.943861 0.970137
vt 0.945214 0.971859
vt 0.948014 0.972212
vt 0.947233 0.973633
vt 0.945277 0.973285
vt 0.946332 0.971366
vt 0.949562 0.970974
vt 0.948423 0.969694
vt 0.944721 0.950157
vt 0.943784 0.951893
vt 0.942621 0.950534
vt 0.943708 0.948520
vt 0.951611 0.970134
vt 0.951189 0.968560
vt 0.946749 0.948800
vt 0.946062 0.946946
vt 0.921413 0.972889
vt 0.924931 0.972889
vt 0.924688 0.974862
vt 0.921656 0.974862
vt 0.946053 0.958619
vt 0.947927 0.957484
vt 0.948960 0.959059
vt 0.947573 0.959899
vt 0.950573 0.957083
vt 0.950920 0.958761
vt 0.953536 0.957484
vt 0.953113 0.959059
vt 0.950509 0.960295
vt 0.948549 0.960592
vt 0.952702 0.960592
vt 0.956301 0.958619
vt 0.955162 0.959899
vt 0.954751 0.961432
vt 0.942182 0.972825
vt 0.940453 0.971856
vt 0.940609 0.970276
vt 0.958392 0.960290
vt 0.956710 0.961136
vt 0.941526 0.968828
vt 0.938296 0.971361
vt 0.938452 0.969780
vt 0.938612 0.968159
vt 0.936083 0.971424
vt 0.936239 0.969844
vt 0.935624 0.968245
vt 0.940875 0.964077
vt 0.938976 0.965214
vt 0.938340 0.963759
vt 0.940239 0.962622
vt 0.934353 0.970456
vt 0.933078 0.969071
vt 0.936852 0.965837
vt 0.936215 0.964382
vt 0.933121 0.971511
vt 0.931414 0.970495
vt 0.950096 0.973696
vt 0.951599 0.973696
vt 0.951599 0.975685
vt 0.950096 0.975685
vt 0.932756 0.972825
vt 0.930920 0.972271
vt 0.953649 0.973696
vt 0.953649 0.975685
vt 0.957389 0.973633
vt 0.957726 0.972212
vt 0.959447 0.971366
vt 0.958992 0.973285
vt 0.955894 0.973696
vt 0.955894 0.975685
vt 0.957152 0.970974
vt 0.958671 0.969694
vt 0.957945 0.973696
vt 0.957945 0.975685
vt 0.955764 0.970134
vt 0.956798 0.968560
vt 0.959447 0.973696
vt 0.959447 0.975685
vt 0.953804 0.969837
vt 0.954151 0.968159
vt 0.954216 0.971371
vt 0.952022 0.971668
vt 0.949974 0.972508
vt 0.945277 0.960290
vt 0.946998 0.961136
vt 0.952550 0.948058
vt 0.949518 0.948058
vt 0.949275 0.946085
vt 0.952793 0.946085
vt 0.915846 0.975324
vt 0.918200 0.973750
vt 0.918887 0.975604
vt 0.916859 0.976961
vt 0.945732 0.962209
vt 0.947335 0.962558
vt 0.957312 0.953665
vt 0.959447 0.955525
vt 0.958235 0.957020
vt 0.956395 0.955417
vt 0.931044 0.965171
vt 0.931206 0.963205
vt 0.932738 0.962621
vt 0.932618 0.964077
vt 0.954234 0.952402
vt 0.953743 0.954329
vt 0.932061 0.966707
vt 0.933372 0.965214
vt 0.950745 0.951956
vt 0.950736 0.953944
vt 0.934084 0.967548
vt 0.934869 0.965837
vt 0.947448 0.952402
vt 0.947894 0.954329
vt 0.936760 0.967548
vt 0.944914 0.953665
vt 0.945710 0.955417
vt 0.939629 0.966707
vt 0.943580 0.955525
vt 0.944561 0.957020
vt 0.942194 0.965171
vt 0.914024 0.977779
vt 0.915783 0.977779
vt 0.914671 0.979388
vt 0.913155 0.979388
vt 0.944011 0.963205
vt 0.942221 0.962621
vt 0.959447 0.962209
vt 0.957491 0.962558
vt 0.915734 0.961155
vt 0.913706 0.959799
vt 0.914393 0.957945
vt 0.916747 0.959519
vt 0.910936 0.959056
vt 0.911179 0.957083
vt 0.907905 0.959056
vt 0.907662 0.957083
vt 0.905135 0.959799
vt 0.904448 0.957945
vt 0.903107 0.961155
vt 0.902095 0.959519
vt 0.958285 0.951893
vt 0.957348 0.950157
vt 0.958360 0.948520
vt 0.959447 0.950534
vt 0.955319 0.948800
vt 0.956007 0.946946
s 1
usemtl Material.001
f 2790/5806/2690 2787/5809/2693 2788/5808/2692 2813/5807/2691
f 2787/5809/2693 2789/5811/2695 2861/5810/2694 2788/5808/2692
f 2791/5812/2696 2793/5813/2697 2789/5811/2695 2787/5809/2693
f 2794/5814/2698 2791/5812/2696 2787/5809/2693 2790/5806/2690
f 2796/5815/2699 2792/5816/2700 2791/5812/2696 2794/5814/2698
f 2792/5817/2700 2806/5820/2701 2793/5819/2697 2791/5818/2696
f 2795/5821/2702 2794/5824/2705 2790/5823/2704 2811/5822/2703
f 2797/5825/2706 2796/5828/2707 2794/5827/2705 2795/5826/2702
f 2799/5829/2708 2798/5830/2709 2796/5828/2707 2797/5825/2706
f 2798/5831/2709 2801/5834/2710 2792/5833/2700 2796/5832/2699
f 2841/5835/2711 2800/5836/2712 2798/5830/2709 2799/5829/2708
f 2800/5837/2712 2802/5838/2713 2801/5834/2710 2798/5831/2709
f 2802/5839/2713 2804/5842/2715 2803/5841/2714 2801/5840/2710
f 2801/5840/2710 2803/5841/2714 2806/5820/2701 2792/5817/2700
f 2804/5843/2715 2842/5846/2717 2805/5845/2716 2803/5844/2714
f 2803/5844/2714 2805/5845/2716 2807/5848/2719 2806/5847/2718
f 2806/5847/2718 2807/5848/2719 2808/5850/2721 2793/5849/2720
f 2805/5845/2716 2799/5852/2708 2797/5851/2706 2807/5848/2719
f 2807/5848/2719 2797/5851/2706 2795/5853/2702 2808/5850/2721
f 2793/5849/2720 2808/5850/2721 2809/5855/2723 2789/5854/2722
f 2808/5850/2721 2795/5853/2702 2811/5856/2703 2809/5855/2723
f 2809/5857/2723 2811/5822/2703 2812/5859/2725 2810/5858/2724
f 2789/5854/2722 2809/5855/2723 2810/5861/2724 2861/5860/2726
f 2811/5822/2703 2790/5823/2704 2813/5862/2727 2812/5859/2725
f 2810/5858/2724 2812/5859/2725 2814/5864/2729 2815/5863/2728
f 2812/5859/2725 2813/5862/2727 2816/5865/2730 2814/5864/2729
f 2815/5863/2728 2814/5864/2729 2817/5867/2732 2818/5866/2731
f 2814/5864/2729 2816/5865/2730 2819/5868/2733 2817/5867/2732
f 2818/5869/2731 2817/5872/2732 2820/5871/2735 2821/5870/2734
f 2817/5867/2732 2819/5868/2733 2822/5874/2736 2820/5873/2735
f 2821/5870/2734 2820/5871/2735 2823/5876/2738 2824/5875/2737
f 2820/5873/2735 2822/5874/2736 2825/5878/2739 2823/5877/2738
f 2824/5879/2737 2823/5882/2738 2826/5881/2741 2827/5880/2740
f 2823/5877/2738 2825/5878/2739 2828/5884/2742 2826/5883/2741
f 2827/5880/2740 2826/5881/2741 2829/5886/2744 2830/5885/2743
f 2826/5887/2741 2828/5890/2742 2831/5889/2745 2829/5888/2744
f 2830/5885/2743 2829/5886/2744 2832/5892/2747 2833/5891/2746
f 2829/5888/2744 2831/5889/2745 2834/5894/2748 2832/5893/2747
f 2833/5891/2746 2832/5892/2747 2835/5896/2750 2836/5895/2749
f 2832/5893/2747 2834/5894/2748 2837/5898/2751 2835/5897/2750
f 2836/5895/2749 2835/5896/2750 2838/5900/2753 2839/5899/2752
f 2835/5897/2750 2837/5898/2751 2840/5902/2754 2838/5901/2753
f 2839/5903/2752 2838/5901/2753 2841/5835/2711 2842/5904/2717
f 2838/5901/2753 2840/5902/2754 2800/5836/2712 2841/5835/2711
f 2842/5904/2717 2841/5835/2711 2799/5829/2708 2805/5905/2716
f 2845/5906/2755 2839/5907/2752 2842/5846/2717 2804/5843/2715
f 2837/5908/2756 2844/5911/2759 2843/5910/2758 2840/5909/2757
f 2840/5909/2757 2843/5910/2758 2802/5838/2713 2800/5837/2712
f 2844/5912/2759 2846/5915/2761 2845/5914/2760 2843/5913/2758
f 2843/5913/2758 2845/5914/2760 2804/5842/2715 2802/5839/2713
f 2846/5916/2762 2836/5917/2749 2839/5907/2752 2845/5906/2755
f 2848/5918/2763 2847/5921/2764 2846/5920/2761 2844/5919/2759
f 2847/5922/2765 2833/5925/2746 2836/5924/2749 2846/5923/2762
f 2850/5926/2766 2849/5927/2767 2847/5921/2764 2848/5918/2763
f 2849/5928/2768 2830/5929/2743 2833/5925/2746 2847/5922/2765
f 2852/5930/2769 2851/5931/2770 2849/5927/2767 2850/5926/2766
f 2851/5932/2771 2827/5933/2740 2830/5929/2743 2849/5928/2768
f 2854/5934/2772 2853/5935/2773 2851/5931/2770 2852/5930/2769
f 2853/5936/2774 2824/5875/2737 2827/5933/2740 2851/5932/2771
f 2856/5937/2775 2855/5938/2776 2853/5935/2773 2854/5934/2772
f 2855/5939/2776 2821/5870/2734 2824/5875/2737 2853/5936/2774
f 2858/5940/2777 2857/5941/2778 2855/5938/2776 2856/5937/2775
f 2857/5942/2778 2818/5869/2731 2821/5870/2734 2855/5939/2776
f 2860/5943/2779 2859/5946/2780 2857/5945/2778 2858/5944/2777
f 2859/5947/2781 2815/5948/2728 2818/5869/2731 2857/5942/2778
f 2788/5808/2692 2861/5810/2694 2859/5946/2780 2860/5943/2779
f 2861/5860/2726 2810/5861/2724 2815/5950/2728 2859/5949/2781
f 2813/5951/2691 2788/5954/2692 2860/5953/2779 2816/5952/2782
f 2816/5952/2782 2860/5953/2779 2858/5956/2777 2819/5955/2733
f 2819/5955/2733 2858/5956/2777 2856/5958/2775 2822/5957/2736
f 2822/5957/2736 2856/5958/2775 2854/5960/2772 2825/5959/2783
f 2825/5959/2783 2854/5960/2772 2852/5962/2769 2828/5961/2784
f 2828/5963/2784 2852/5966/2769 2850/5965/2766 2831/5964/2785
f 2831/5964/2785 2850/5965/2766 2848/5968/2763 2834/5967/2786
f 2834/5967/2786 2848/5968/2763 2844/5911/2759 2837/5908/2756
o Cube.094
v -35.649227 -2.138391 -15.588630
v -35.236649 -2.138391 -14.442170
v -35.239315 -2.138391 -15.588630
v -35.236649 -2.138391 -16.069496
v -35.649227 3.766611 -15.490123
v -35.236649 3.766611 -16.883877
v -35.236649 3.766611 -15.427143
v -35.649227 9.671615 -17.319239
v -35.236649 9.671616 -18.369282
v -35.649227 13.772312 -15.221605
v -35.236649 9.671615 -17.046865
v -34.636559 9.671615 -17.046865
v -35.236649 13.772312 -14.593622
v -34.636559 13.772312 -14.593622
v -35.236649 17.873007 -12.358458
v -34.636559 17.873009 -12.358458
v -35.649227 17.873009 -13.575195
v -35.236652 22.079739 -11.681644
v -35.649231 22.081558 -13.172160
v -35.236652 26.397028 -12.295267
v -34.636559 22.079739 -11.681644
v -34.636559 26.397028 -12.295267
v -35.239319 22.080997 -13.050024
v -35.239319 26.397028 -13.522959
v -34.636559 22.081030 -14.028289
v -35.239319 17.873009 -13.548535
v -34.636559 17.873009 -14.522216
v -35.239319 13.772312 -15.424257
v -34.636559 13.772312 -16.385458
v -35.239319 9.671616 -17.622387
v -34.636559 9.671616 -18.369282
v -35.239315 3.766611 -15.891888
v -34.636555 3.766611 -16.883877
v -34.636555 3.766611 -15.427143
v -34.636555 -2.138391 -14.442170
v -35.239315 3.766611 -17.003044
v -34.636555 -2.138391 -16.014496
v -35.239315 -2.138391 -17.060966
v -34.636555 -2.138391 -17.162392
v -35.649227 -2.138391 -17.060966
v -35.236649 -2.138391 -17.358557
v -35.649227 3.766611 -16.724701
v -35.236649 3.766611 -17.701891
v -35.649227 9.671616 -18.310745
v -35.236649 9.671616 -18.975245
v -35.649227 13.772312 -16.692148
v -35.236649 13.772312 -17.619289
v -35.236649 13.772312 -16.385458
v -35.649227 17.873009 -15.577433
v -35.649231 22.082455 -15.358109
v -35.236649 17.873009 -14.522216
v -35.236649 17.873009 -16.552219
v -35.236652 22.082512 -16.349453
v -35.649227 17.873009 -17.529427
v -35.649231 22.082851 -17.515865
v -35.236649 17.873009 -18.501001
v -35.649227 13.772312 -17.989092
v -35.236649 13.772312 -18.827759
v -35.649227 9.671616 -18.972391
v -35.236649 9.671616 -19.540039
v -35.649227 3.766611 -17.822323
v -35.649227 -2.138391 -18.102913
v -35.236649 3.766611 -18.676542
v -35.236649 -2.138391 -18.618753
v -35.649227 3.766611 -19.472582
v -35.649227 -2.138391 -19.481329
v -35.239315 3.766611 -19.472582
v -35.649227 9.671616 -19.801252
v -35.649227 13.772312 -19.497536
v -35.239319 9.671616 -19.871778
v -34.636559 9.671616 -19.540039
v -35.239319 13.772312 -19.522881
v -34.636559 13.772312 -18.827759
v -35.239319 17.873009 -19.472580
v -34.636559 17.873009 -18.501001
v -35.649227 17.873009 -19.472580
v -35.239319 22.082855 -19.472580
v -35.649231 22.082855 -19.472580
v -35.239319 26.397030 -19.472578
v -34.636559 22.082855 -18.500740
v -35.239319 22.082846 -17.495724
v -34.636559 26.397030 -18.500999
v -35.239319 26.397030 -17.529425
v -35.236652 26.397030 -18.500999
v -35.649231 26.397030 -17.529425
v -35.649231 26.397030 -19.472578
v -35.236652 22.082855 -18.500740
v -35.236652 26.397030 -16.552219
v -34.636559 26.397030 -16.552219
v -35.649231 26.397030 -15.577432
v -35.239319 26.397030 -15.560427
v -35.236652 26.397030 -14.496999
v -34.636559 26.397030 -14.496999
v -35.649231 26.397028 -13.566636
v -35.236652 22.081030 -14.028289
v -35.239319 22.082203 -15.280701
v -34.636559 22.082512 -16.349453
v -35.239319 17.873009 -15.560429
v -34.636559 17.873009 -16.552219
v -35.239319 13.772312 -16.855579
v -34.636559 13.772312 -17.619289
v -35.239319 9.671616 -18.508846
v -34.636559 9.671616 -18.975245
v -35.239319 9.671616 -19.104282
v -34.636555 3.766611 -17.701891
v -35.239315 3.766611 -17.963352
v -34.636555 3.766611 -18.676542
v -35.239315 -2.138391 -18.102913
v -34.636555 -2.138391 -18.557867
v -35.239315 -2.138391 -19.481329
v -35.239319 13.772312 -18.089901
v -35.239319 17.873009 -17.529427
vn 0.9940 -0.0114 -0.1083
vn 0.8253 -0.0423 -0.5631
vn 0.2246 -0.2114 -0.9512
vn 0.8863 -0.1202 -0.4473
vn -0.0000 1.0000 -0.0000
vn 0.9991 0.0334 -0.0276
vn 0.9818 -0.0028 -0.1898
vn 0.9529 -0.0485 -0.2993
vn 0.8414 0.2803 -0.4621
vn 0.2559 0.0829 -0.9631
vn 0.9787 0.1087 -0.1739
vn 0.9280 0.1325 -0.3483
vn 0.2975 0.4659 -0.8333
vn -0.0000 0.1353 -0.9908
vn -0.0000 0.4961 -0.8683
vn -0.0000 -0.2148 -0.9767
vn -0.0000 0.3234 -0.9463
vn 0.9366 0.0982 -0.3363
vn 0.9994 0.0298 -0.0148
vn -0.0000 0.0092 -1.0000
vn 0.9574 0.0018 -0.2889
vn 0.9985 0.0006 0.0547
vn 0.9576 -0.0334 -0.2861
vn 0.9949 0.0077 0.1008
vn -0.0000 -0.1407 -0.9900
vn -0.9058 -0.0030 0.4237
vn -0.9995 -0.0009 -0.0330
vn -0.9940 -0.0082 -0.1088
vn -0.9057 0.0529 0.4206
vn -0.8793 -0.1361 0.4564
vn -0.9991 -0.0382 0.0191
vn -0.9965 0.0008 -0.0840
vn -0.9999 -0.0071 -0.0078
vn -0.9979 0.0378 -0.0533
vn -0.9966 -0.0561 0.0605
vn -0.9788 -0.0561 0.1971
vn -0.7913 -0.2857 0.5405
vn -0.9975 0.0410 -0.0573
vn -0.7044 -0.0193 0.7095
vn -0.7063 -0.0787 0.7035
vn -0.9892 0.0492 0.1382
vn -0.9156 0.0767 0.3946
vn -0.7287 0.1354 0.6714
vn -0.9998 0.0016 -0.0220
vn -0.9999 -0.0143 -0.0008
vn -0.7990 0.0652 0.5978
vn -0.0000 -0.1645 -0.9864
vn -0.9326 0.1197 0.3404
vn -0.9506 0.0170 0.3100
vn -0.9824 0.0071 -0.1868
vn -0.9706 -0.0132 -0.2403
vn -0.9933 0.0231 0.1132
vn 0.9987 0.0240 0.0451
vn 0.8736 -0.0777 -0.4804
vn 0.9939 -0.0022 -0.1102
vn 0.9919 -0.0186 -0.1256
vn -0.2474 -0.2439 -0.9377
vn 0.9360 0.2488 -0.2489
vn 0.6643 -0.0106 -0.7474
vn 0.8573 0.2234 -0.4638
vn 0.9621 0.0486 -0.2685
vn 0.9974 0.0407 -0.0589
vn 0.9999 -0.0124 0.0014
vn 0.9995 -0.0169 0.0275
vn 0.9997 0.0004 0.0245
vn 0.9996 -0.0001 0.0289
vn 0.9964 -0.0003 0.0843
vn 0.9999 0.0001 0.0171
vn 0.9987 0.0222 -0.0461
vn 0.9232 0.1228 -0.3642
vn 1.0000 -0.0000 -0.0014
vn 1.0000 -0.0065 -0.0001
vn 0.9985 -0.0147 -0.0523
vn 0.9843 0.0036 -0.1767
vn 0.7828 -0.0061 -0.6222
vn 1.0000 0.0061 0.0078
vn 0.8059 -0.1099 -0.5818
vn 0.9908 -0.0083 -0.1354
vn 0.9986 -0.0067 0.0530
vn 0.8421 -0.0341 -0.5383
vn 0.8953 -0.0018 -0.4454
vn 0.7684 0.0110 -0.6399
vn -0.0000 -0.0015 1.0000
vn 0.0425 0.0297 0.9987
vn 0.1009 -0.0084 0.9949
vn 0.1008 -0.0081 0.9949
vn 0.0727 -0.0434 0.9964
vn 0.0730 -0.0437 0.9964
vn 0.8200 0.0539 -0.5699
vn -0.9938 -0.0198 -0.1096
vn -0.7485 0.0450 0.6616
vn -0.6657 -0.0113 0.7461
vn -0.9921 -0.0018 0.1252
vn -0.7242 -0.0669 0.6863
vn -0.9994 0.0356 -0.0034
vn -0.8300 -0.0138 0.5575
vn -0.9999 0.0127 -0.0107
vn 0.0154 -0.0046 0.9999
vn -0.8498 -0.0000 0.5271
vn -1.0000 -0.0000 0.0049
vn -0.0000 -0.0000 1.0000
vn -1.0000 -0.0012 0.0049
vn -0.9984 -0.0298 0.0485
vn -0.9999 -0.0001 -0.0170
vn -0.9997 0.0066 -0.0227
vn -0.0000 -1.0000 -0.0000
vn 0.9998 -0.0045 0.0187
vn 1.0000 0.0003 -0.0014
vn 0.9205 -0.0000 -0.3908
vn 0.9072 0.0098 -0.4206
vn 1.0000 0.0050 0.0051
vn 0.9988 -0.0027 0.0498
vn 0.9995 0.0068 0.0308
vn -1.0000 -0.0006 -0.0067
vn -0.9986 0.0048 -0.0527
vn -0.9997 0.0001 -0.0252
vn -0.9999 -0.0079 0.0085
vn -0.9963 -0.0524 0.0680
vn -0.9994 0.0269 -0.0214
vn -0.9555 -0.1500 0.2540
vn -0.9900 0.0044 0.1409
vn -0.8256 0.0007 0.5643
vn -0.9535 -0.0004 0.3013
vn -0.9630 -0.1067 0.2473
vn -0.9378 0.0865 0.3362
vn -0.9995 0.0177 -0.0264
vn -0.9879 0.0041 -0.1548
vn -0.8188 0.0053 0.5741
vt 0.344061 0.305514
vt 0.346645 0.304978
vt 0.344691 0.286691
vt 0.343384 0.286701
vt 0.318510 0.304980
vt 0.317184 0.308666
vt 0.318502 0.308666
vt 0.320439 0.304980
vt 0.318510 0.310211
vt 0.320439 0.310035
vt 0.246043 0.232826
vt 0.250655 0.232549
vt 0.247223 0.213762
vt 0.245263 0.213858
vt 0.252423 0.251413
vt 0.256036 0.251204
vt 0.341988 0.268711
vt 0.340434 0.268823
vt 0.247069 0.264985
vt 0.251013 0.264754
vt 0.344329 0.254491
vt 0.342356 0.254775
vt 0.343781 0.268739
vt 0.346122 0.254520
vt 0.346483 0.286720
vt 0.348206 0.240406
vt 0.346413 0.240377
vt 0.343745 0.240947
vt 0.348438 0.226710
vt 0.346645 0.226681
vt 0.243026 0.278468
vt 0.240054 0.278706
vt 0.238847 0.292338
vt 0.242614 0.292052
vt 0.241409 0.306071
vt 0.244539 0.305822
vt 0.347135 0.213288
vt 0.345342 0.213259
vt 0.293779 0.291921
vt 0.289375 0.291290
vt 0.287267 0.304700
vt 0.291363 0.305259
vt 0.293347 0.278241
vt 0.289334 0.277702
vt 0.270891 0.291675
vt 0.267233 0.291360
vt 0.264911 0.305051
vt 0.268558 0.305365
vt 0.270746 0.278063
vt 0.267100 0.277749
vt 0.267101 0.264415
vt 0.263486 0.264104
vt 0.289485 0.264062
vt 0.286257 0.263715
vt 0.262644 0.250678
vt 0.259569 0.250426
vt 0.285146 0.249766
vt 0.282475 0.249556
vt 0.268566 0.232247
vt 0.264874 0.231928
vt 0.290156 0.231940
vt 0.287727 0.231790
vt 0.270891 0.213422
vt 0.268625 0.213259
vt 0.293779 0.213775
vt 0.289860 0.213259
vt 0.348438 0.305007
vt 0.311387 0.231937
vt 0.309715 0.232008
vt 0.305344 0.249994
vt 0.307062 0.249933
vt 0.314360 0.213641
vt 0.310651 0.213259
vt 0.317184 0.313399
vt 0.318502 0.313399
vt 0.340303 0.213299
vt 0.338854 0.213259
vt 0.336372 0.232082
vt 0.339330 0.232251
vt 0.318510 0.314356
vt 0.320439 0.313725
vt 0.249630 0.232582
vt 0.253032 0.232388
vt 0.250969 0.213507
vt 0.249541 0.213568
vt 0.325006 0.324093
vt 0.326049 0.324212
vt 0.326049 0.305280
vt 0.323638 0.305690
vt 0.326431 0.324801
vt 0.327367 0.324569
vt 0.327367 0.305280
vt 0.326180 0.305559
vt 0.255303 0.251217
vt 0.257797 0.251084
vt 0.251341 0.264695
vt 0.254598 0.264510
vt 0.317053 0.319011
vt 0.315484 0.319325
vt 0.315757 0.333204
vt 0.316918 0.333116
vt 0.248843 0.278073
vt 0.252238 0.277879
vt 0.317053 0.304980
vt 0.314651 0.305758
vt 0.248965 0.291624
vt 0.252408 0.291427
vt 0.245665 0.291880
vt 0.246340 0.278280
vt 0.255234 0.291199
vt 0.254514 0.277688
vt 0.360427 0.304445
vt 0.358030 0.304834
vt 0.357680 0.318083
vt 0.359352 0.317969
vt 0.258658 0.291003
vt 0.257899 0.277495
vt 0.258109 0.264272
vt 0.255109 0.264439
vt 0.259438 0.250973
vt 0.257226 0.251087
vt 0.356705 0.331569
vt 0.357933 0.331624
vt 0.255863 0.232195
vt 0.252819 0.232366
vt 0.358359 0.349828
vt 0.359734 0.349827
vt 0.358308 0.368735
vt 0.360427 0.368452
vt 0.254630 0.213259
vt 0.252568 0.213362
vt 0.397883 0.285314
vt 0.395698 0.285593
vt 0.395730 0.304378
vt 0.397993 0.304071
vt 0.396807 0.266910
vt 0.395263 0.266955
vt 0.388820 0.213259
vt 0.387866 0.213399
vt 0.387849 0.232153
vt 0.388802 0.232013
vt 0.387082 0.250784
vt 0.387879 0.250618
vt 0.387730 0.263917
vt 0.388627 0.263767
vt 0.397631 0.253556
vt 0.395598 0.253779
vt 0.391971 0.232099
vt 0.390017 0.250533
vt 0.391572 0.263816
vt 0.388713 0.276807
vt 0.392271 0.276958
vt 0.387760 0.276947
vt 0.388686 0.290175
vt 0.392245 0.290326
vt 0.387733 0.290316
vt 0.387706 0.304015
vt 0.388659 0.303875
vt 0.392217 0.304026
vt 0.381630 0.277642
vt 0.377977 0.277546
vt 0.377672 0.291069
vt 0.381410 0.291169
vt 0.377358 0.304927
vt 0.381011 0.305023
vt 0.310049 0.311227
vt 0.311987 0.308103
vt 0.310057 0.308103
vt 0.308731 0.311227
vt 0.310049 0.304980
vt 0.308731 0.304980
vt 0.256052 0.305040
vt 0.259438 0.304847
vt 0.397933 0.213259
vt 0.395539 0.213614
vt 0.395569 0.227336
vt 0.397964 0.226980
vt 0.395599 0.240726
vt 0.397993 0.240371
vt 0.311987 0.314368
vt 0.310057 0.314368
vt 0.253776 0.305231
vt 0.310049 0.317557
vt 0.308731 0.317502
vt 0.250381 0.305425
vt 0.311987 0.320976
vt 0.310057 0.320976
vt 0.247805 0.305636
vt 0.310049 0.324107
vt 0.308731 0.323967
vt 0.311987 0.328054
vt 0.310057 0.328054
vt 0.314360 0.291394
vt 0.310198 0.290916
vt 0.308807 0.304459
vt 0.312553 0.304849
vt 0.340212 0.291370
vt 0.336319 0.291121
vt 0.334989 0.304916
vt 0.338688 0.305149
vt 0.314033 0.277812
vt 0.310342 0.277435
vt 0.340303 0.277809
vt 0.336604 0.277576
vt 0.337807 0.264376
vt 0.334685 0.264192
vt 0.310680 0.263902
vt 0.308237 0.263802
vt 0.334407 0.250865
vt 0.332036 0.250745
vt 0.358396 0.250213
vt 0.356705 0.250336
vt 0.358643 0.263774
vt 0.361090 0.263793
vt 0.361650 0.231995
vt 0.359666 0.232063
vt 0.363281 0.213473
vt 0.359795 0.213259
vt 0.381630 0.213290
vt 0.379285 0.213259
vt 0.378556 0.232212
vt 0.381555 0.232276
vt 0.375940 0.251072
vt 0.378237 0.251101
vt 0.317184 0.316749
vt 0.318510 0.318407
vt 0.320439 0.318211
vt 0.318502 0.316749
vt 0.317184 0.321180
vt 0.318502 0.321180
vt 0.392271 0.213392
vt 0.377447 0.264333
vt 0.380508 0.264400
vt 0.359578 0.277025
vt 0.363145 0.277254
vt 0.359340 0.290403
vt 0.363281 0.290701
vt 0.358946 0.304085
vt 0.362512 0.304314
s 1
usemtl Material.001
f 2862/5969/2787 2866/5972/2790 2868/5971/2789 2863/5970/2788
f 2863/5973/2791 2896/5976/2791 2864/5975/2791 2862/5974/2791
f 2862/5974/2791 2864/5975/2791 2898/5978/2791 2865/5977/2791
f 2866/5979/2790 2862/5982/2787 2865/5981/2793 2867/5980/2792
f 2869/5983/2794 2866/5979/2790 2867/5980/2792 2870/5984/2795
f 2866/5972/2790 2869/5986/2794 2872/5985/2796 2868/5971/2789
f 2871/5987/2797 2869/5983/2794 2870/5984/2795 2909/5988/2798
f 2869/5986/2794 2871/5990/2797 2874/5989/2799 2872/5985/2796
f 2872/5985/2796 2874/5989/2799 2875/5992/2801 2873/5991/2800
f 2868/5971/2789 2872/5985/2796 2873/5991/2800 2895/5993/2802
f 2874/5989/2799 2876/5995/2803 2877/5994/2803 2875/5992/2801
f 2871/5990/2797 2878/5996/2805 2876/5995/2804 2874/5989/2799
f 2876/5995/2803 2879/5998/2806 2882/5997/2806 2877/5994/2803
f 2878/5999/2805 2880/6002/2808 2879/6001/2807 2876/6000/2804
f 2880/6002/2808 2955/6004/2810 2881/6003/2809 2879/6001/2807
f 2879/5998/2806 2881/6006/2811 2883/6005/2811 2882/5997/2806
f 2882/6007/2812 2883/6010/2815 2885/6009/2814 2884/6008/2813
f 2877/6011/2816 2882/6007/2812 2884/6008/2813 2887/6012/2817
f 2884/6013/2813 2885/6016/2814 2954/6015/2819 2886/6014/2818
f 2887/6017/2817 2884/6013/2813 2886/6014/2818 2888/6018/2820
f 2889/6019/2821 2887/6017/2817 2888/6018/2820 2890/6020/2822
f 2875/6021/2823 2877/6011/2816 2887/6012/2817 2889/6022/2821
f 2891/6023/2824 2889/6019/2821 2890/6020/2822 2892/6024/2825
f 2873/6025/2826 2875/6021/2823 2889/6022/2821 2891/6026/2824
f 2893/6027/2827 2891/6023/2824 2892/6024/2825 2894/6028/2828
f 2895/6029/2829 2873/6025/2826 2891/6026/2824 2893/6030/2827
f 2864/6031/2830 2893/6027/2827 2894/6028/2828 2898/6032/2831
f 2896/6033/2832 2895/6029/2829 2893/6030/2827 2864/6034/2830
f 2863/5970/2833 2868/5971/2789 2895/5993/2802 2896/6035/2833
f 2894/6036/2828 2892/6039/2825 2963/6038/2835 2897/6037/2834
f 2898/6040/2831 2894/6036/2828 2897/6037/2834 2899/6041/2836
f 2865/5977/2791 2898/5978/2791 2899/6043/2791 2901/6042/2791
f 2899/6044/2836 2897/6047/2834 2966/6046/2838 2900/6045/2837
f 2901/6042/2791 2899/6043/2791 2900/6049/2791 2902/6048/2791
f 2903/6050/2839 2901/6053/2842 2902/6052/2841 2904/6051/2840
f 2867/6054/2792 2865/6057/2793 2901/6056/2842 2903/6055/2839
f 2870/6058/2843 2867/6061/2843 2903/6060/2843 2905/6059/2843
f 2905/6062/2844 2903/6050/2839 2904/6051/2840 2906/6063/2845
f 2907/6064/2846 2905/6062/2844 2906/6063/2845 2908/6065/2847
f 2909/6066/2798 2870/6069/2795 2905/6068/2844 2907/6067/2846
f 2910/6070/2848 2907/6064/2846 2908/6065/2847 2913/6071/2849
f 2912/6072/2850 2909/6066/2798 2907/6067/2846 2910/6073/2848
f 2911/6074/2851 2910/6070/2848 2913/6071/2849 2914/6075/2852
f 2956/6076/2853 2912/6077/2850 2910/6070/2848 2911/6074/2851
f 2914/6075/2852 2913/6071/2849 2915/6079/2855 2916/6078/2854
f 2913/6080/2849 2908/6083/2847 2918/6082/2856 2915/6081/2855
f 2916/6078/2854 2915/6079/2855 2917/6085/2858 2948/6084/2857
f 2915/6079/2855 2918/6087/2856 2919/6086/2859 2917/6085/2858
f 2918/6087/2856 2920/6089/2861 2921/6088/2860 2919/6086/2859
f 2908/6083/2847 2906/6091/2845 2920/6090/2861 2918/6082/2856
f 2920/6089/2861 2922/6093/2863 2924/6092/2862 2921/6088/2860
f 2906/6091/2845 2904/6095/2840 2922/6094/2863 2920/6090/2861
f 2904/6095/2840 2902/6097/2841 2923/6096/2864 2922/6094/2863
f 2922/6093/2863 2923/6099/2864 2925/6098/2865 2924/6092/2862
f 2924/6100/2862 2925/6103/2865 2927/6102/2867 2926/6101/2866
f 2921/6104/2860 2924/6100/2862 2926/6101/2866 2929/6105/2868
f 2971/6106/2869 2928/6109/2870 2926/6108/2870 2927/6107/2869
f 2928/6109/2870 2931/6111/2872 2929/6110/2871 2926/6108/2870
f 2931/6111/2872 2933/6113/2874 2930/6112/2873 2929/6110/2871
f 2919/6114/2859 2921/6104/2860 2929/6105/2868 2930/6115/2875
f 2968/6116/2876 2932/6117/2879 2931/6111/2878 2928/6109/2877
f 2932/6117/2879 2934/6118/2881 2933/6113/2880 2931/6111/2878
f 2934/6118/2881 2936/6120/2883 2935/6119/2882 2933/6113/2880
f 2933/6113/2874 2935/6119/2884 2937/6121/2884 2930/6112/2873
f 2936/6120/2883 2941/6123/2886 2938/6122/2885 2935/6119/2882
f 2935/6119/2884 2938/6122/2887 2939/6124/2887 2937/6121/2884
f 2938/6122/2887 2940/6126/2887 2947/6125/2887 2939/6124/2887
f 2941/6123/2886 2943/6127/2888 2940/6126/2885 2938/6122/2885
f 2973/6128/2889 2942/6131/2890 2941/6130/2886 2936/6129/2883
f 2942/6131/2890 2944/6133/2891 2943/6132/2888 2941/6130/2886
f 2944/6134/2892 2946/6137/2892 2945/6136/2892 2943/6135/2892
f 2943/6135/2892 2945/6136/2892 2947/6139/2892 2940/6138/2892
f 2946/6140/2893 2916/6078/2854 2948/6084/2857 2945/6141/2894
f 2945/6142/2894 2948/6145/2857 2939/6144/2895 2947/6143/2895
f 2948/6145/2857 2917/6147/2858 2937/6146/2896 2939/6144/2895
f 2950/6148/2892 2949/6149/2892 2946/6137/2892 2944/6134/2892
f 2949/6150/2897 2914/6075/2852 2916/6078/2854 2946/6140/2893
f 2952/6151/2892 2951/6152/2892 2949/6149/2892 2950/6148/2892
f 2951/6153/2898 2911/6074/2851 2914/6075/2852 2949/6150/2897
f 2954/6154/2892 2953/6155/2892 2951/6152/2892 2952/6151/2892
f 2953/6156/2899 2956/6076/2853 2911/6074/2851 2951/6153/2898
f 2885/6157/2892 2955/6158/2892 2953/6155/2892 2954/6154/2892
f 2955/6004/2810 2880/6002/2808 2956/6076/2853 2953/6156/2899
f 2880/6002/2808 2878/5999/2805 2912/6077/2850 2956/6076/2853
f 2883/6159/2892 2881/6160/2892 2955/6158/2892 2885/6157/2892
f 2886/6161/2818 2954/6164/2819 2952/6163/2901 2957/6162/2900
f 2957/6165/2900 2952/6168/2901 2950/6167/2903 2958/6166/2902
f 2888/6169/2820 2886/6161/2818 2957/6162/2900 2959/6170/2904
f 2959/6171/2904 2957/6165/2900 2958/6166/2902 2960/6172/2905
f 2961/6173/2906 2959/6171/2904 2960/6172/2905 2962/6174/2907
f 2890/6175/2822 2888/6169/2820 2959/6170/2904 2961/6176/2906
f 2963/6177/2835 2961/6173/2906 2962/6174/2907 2964/6178/2908
f 2892/6039/2825 2890/6175/2822 2961/6176/2906 2963/6038/2835
f 2897/6047/2834 2963/6177/2835 2964/6178/2908 2966/6046/2838
f 2964/6179/2908 2962/6182/2907 2972/6181/2910 2965/6180/2909
f 2966/6183/2838 2964/6179/2908 2965/6180/2909 2967/6184/2911
f 2900/6185/2837 2966/6183/2838 2967/6184/2911 2969/6186/2912
f 2969/6187/2912 2967/6190/2911 2968/6189/2876 2970/6188/2913
f 2967/6190/2911 2965/6192/2909 2932/6191/2879 2968/6189/2876
f 2923/6193/2791 2969/6196/2791 2970/6195/2791 2925/6194/2791
f 2902/6048/2791 2900/6049/2791 2969/6196/2791 2923/6193/2791
f 2925/6194/2791 2970/6195/2791 2971/6198/2791 2927/6197/2791
f 2970/6199/2913 2968/6116/2876 2928/6109/2877 2971/6106/2914
f 2965/6192/2909 2972/6201/2910 2934/6200/2881 2932/6191/2879
f 2972/6201/2910 2973/6128/2889 2936/6129/2883 2934/6200/2881
f 2962/6182/2907 2960/6203/2905 2973/6202/2889 2972/6181/2910
f 2960/6203/2905 2958/6205/2902 2942/6204/2890 2973/6202/2889
f 2958/6205/2902 2950/6207/2903 2944/6206/2891 2942/6204/2890
f 2917/6147/2858 2919/6114/2859 2930/6115/2875 2937/6146/2896
f 2878/5999/2805 2871/5987/2797 2909/5988/2798 2912/6077/2850
o Cube.095
v -33.367374 9.504004 -18.385937
v -33.592995 9.875558 -18.385937
v -33.508522 9.504004 -17.394247
v -33.592995 9.132452 -18.385937
v -33.508522 9.504004 -19.377626
v -33.714638 9.875558 -19.240578
v -33.907558 9.504004 -20.197844
v -33.714638 9.132452 -19.240578
v -34.058529 9.132452 -19.947445
v -34.048141 9.274372 -19.018829
v -34.302807 9.274372 -19.542290
v -34.048141 9.733637 -19.018829
v -33.958061 9.274372 -18.385937
v -33.958061 9.733637 -18.385937
v -34.048141 9.274372 -17.753044
v -34.048141 9.733637 -17.753044
v -33.714638 9.132452 -17.531294
v -34.302807 9.274372 -17.229586
v -34.302807 9.733637 -17.229586
v -34.058529 9.132452 -16.824429
v -34.678020 9.274372 -16.906067
v -34.678020 9.733637 -16.906067
v -34.565208 9.132451 -16.387562
v -35.108910 9.274372 -16.838434
v -35.108910 9.733637 -16.838434
v -35.147068 9.132451 -16.296232
v -35.520966 9.274372 -17.038376
v -35.520966 9.733637 -17.038376
v -35.703499 9.132451 -16.566231
v -35.842941 9.274372 -17.471327
v -35.842941 9.733637 -17.471327
v -36.138287 9.132451 -17.150875
v -36.019165 9.274372 -18.062422
v -36.019165 9.733637 -18.062422
v -36.376255 9.132451 -17.949068
v -36.019165 9.274372 -18.709452
v -36.019165 9.733637 -18.709452
v -36.376255 9.132451 -18.822803
v -35.842941 9.274372 -19.300547
v -35.842941 9.733637 -19.300547
v -36.138287 9.132452 -19.620998
v -35.520966 9.274372 -19.733496
v -35.520966 9.733637 -19.733496
v -35.703499 9.132452 -20.205641
v -35.108910 9.274372 -19.933439
v -35.108910 9.733637 -19.933439
v -35.147068 9.132452 -20.475639
v -34.678020 9.274372 -19.865807
v -34.678020 9.733637 -19.865807
v -34.565208 9.132452 -20.384312
v -34.495487 9.504004 -20.704763
v -34.565208 9.875558 -20.384312
v -35.170654 9.504004 -20.810741
v -35.147068 9.875558 -20.475639
v -35.816311 9.504004 -20.497446
v -35.703499 9.875558 -20.205641
v -36.320820 9.504004 -19.819048
v -36.138287 9.875557 -19.620998
v -36.596947 9.504004 -18.892860
v -36.376255 9.875557 -18.822803
v -36.596947 9.504004 -17.879013
v -36.376255 9.875557 -17.949068
v -36.320820 9.504004 -16.952826
v -36.138287 9.875557 -17.150875
v -35.816311 9.504004 -16.274426
v -35.703499 9.875557 -16.566231
v -35.170654 9.504004 -15.961131
v -35.147068 9.875557 -16.296232
v -34.495487 9.504004 -16.067110
v -34.565208 9.875557 -16.387562
v -33.907558 9.504004 -16.574028
v -34.058529 9.875557 -16.824429
v -33.714638 9.875557 -17.531294
v -34.058529 9.875558 -19.947443
v -34.302807 9.733637 -19.542290
vn -0.9449 -0.0000 0.3274
vn -0.8140 -0.5350 0.2263
vn -0.8548 -0.5190 -0.0000
vn -1.0000 -0.0000 -0.0000
vn -0.8140 -0.5350 -0.2263
vn -0.9449 -0.0000 -0.3274
vn -0.8548 0.5190 -0.0000
vn -0.8140 0.5350 -0.2263
vn -0.8140 0.5350 0.2263
vn -0.7387 -0.0000 0.6740
vn -0.6651 -0.5839 0.4654
vn -0.6651 0.5839 0.4654
vn 0.5482 0.7352 -0.3987
vn 0.2097 0.9553 -0.2082
vn 0.3175 0.9401 -0.1241
vn 0.6593 0.7292 -0.1833
vn 0.3623 0.9320 -0.0000
vn 0.6860 0.7276 -0.0000
vn 0.5482 -0.7352 -0.3987
vn 0.6593 -0.7292 -0.1833
vn 0.6860 -0.7276 -0.0000
vn 0.6593 0.7292 0.1833
vn 0.6593 -0.7292 0.1833
vn 0.3175 0.9401 0.1241
vn 0.5482 0.7352 0.3987
vn 0.5482 -0.7352 0.3987
vn 0.2097 0.9553 0.2082
vn 0.2745 0.7304 0.6254
vn 0.2745 -0.7304 0.6254
vn -0.1670 0.9407 -0.2952
vn -0.0846 0.7519 0.6538
vn -0.0846 -0.7519 0.6538
vn 0.0691 0.8986 -0.4332
vn -0.4391 0.7332 0.5192
vn -0.4391 -0.7332 0.5192
vn -0.1424 0.9617 0.2340
vn -0.6176 0.7324 0.2865
vn -0.6176 -0.7324 0.2865
vn -0.2695 0.9476 0.1713
vn -0.6802 0.7277 0.0883
vn -0.6802 -0.7277 0.0883
vn -0.3502 0.9343 0.0666
vn -0.6802 0.7277 -0.0883
vn -0.6802 -0.7277 -0.0883
vn -0.3502 0.9343 -0.0666
vn -0.6176 0.7324 -0.2865
vn -0.6176 -0.7324 -0.2865
vn -0.2695 0.9476 -0.1713
vn -0.4391 0.7332 -0.5192
vn -0.4391 -0.7332 -0.5192
vn -0.1424 0.9617 -0.2340
vn -0.0846 0.7519 -0.6538
vn -0.0846 -0.7519 -0.6538
vn 0.0691 0.8986 0.4332
vn 0.2745 0.7304 -0.6254
vn 0.2745 -0.7304 -0.6254
vn -0.1670 0.9407 0.2952
vn 0.0887 -0.0000 0.9961
vn -0.3077 -0.0000 0.9515
vn -0.1670 -0.9407 0.2952
vn 0.0691 -0.8986 0.4332
vn 0.5483 -0.0000 0.8363
vn 0.5261 -0.6183 0.5839
vn 0.5261 0.6183 0.5839
vn 0.8665 -0.0000 0.4991
vn 0.7569 -0.5554 0.3444
vn 0.7569 0.5554 0.3444
vn 0.9868 -0.0000 0.1618
vn 0.8449 -0.5230 0.1120
vn 0.8449 0.5230 0.1120
vn 0.9868 -0.0000 -0.1618
vn 0.8449 -0.5230 -0.1120
vn 0.8449 0.5230 -0.1120
vn 0.8665 -0.0000 -0.4991
vn 0.7569 -0.5554 -0.3444
vn 0.7569 0.5554 -0.3444
vn 0.5483 -0.0000 -0.8363
vn 0.5261 -0.6183 -0.5839
vn 0.5261 0.6183 -0.5839
vn 0.0887 -0.0000 -0.9961
vn 0.0691 -0.8986 -0.4332
vn -0.3077 -0.0000 -0.9515
vn -0.1670 -0.9407 -0.2952
vn -0.7387 -0.0000 -0.6740
vn -0.6651 -0.5839 -0.4654
vn -0.6651 0.5839 -0.4654
vn 0.3175 -0.9401 0.1241
vn 0.2097 -0.9553 0.2082
vn 0.3623 -0.9320 -0.0000
vn -0.1424 -0.9617 0.2340
vn -0.2695 -0.9476 0.1713
vn -0.3502 -0.9343 0.0666
vn -0.3502 -0.9343 -0.0666
vn -0.2695 -0.9476 -0.1713
vn -0.1424 -0.9617 -0.2340
vn 0.2097 -0.9553 -0.2082
vn 0.3175 -0.9401 -0.1241
vt 0.904297 0.974498
vt 0.904772 0.976107
vt 0.907737 0.976107
vt 0.907737 0.974498
vt 0.910703 0.976107
vt 0.911178 0.974498
vt 0.907737 0.972889
vt 0.910703 0.972889
vt 0.904772 0.972889
vt 0.942860 0.977886
vt 0.942173 0.979740
vt 0.944201 0.981096
vt 0.945214 0.979460
vt 0.902320 0.972889
vt 0.901451 0.974498
vt 0.919547 0.966674
vt 0.917865 0.965828
vt 0.916810 0.967747
vt 0.918766 0.968095
vt 0.928984 0.972520
vt 0.930857 0.971859
vt 0.929504 0.970137
vt 0.927982 0.971245
vt 0.936686 0.958761
vt 0.936275 0.960295
vt 0.938469 0.960592
vt 0.938880 0.959059
vt 0.940517 0.961432
vt 0.940928 0.959899
vt 0.927825 0.972825
vt 0.926252 0.970276
vt 0.926096 0.971856
vt 0.927168 0.968828
vt 0.924095 0.969780
vt 0.923939 0.971361
vt 0.924255 0.968159
vt 0.921882 0.969844
vt 0.921726 0.971424
vt 0.921267 0.968245
vt 0.923491 0.929926
vt 0.922855 0.928471
vt 0.920956 0.929609
vt 0.921592 0.931064
vt 0.918721 0.969071
vt 0.919996 0.970456
vt 0.918831 0.930232
vt 0.919468 0.931686
vt 0.917057 0.970495
vt 0.918764 0.971511
vt 0.933207 0.949800
vt 0.933207 0.951789
vt 0.934709 0.951789
vt 0.934709 0.949800
vt 0.916563 0.972271
vt 0.918398 0.972825
vt 0.936760 0.951789
vt 0.936760 0.949800
vt 0.928922 0.968095
vt 0.930525 0.967747
vt 0.930980 0.965828
vt 0.929259 0.966674
vt 0.939005 0.951789
vt 0.939005 0.949800
vt 0.930204 0.964157
vt 0.928685 0.965436
vt 0.941056 0.951789
vt 0.941056 0.949800
vt 0.928331 0.963022
vt 0.927297 0.964596
vt 0.942558 0.951789
vt 0.942558 0.949800
vt 0.925684 0.962621
vt 0.925337 0.964299
vt 0.925749 0.965833
vt 0.923144 0.964596
vt 0.923555 0.966130
vt 0.922722 0.963022
vt 0.921095 0.965436
vt 0.921507 0.966970
vt 0.919956 0.964157
vt 0.934726 0.959059
vt 0.934315 0.960592
vt 0.946749 0.931186
vt 0.946062 0.929332
vt 0.943708 0.930906
vt 0.944721 0.932543
vt 0.942621 0.932920
vt 0.943784 0.934278
vt 0.939646 0.977024
vt 0.939403 0.978997
vt 0.936129 0.977024
vt 0.936372 0.978997
vt 0.932915 0.977886
vt 0.933602 0.979740
vt 0.949518 0.930444
vt 0.949275 0.928470
vt 0.930562 0.979460
vt 0.931574 0.981096
vt 0.952550 0.930444
vt 0.952793 0.928470
vt 0.940423 0.935307
vt 0.939506 0.937059
vt 0.941346 0.938662
vt 0.942558 0.937167
vt 0.955319 0.931186
vt 0.956007 0.929332
vt 0.937345 0.934044
vt 0.936853 0.935971
vt 0.957348 0.932543
vt 0.958360 0.930906
vt 0.933856 0.933598
vt 0.933846 0.935586
vt 0.958285 0.934278
vt 0.959447 0.932920
vt 0.930559 0.934044
vt 0.931005 0.935971
vt 0.933602 0.983875
vt 0.932915 0.982021
vt 0.930562 0.983595
vt 0.931574 0.985232
vt 0.928024 0.935307
vt 0.928821 0.937059
vt 0.936372 0.983133
vt 0.936129 0.981160
vt 0.926690 0.937167
vt 0.927671 0.938662
vt 0.939403 0.983133
vt 0.939646 0.981160
vt 0.914024 0.974498
vt 0.913155 0.976107
vt 0.914671 0.976107
vt 0.915783 0.974498
vt 0.942173 0.983875
vt 0.942860 0.982021
vt 0.944201 0.985232
vt 0.945214 0.983595
vt 0.944159 0.960290
vt 0.942477 0.961136
vt 0.943258 0.962558
vt 0.945214 0.962209
vt 0.926627 0.929055
vt 0.924837 0.928470
vt 0.924810 0.931021
vt 0.942068 0.958619
vt 0.922245 0.932557
vt 0.919377 0.933398
vt 0.917486 0.931686
vt 0.916700 0.933398
vt 0.915988 0.931064
vt 0.914678 0.932557
vt 0.915234 0.929926
vt 0.913660 0.931021
vt 0.915355 0.928470
vt 0.913822 0.929055
vt 0.931499 0.962209
vt 0.933102 0.962558
vt 0.932764 0.961136
vt 0.931044 0.960290
vt 0.933339 0.959899
vt 0.931820 0.958619
vt 0.933693 0.957484
vt 0.936340 0.957083
vt 0.939302 0.957484
s 1
usemtl Material.001
f 2978/6208/2915 2974/6211/2918 2975/6210/2917 2979/6209/2916
f 2974/6211/2918 2976/6213/2920 3046/6212/2919 2975/6210/2917
f 2977/6214/2921 2990/6215/2922 2976/6213/2920 2974/6211/2918
f 2981/6216/2923 2977/6214/2921 2974/6211/2918 2978/6208/2915
f 2980/6217/2924 2978/6220/2915 2979/6219/2916 3047/6218/2925
f 2982/6221/2926 2981/6216/2923 2978/6208/2915 2980/6222/2924
f 2984/6223/2927 2983/6226/2930 2981/6225/2929 2982/6224/2928
f 2983/6227/2930 2986/6230/2932 2977/6229/2931 2981/6228/2929
f 3048/6231/2933 2985/6234/2934 2983/6233/2930 2984/6232/2927
f 2985/6234/2934 2987/6236/2935 2986/6235/2932 2983/6233/2930
f 2987/6237/2935 2989/6239/2937 2988/6238/2936 2986/6230/2932
f 2986/6230/2932 2988/6238/2936 2990/6240/2938 2977/6229/2931
f 2989/6239/2937 2992/6242/2940 2991/6241/2939 2988/6238/2936
f 2988/6238/2936 2991/6241/2939 2993/6243/2941 2990/6240/2938
f 2992/6242/2940 2995/6245/2943 2994/6244/2942 2991/6241/2939
f 2991/6241/2939 2994/6244/2942 2996/6246/2944 2993/6243/2941
f 2995/6247/2943 2998/6250/2946 2997/6249/2945 2994/6248/2942
f 2994/6244/2942 2997/6252/2945 2999/6251/2947 2996/6246/2944
f 2998/6250/2946 3001/6254/2949 3000/6253/2948 2997/6249/2945
f 2997/6252/2945 3000/6256/2948 3002/6255/2950 2999/6251/2947
f 3001/6257/2949 3004/6260/2952 3003/6259/2951 3000/6258/2948
f 3000/6256/2948 3003/6262/2951 3005/6261/2953 3002/6255/2950
f 3004/6260/2952 3007/6264/2955 3006/6263/2954 3003/6259/2951
f 3003/6265/2951 3006/6268/2954 3008/6267/2956 3005/6266/2953
f 3007/6264/2955 3010/6270/2958 3009/6269/2957 3006/6263/2954
f 3006/6268/2954 3009/6272/2957 3011/6271/2959 3008/6267/2956
f 3010/6270/2958 3013/6274/2961 3012/6273/2960 3009/6269/2957
f 3009/6272/2957 3012/6276/2960 3014/6275/2962 3011/6271/2959
f 3013/6274/2961 3016/6278/2964 3015/6277/2963 3012/6273/2960
f 3012/6276/2960 3015/6280/2963 3017/6279/2965 3014/6275/2962
f 3016/6281/2964 3019/6283/2967 3018/6282/2966 3015/6280/2963
f 3015/6280/2963 3018/6282/2966 3020/6284/2968 3017/6279/2965
f 3019/6283/2967 3022/6286/2970 3021/6285/2969 3018/6282/2966
f 3018/6282/2966 3021/6285/2969 3023/6287/2971 3020/6284/2968
f 3022/6288/2970 3048/6231/2933 2984/6232/2927 3021/6289/2969
f 3021/6285/2969 2984/6223/2927 2982/6224/2928 3023/6287/2971
f 3020/6290/2968 3023/6293/2971 3024/6292/2973 3026/6291/2972
f 3023/6293/2971 2982/6295/2926 2980/6294/2924 3024/6292/2973
f 3024/6296/2973 2980/6217/2924 3047/6218/2925 3025/6297/2974
f 3026/6298/2972 3024/6296/2973 3025/6297/2974 3027/6299/2975
f 3028/6300/2976 3026/6298/2972 3027/6299/2975 3029/6301/2977
f 3017/6302/2978 3020/6290/2968 3026/6291/2972 3028/6303/2976
f 3030/6304/2979 3028/6300/2976 3029/6301/2977 3031/6305/2980
f 3014/6306/2981 3017/6302/2978 3028/6303/2976 3030/6307/2979
f 3032/6308/2982 3030/6311/2979 3031/6310/2980 3033/6309/2983
f 3011/6312/2984 3014/6306/2981 3030/6307/2979 3032/6313/2982
f 3034/6314/2985 3032/6308/2982 3033/6309/2983 3035/6315/2986
f 3008/6316/2987 3011/6312/2984 3032/6313/2982 3034/6317/2985
f 3036/6318/2988 3034/6314/2985 3035/6315/2986 3037/6319/2989
f 3005/6320/2990 3008/6316/2987 3034/6317/2985 3036/6321/2988
f 3038/6322/2991 3036/6318/2988 3037/6319/2989 3039/6323/2992
f 3002/6324/2993 3005/6327/2990 3036/6326/2988 3038/6325/2991
f 3040/6328/2994 3038/6322/2991 3039/6323/2992 3041/6329/2995
f 2999/6330/2947 3002/6324/2993 3038/6325/2991 3040/6331/2994
f 3042/6332/2996 3040/6328/2994 3041/6329/2995 3043/6333/2997
f 2996/6334/2944 2999/6330/2947 3040/6331/2994 3042/6335/2996
f 3044/6336/2998 3042/6339/2996 3043/6338/2997 3045/6337/2999
f 2993/6340/3000 2996/6334/2944 3042/6335/2996 3044/6341/2998
f 2976/6213/2920 3044/6336/2998 3045/6337/2999 3046/6212/2919
f 2990/6342/2922 2993/6340/3000 3044/6341/2998 2976/6343/2920
f 3046/6344/3001 3045/6347/3002 2992/6346/2940 2989/6345/2937
f 3045/6348/3002 3043/6350/2997 2995/6247/2943 2992/6349/2940
f 2975/6351/3003 3046/6344/3001 2989/6345/2937 2987/6236/2935
f 3043/6350/2997 3041/6352/2995 2998/6250/2946 2995/6247/2943
f 3041/6352/2995 3039/6353/3004 3001/6254/2949 2998/6250/2946
f 3039/6353/3004 3037/6355/3005 3004/6354/2952 3001/6254/2949
f 3037/6355/3005 3035/6357/3006 3007/6356/2955 3004/6354/2952
f 3035/6357/3006 3033/6359/3007 3010/6358/2958 3007/6356/2955
f 3033/6359/3007 3031/6361/3008 3013/6360/2961 3010/6358/2958
f 3031/6362/3008 3029/6365/3009 3016/6364/2964 3013/6363/2961
f 3029/6365/3009 3027/6367/2975 3019/6366/2967 3016/6364/2964
f 3027/6367/2975 3025/6368/2974 3022/6288/2970 3019/6366/2967
f 3025/6368/2974 3047/6369/3010 3048/6231/2933 3022/6288/2970
f 3047/6369/3010 2979/6370/3011 2985/6234/2934 3048/6231/2933
f 2979/6370/3011 2975/6351/3003 2987/6236/2935 2985/6234/2934
o Cube.096
v -33.367374 8.720726 -18.385937
v -33.592995 9.092278 -18.385937
v -33.508522 8.720725 -17.394247
v -33.592995 8.349173 -18.385937
v -33.508522 8.720726 -19.377626
v -33.714638 9.092278 -19.240578
v -33.907558 8.720726 -20.197844
v -33.714638 8.349173 -19.240578
v -34.058529 8.349173 -19.947445
v -34.048141 8.491094 -19.018829
v -34.302807 8.491094 -19.542290
v -34.048141 8.950357 -19.018829
v -33.958061 8.491094 -18.385937
v -33.958061 8.950357 -18.385937
v -34.048141 8.491093 -17.753044
v -34.048141 8.950357 -17.753044
v -33.714638 8.349173 -17.531294
v -34.302807 8.491093 -17.229586
v -34.302807 8.950357 -17.229586
v -34.058529 8.349173 -16.824429
v -34.678020 8.491093 -16.906067
v -34.678020 8.950357 -16.906067
v -34.565208 8.349173 -16.387562
v -35.108910 8.491093 -16.838434
v -35.108910 8.950357 -16.838434
v -35.147068 8.349173 -16.296232
v -35.520966 8.491093 -17.038376
v -35.520966 8.950357 -17.038376
v -35.703499 8.349172 -16.566231
v -35.842941 8.491093 -17.471327
v -35.842941 8.950357 -17.471327
v -36.138287 8.349173 -17.150875
v -36.019165 8.491093 -18.062422
v -36.019165 8.950357 -18.062422
v -36.376255 8.349173 -17.949068
v -36.019165 8.491093 -18.709452
v -36.019165 8.950357 -18.709452
v -36.376255 8.349173 -18.822803
v -35.842941 8.491093 -19.300547
v -35.842941 8.950357 -19.300547
v -36.138287 8.349173 -19.620998
v -35.520966 8.491094 -19.733496
v -35.520966 8.950357 -19.733496
v -35.703499 8.349173 -20.205641
v -35.108910 8.491094 -19.933439
v -35.108910 8.950357 -19.933439
v -35.147068 8.349173 -20.475639
v -34.678020 8.491094 -19.865807
v -34.678020 8.950357 -19.865807
v -34.565208 8.349173 -20.384312
v -34.495487 8.720726 -20.704763
v -34.565208 9.092278 -20.384312
v -35.170654 8.720726 -20.810741
v -35.147068 9.092278 -20.475639
v -35.816311 8.720726 -20.497446
v -35.703499 9.092278 -20.205641
v -36.320820 8.720725 -19.819048
v -36.138287 9.092278 -19.620998
v -36.596947 8.720725 -18.892860
v -36.376255 9.092278 -18.822803
v -36.596947 8.720725 -17.879013
v -36.376255 9.092278 -17.949068
v -36.320820 8.720725 -16.952826
v -36.138287 9.092278 -17.150875
v -35.816311 8.720725 -16.274426
v -35.703499 9.092278 -16.566231
v -35.170654 8.720725 -15.961131
v -35.147068 9.092278 -16.296232
v -34.495487 8.720725 -16.067110
v -34.565208 9.092278 -16.387562
v -33.907558 8.720725 -16.574028
v -34.058529 9.092278 -16.824429
v -33.714638 9.092278 -17.531294
v -34.058529 9.092278 -19.947443
v -34.302807 8.950357 -19.542290
vn -0.9449 -0.0000 0.3274
vn -0.8140 -0.5350 0.2263
vn -0.8548 -0.5190 -0.0000
vn -1.0000 -0.0000 -0.0000
vn -0.8140 -0.5350 -0.2263
vn -0.9449 -0.0000 -0.3274
vn -0.8548 0.5190 -0.0000
vn -0.8140 0.5350 -0.2263
vn -0.8140 0.5350 0.2263
vn -0.7387 -0.0000 0.6740
vn -0.6651 -0.5839 0.4654
vn -0.6651 0.5839 0.4654
vn 0.5482 0.7352 -0.3987
vn 0.2097 0.9553 -0.2082
vn 0.3175 0.9401 -0.1241
vn 0.6593 0.7292 -0.1833
vn 0.3623 0.9320 -0.0000
vn 0.6860 0.7276 -0.0000
vn 0.5482 -0.7352 -0.3987
vn 0.6593 -0.7292 -0.1833
vn 0.6860 -0.7276 -0.0000
vn 0.6593 0.7292 0.1833
vn 0.6593 -0.7292 0.1833
vn 0.3175 0.9401 0.1241
vn 0.5482 0.7352 0.3987
vn 0.5482 -0.7352 0.3987
vn 0.2097 0.9553 0.2082
vn 0.2745 0.7304 0.6254
vn 0.2745 -0.7304 0.6254
vn -0.1670 0.9407 -0.2952
vn -0.0846 0.7519 0.6538
vn -0.0846 -0.7519 0.6538
vn 0.0691 0.8986 -0.4332
vn -0.4391 0.7332 0.5192
vn -0.4391 -0.7332 0.5192
vn -0.1424 0.9617 0.2340
vn -0.6176 0.7324 0.2865
vn -0.6176 -0.7324 0.2865
vn -0.2695 0.9476 0.1713
vn -0.6802 0.7277 0.0883
vn -0.6802 -0.7277 0.0883
vn -0.3502 0.9343 0.0666
vn -0.6802 0.7277 -0.0883
vn -0.6802 -0.7277 -0.0883
vn -0.3502 0.9343 -0.0666
vn -0.6176 0.7324 -0.2865
vn -0.6176 -0.7324 -0.2865
vn -0.2695 0.9476 -0.1713
vn -0.4391 0.7332 -0.5192
vn -0.4391 -0.7332 -0.5192
vn -0.1424 0.9617 -0.2340
vn -0.0846 0.7519 -0.6538
vn -0.0846 -0.7519 -0.6538
vn 0.0691 0.8986 0.4332
vn 0.2745 0.7304 -0.6254
vn 0.2745 -0.7304 -0.6254
vn -0.1670 0.9407 0.2952
vn 0.0887 -0.0000 0.9961
vn -0.3077 -0.0000 0.9515
vn -0.1670 -0.9407 0.2952
vn 0.0691 -0.8986 0.4332
vn 0.5483 -0.0000 0.8363
vn 0.5261 -0.6183 0.5839
vn 0.5261 0.6183 0.5839
vn 0.8665 -0.0000 0.4991
vn 0.7569 -0.5554 0.3444
vn 0.7569 0.5554 0.3444
vn 0.9868 -0.0000 0.1618
vn 0.8449 -0.5230 0.1120
vn 0.8449 0.5230 0.1120
vn 0.9868 -0.0000 -0.1618
vn 0.8449 -0.5230 -0.1120
vn 0.8449 0.5230 -0.1120
vn 0.8665 -0.0000 -0.4991
vn 0.7569 -0.5554 -0.3444
vn 0.7569 0.5554 -0.3444
vn 0.5483 -0.0000 -0.8363
vn 0.5261 -0.6183 -0.5839
vn 0.5261 0.6183 -0.5839
vn 0.0887 -0.0000 -0.9961
vn 0.0691 -0.8986 -0.4332
vn -0.3077 -0.0000 -0.9515
vn -0.1670 -0.9407 -0.2952
vn -0.7387 -0.0000 -0.6740
vn -0.6651 -0.5839 -0.4654
vn -0.6651 0.5839 -0.4654
vn 0.3175 -0.9401 0.1241
vn 0.2097 -0.9553 0.2082
vn 0.3623 -0.9320 -0.0000
vn -0.1424 -0.9617 0.2340
vn -0.2695 -0.9476 0.1713
vn -0.3502 -0.9343 0.0666
vn -0.3502 -0.9343 -0.0666
vn -0.2695 -0.9476 -0.1713
vn -0.1424 -0.9617 -0.2340
vn 0.2097 -0.9553 -0.2082
vn 0.3175 -0.9401 -0.1241
vt 0.916838 0.949794
vt 0.917314 0.951403
vt 0.920279 0.951403
vt 0.920279 0.949794
vt 0.923244 0.951403
vt 0.923720 0.949794
vt 0.920279 0.948185
vt 0.923244 0.948185
vt 0.917314 0.948185
vt 0.942860 0.973750
vt 0.942173 0.975604
vt 0.944201 0.976961
vt 0.945214 0.975324
vt 0.914861 0.948185
vt 0.913992 0.949794
vt 0.948014 0.966674
vt 0.946332 0.965828
vt 0.945277 0.967747
vt 0.947233 0.968095
vt 0.926451 0.947817
vt 0.928324 0.947155
vt 0.926971 0.945433
vt 0.925449 0.946542
vt 0.934030 0.945941
vt 0.933619 0.947475
vt 0.935813 0.947772
vt 0.936224 0.946238
vt 0.937861 0.948612
vt 0.938272 0.947078
vt 0.925293 0.948122
vt 0.923720 0.945572
vt 0.923564 0.947153
vt 0.924636 0.944124
vt 0.921562 0.945077
vt 0.921406 0.946657
vt 0.921723 0.943455
vt 0.919349 0.945141
vt 0.919193 0.946721
vt 0.918734 0.943541
vt 0.923491 0.934917
vt 0.922855 0.933462
vt 0.920956 0.934599
vt 0.921592 0.936054
vt 0.916188 0.944368
vt 0.917464 0.945753
vt 0.918831 0.935222
vt 0.919468 0.936677
vt 0.914524 0.945792
vt 0.916232 0.946807
vt 0.950096 0.977801
vt 0.950096 0.979790
vt 0.951599 0.979790
vt 0.951599 0.977801
vt 0.914030 0.947567
vt 0.915866 0.948122
vt 0.953649 0.979790
vt 0.953649 0.977801
vt 0.957389 0.968095
vt 0.958992 0.967747
vt 0.959447 0.965828
vt 0.957726 0.966674
vt 0.955894 0.979790
vt 0.955894 0.977801
vt 0.958671 0.964157
vt 0.957152 0.965436
vt 0.957945 0.979790
vt 0.957945 0.977801
vt 0.956798 0.963022
vt 0.955764 0.964596
vt 0.959447 0.979790
vt 0.959447 0.977801
vt 0.954151 0.962621
vt 0.953804 0.964299
vt 0.954216 0.965833
vt 0.951611 0.964596
vt 0.952022 0.966130
vt 0.951189 0.963022
vt 0.949562 0.965436
vt 0.949974 0.966970
vt 0.948423 0.964157
vt 0.932070 0.946238
vt 0.931659 0.947772
vt 0.946749 0.937057
vt 0.946062 0.935203
vt 0.943708 0.936777
vt 0.944721 0.938414
vt 0.942621 0.938792
vt 0.943784 0.940150
vt 0.939646 0.972889
vt 0.939403 0.974862
vt 0.936129 0.972889
vt 0.936372 0.974862
vt 0.932915 0.973750
vt 0.933602 0.975604
vt 0.949518 0.936315
vt 0.949275 0.934342
vt 0.930562 0.975324
vt 0.931574 0.976961
vt 0.952550 0.936315
vt 0.952793 0.934342
vt 0.940423 0.930179
vt 0.939506 0.931931
vt 0.941346 0.933534
vt 0.942558 0.932039
vt 0.955319 0.937057
vt 0.956007 0.935203
vt 0.937345 0.928917
vt 0.936853 0.930843
vt 0.957348 0.938414
vt 0.958360 0.936777
vt 0.933856 0.928470
vt 0.933846 0.930458
vt 0.958285 0.940150
vt 0.959447 0.938792
vt 0.930559 0.928917
vt 0.931005 0.930843
vt 0.905135 0.963934
vt 0.904448 0.962080
vt 0.902095 0.963654
vt 0.903107 0.965291
vt 0.928024 0.930179
vt 0.928821 0.931931
vt 0.907905 0.963192
vt 0.907662 0.961219
vt 0.926690 0.932039
vt 0.927671 0.933534
vt 0.910936 0.963192
vt 0.911179 0.961219
vt 0.926565 0.949794
vt 0.925697 0.951403
vt 0.927212 0.951403
vt 0.928324 0.949794
vt 0.913706 0.963934
vt 0.914393 0.962080
vt 0.915734 0.965291
vt 0.916747 0.963654
vt 0.941503 0.947470
vt 0.939821 0.948316
vt 0.940602 0.949737
vt 0.942558 0.949389
vt 0.926627 0.934045
vt 0.924837 0.933461
vt 0.924810 0.936011
vt 0.939412 0.945798
vt 0.922245 0.937547
vt 0.919377 0.938388
vt 0.917486 0.936677
vt 0.916700 0.938388
vt 0.915988 0.936054
vt 0.914678 0.937547
vt 0.915234 0.934917
vt 0.913660 0.936011
vt 0.915355 0.933461
vt 0.913822 0.934045
vt 0.928843 0.949389
vt 0.930446 0.949737
vt 0.930108 0.948316
vt 0.928388 0.947470
vt 0.930683 0.947078
vt 0.929164 0.945798
vt 0.931037 0.944664
vt 0.933684 0.944263
vt 0.936646 0.944664
s 1
usemtl Material.001
f 3053/6371/3012 3049/6374/3015 3050/6373/3014 3054/6372/3013
f 3049/6374/3015 3051/6376/3017 3121/6375/3016 3050/6373/3014
f 3052/6377/3018 3065/6378/3019 3051/6376/3017 3049/6374/3015
f 3056/6379/3020 3052/6377/3018 3049/6374/3015 3053/6371/3012
f 3055/6380/3021 3053/6383/3012 3054/6382/3013 3122/6381/3022
f 3057/6384/3023 3056/6379/3020 3053/6371/3012 3055/6385/3021
f 3059/6386/3024 3058/6389/3027 3056/6388/3026 3057/6387/3025
f 3058/6390/3027 3061/6393/3029 3052/6392/3028 3056/6391/3026
f 3123/6394/3030 3060/6397/3031 3058/6396/3027 3059/6395/3024
f 3060/6397/3031 3062/6399/3032 3061/6398/3029 3058/6396/3027
f 3062/6400/3032 3064/6402/3034 3063/6401/3033 3061/6393/3029
f 3061/6393/3029 3063/6401/3033 3065/6403/3035 3052/6392/3028
f 3064/6402/3034 3067/6405/3037 3066/6404/3036 3063/6401/3033
f 3063/6401/3033 3066/6404/3036 3068/6406/3038 3065/6403/3035
f 3067/6405/3037 3070/6408/3040 3069/6407/3039 3066/6404/3036
f 3066/6404/3036 3069/6407/3039 3071/6409/3041 3068/6406/3038
f 3070/6410/3040 3073/6413/3043 3072/6412/3042 3069/6411/3039
f 3069/6407/3039 3072/6415/3042 3074/6414/3044 3071/6409/3041
f 3073/6413/3043 3076/6417/3046 3075/6416/3045 3072/6412/3042
f 3072/6415/3042 3075/6419/3045 3077/6418/3047 3074/6414/3044
f 3076/6420/3046 3079/6423/3049 3078/6422/3048 3075/6421/3045
f 3075/6419/3045 3078/6425/3048 3080/6424/3050 3077/6418/3047
f 3079/6423/3049 3082/6427/3052 3081/6426/3051 3078/6422/3048
f 3078/6428/3048 3081/6431/3051 3083/6430/3053 3080/6429/3050
f 3082/6427/3052 3085/6433/3055 3084/6432/3054 3081/6426/3051
f 3081/6431/3051 3084/6435/3054 3086/6434/3056 3083/6430/3053
f 3085/6433/3055 3088/6437/3058 3087/6436/3057 3084/6432/3054
f 3084/6435/3054 3087/6439/3057 3089/6438/3059 3086/6434/3056
f 3088/6437/3058 3091/6441/3061 3090/6440/3060 3087/6436/3057
f 3087/6439/3057 3090/6443/3060 3092/6442/3062 3089/6438/3059
f 3091/6444/3061 3094/6446/3064 3093/6445/3063 3090/6443/3060
f 3090/6443/3060 3093/6445/3063 3095/6447/3065 3092/6442/3062
f 3094/6446/3064 3097/6449/3067 3096/6448/3066 3093/6445/3063
f 3093/6445/3063 3096/6448/3066 3098/6450/3068 3095/6447/3065
f 3097/6451/3067 3123/6394/3030 3059/6395/3024 3096/6452/3066
f 3096/6448/3066 3059/6386/3024 3057/6387/3025 3098/6450/3068
f 3095/6453/3065 3098/6456/3068 3099/6455/3070 3101/6454/3069
f 3098/6456/3068 3057/6458/3023 3055/6457/3021 3099/6455/3070
f 3099/6459/3070 3055/6380/3021 3122/6381/3022 3100/6460/3071
f 3101/6461/3069 3099/6459/3070 3100/6460/3071 3102/6462/3072
f 3103/6463/3073 3101/6461/3069 3102/6462/3072 3104/6464/3074
f 3092/6465/3075 3095/6453/3065 3101/6454/3069 3103/6466/3073
f 3105/6467/3076 3103/6463/3073 3104/6464/3074 3106/6468/3077
f 3089/6469/3078 3092/6465/3075 3103/6466/3073 3105/6470/3076
f 3107/6471/3079 3105/6474/3076 3106/6473/3077 3108/6472/3080
f 3086/6475/3081 3089/6469/3078 3105/6470/3076 3107/6476/3079
f 3109/6477/3082 3107/6471/3079 3108/6472/3080 3110/6478/3083
f 3083/6479/3084 3086/6475/3081 3107/6476/3079 3109/6480/3082
f 3111/6481/3085 3109/6477/3082 3110/6478/3083 3112/6482/3086
f 3080/6483/3087 3083/6479/3084 3109/6480/3082 3111/6484/3085
f 3113/6485/3088 3111/6481/3085 3112/6482/3086 3114/6486/3089
f 3077/6487/3090 3080/6490/3087 3111/6489/3085 3113/6488/3088
f 3115/6491/3091 3113/6485/3088 3114/6486/3089 3116/6492/3092
f 3074/6493/3044 3077/6487/3090 3113/6488/3088 3115/6494/3091
f 3117/6495/3093 3115/6491/3091 3116/6492/3092 3118/6496/3094
f 3071/6497/3041 3074/6493/3044 3115/6494/3091 3117/6498/3093
f 3119/6499/3095 3117/6502/3093 3118/6501/3094 3120/6500/3096
f 3068/6503/3097 3071/6497/3041 3117/6498/3093 3119/6504/3095
f 3051/6376/3017 3119/6499/3095 3120/6500/3096 3121/6375/3016
f 3065/6505/3019 3068/6503/3097 3119/6504/3095 3051/6506/3017
f 3121/6507/3098 3120/6510/3099 3067/6509/3037 3064/6508/3034
f 3120/6511/3099 3118/6513/3094 3070/6410/3040 3067/6512/3037
f 3050/6514/3100 3121/6507/3098 3064/6508/3034 3062/6399/3032
f 3118/6513/3094 3116/6515/3092 3073/6413/3043 3070/6410/3040
f 3116/6515/3092 3114/6516/3101 3076/6417/3046 3073/6413/3043
f 3114/6516/3101 3112/6518/3102 3079/6517/3049 3076/6417/3046
f 3112/6518/3102 3110/6520/3103 3082/6519/3052 3079/6517/3049
f 3110/6520/3103 3108/6522/3104 3085/6521/3055 3082/6519/3052
f 3108/6522/3104 3106/6524/3105 3088/6523/3058 3085/6521/3055
f 3106/6525/3105 3104/6528/3106 3091/6527/3061 3088/6526/3058
f 3104/6528/3106 3102/6530/3072 3094/6529/3064 3091/6527/3061
f 3102/6530/3072 3100/6531/3071 3097/6451/3067 3094/6529/3064
f 3100/6531/3071 3122/6532/3107 3123/6394/3030 3097/6451/3067
f 3122/6532/3107 3054/6533/3108 3060/6397/3031 3123/6394/3030
f 3054/6533/3108 3050/6514/3100 3062/6399/3032 3060/6397/3031
o Cube.097
v -33.367374 8.720719 23.852285
v -33.508522 8.720718 24.843975
v -33.592999 9.092272 23.852285
v -33.592999 8.349166 23.852285
v -33.508522 8.720719 22.860598
v -33.907562 8.720719 22.040379
v -33.714638 9.092272 22.997644
v -33.714638 8.349166 22.997644
v -34.048145 8.491087 23.219393
v -34.058533 8.349166 22.290777
v -34.302807 8.491087 22.695932
v -34.565212 8.349166 21.853912
v -34.678024 8.491087 22.372417
v -35.147072 8.349166 21.762581
v -34.495491 8.720719 21.533457
v -35.170654 8.720719 21.427483
v -34.565212 9.092272 21.853912
v -35.147072 9.092272 21.762581
v -34.678024 8.950351 22.372417
v -34.058533 9.092272 22.290777
v -34.302807 8.950351 22.695932
v -34.048145 8.950351 23.219393
v -33.958065 8.950351 23.852285
v -34.048145 8.950351 24.485178
v -33.958065 8.491087 23.852285
v -34.048145 8.491086 24.485178
v -33.714638 8.349166 24.706926
v -34.302807 8.491086 25.008636
v -34.302807 8.950351 25.008636
v -34.058533 8.349166 25.413792
v -34.678024 8.491086 25.332153
v -34.678024 8.950351 25.332153
v -34.565212 8.349166 25.850658
v -35.108913 8.491086 25.399786
v -35.108913 8.950351 25.399786
v -35.147072 8.349165 25.941988
v -35.520969 8.491086 25.199842
v -35.520969 8.950351 25.199842
v -35.703499 8.349165 25.671989
v -35.842941 8.491086 24.766893
v -35.842941 8.950351 24.766893
v -36.138290 8.349165 25.087347
v -36.019165 8.491086 24.175800
v -36.019165 8.950351 24.175802
v -36.376255 8.349166 24.289152
v -36.019165 8.491086 23.528769
v -36.019165 8.950351 23.528769
v -36.376255 8.349166 23.415417
v -35.842941 8.491086 22.937677
v -35.842941 8.950351 22.937677
v -36.138290 8.349166 22.617222
v -35.520969 8.491086 22.504728
v -35.520969 8.950351 22.504728
v -35.703499 8.349166 22.032579
v -35.108913 8.491087 22.304783
v -35.108913 8.950351 22.304783
v -35.816315 8.720718 21.740776
v -36.320820 8.720718 22.419172
v -35.703499 9.092272 22.032579
v -36.138290 9.092272 22.617222
v -36.376255 9.092271 23.415417
v -36.596947 8.720718 23.345364
v -36.376255 9.092271 24.289152
v -36.596947 8.720718 24.359207
v -36.138290 9.092271 25.087349
v -36.320820 8.720718 25.285398
v -35.703499 9.092271 25.671991
v -35.816315 8.720718 25.963795
v -35.147072 9.092271 25.941988
v -35.170654 8.720718 26.277088
v -34.565212 9.092271 25.850658
v -34.495491 8.720718 26.171114
v -34.058533 9.092272 25.413792
v -33.907562 8.720718 25.664190
v -33.714638 9.092272 24.706926
vn 0.8548 -0.5190 -0.0000
vn 0.8140 -0.5350 0.2263
vn 0.9449 -0.0000 0.3274
vn 1.0000 -0.0000 -0.0000
vn 0.8140 0.5350 0.2263
vn 0.8548 0.5190 -0.0000
vn 0.9449 -0.0000 -0.3274
vn 0.8140 0.5350 -0.2263
vn 0.8140 -0.5350 -0.2263
vn 0.6651 -0.5839 -0.4654
vn 0.7387 -0.0000 -0.6740
vn 0.6651 0.5839 -0.4654
vn -0.6593 -0.7292 0.1833
vn -0.6860 -0.7276 -0.0000
vn -0.3623 -0.9320 -0.0000
vn -0.3175 -0.9401 0.1241
vn -0.5482 -0.7352 0.3987
vn -0.2097 -0.9553 0.2082
vn -0.2745 -0.7304 0.6254
vn 0.1670 -0.9407 -0.2952
vn 0.3077 -0.0000 -0.9515
vn 0.0846 -0.7519 0.6538
vn -0.0691 -0.8986 -0.4332
vn -0.0887 -0.0000 -0.9961
vn 0.1670 0.9407 -0.2952
vn -0.0691 0.8986 -0.4332
vn -0.2745 0.7304 0.6254
vn 0.0846 0.7519 0.6538
vn -0.2097 0.9553 0.2082
vn -0.5482 0.7352 0.3987
vn -0.3175 0.9401 0.1241
vn -0.6593 0.7292 0.1833
vn -0.3623 0.9320 -0.0000
vn -0.6860 0.7276 -0.0000
vn -0.6593 0.7292 -0.1833
vn -0.6593 -0.7292 -0.1833
vn -0.3175 0.9401 -0.1241
vn -0.3175 -0.9401 -0.1241
vn -0.5482 0.7352 -0.3987
vn -0.5482 -0.7352 -0.3987
vn -0.2097 -0.9553 -0.2082
vn -0.2745 0.7304 -0.6254
vn -0.2745 -0.7304 -0.6254
vn 0.1670 -0.9407 0.2952
vn 0.0846 0.7519 -0.6538
vn 0.0846 -0.7519 -0.6538
vn -0.0691 -0.8986 0.4332
vn 0.4391 0.7332 -0.5192
vn 0.4391 -0.7332 -0.5192
vn 0.1424 -0.9617 -0.2340
vn 0.6176 0.7324 -0.2865
vn 0.6176 -0.7324 -0.2865
vn 0.2695 -0.9476 -0.1713
vn 0.6802 0.7277 -0.0883
vn 0.6802 -0.7277 -0.0883
vn 0.3502 -0.9343 -0.0666
vn 0.6802 0.7277 0.0883
vn 0.6802 -0.7277 0.0883
vn 0.3502 -0.9343 0.0666
vn 0.6176 0.7324 0.2865
vn 0.6176 -0.7324 0.2865
vn 0.2695 -0.9476 0.1713
vn 0.4391 0.7332 0.5192
vn 0.4391 -0.7332 0.5192
vn 0.1424 -0.9617 0.2340
vn 0.1424 0.9617 0.2340
vn -0.7569 -0.5554 -0.3444
vn -0.5261 -0.6183 -0.5839
vn -0.5483 -0.0000 -0.8363
vn -0.8665 -0.0000 -0.4991
vn -0.5261 0.6183 -0.5839
vn -0.7569 0.5554 -0.3444
vn 0.2695 0.9476 0.1713
vn -0.9868 -0.0000 -0.1618
vn -0.8449 0.5230 -0.1120
vn 0.3502 0.9343 0.0666
vn -0.9868 -0.0000 0.1618
vn -0.8449 0.5230 0.1120
vn 0.3502 0.9343 -0.0666
vn -0.8665 -0.0000 0.4991
vn -0.7569 0.5554 0.3444
vn 0.2695 0.9476 -0.1713
vn -0.5483 -0.0000 0.8363
vn -0.5261 0.6183 0.5839
vn 0.1424 0.9617 -0.2340
vn -0.0887 -0.0000 0.9961
vn -0.0691 0.8986 0.4332
vn 0.3077 -0.0000 0.9515
vn 0.1670 0.9407 0.2952
vn 0.7387 -0.0000 0.6740
vn 0.6651 0.5839 0.4654
vn -0.2097 0.9553 -0.2082
vn 0.6651 -0.5839 0.4654
vn -0.5261 -0.6183 0.5839
vn -0.7569 -0.5554 0.3444
vn -0.8449 -0.5230 0.1120
vn -0.8449 -0.5230 -0.1120
vt 0.908454 0.968159
vt 0.911420 0.968159
vt 0.911895 0.969768
vt 0.908454 0.969768
vt 0.911420 0.971377
vt 0.908454 0.971377
vt 0.905014 0.969768
vt 0.905489 0.971377
vt 0.905489 0.968159
vt 0.903037 0.968159
vt 0.902168 0.969768
vt 0.928145 0.977886
vt 0.930498 0.979460
vt 0.929486 0.981096
vt 0.927457 0.979740
vt 0.926451 0.943087
vt 0.925449 0.941812
vt 0.926971 0.940703
vt 0.928324 0.942425
vt 0.919547 0.961136
vt 0.918766 0.962558
vt 0.916810 0.962209
vt 0.917865 0.960290
vt 0.921095 0.959899
vt 0.919956 0.958619
vt 0.944721 0.944285
vt 0.943784 0.946021
vt 0.942621 0.944663
vt 0.943708 0.942649
vt 0.923144 0.959059
vt 0.922722 0.957484
vt 0.946749 0.942929
vt 0.946062 0.941075
vt 0.921413 0.977024
vt 0.924931 0.977024
vt 0.924688 0.978997
vt 0.921656 0.978997
vt 0.929164 0.940260
vt 0.931037 0.939126
vt 0.932070 0.940700
vt 0.930683 0.941540
vt 0.933684 0.938725
vt 0.934030 0.940403
vt 0.936646 0.939126
vt 0.936224 0.940700
vt 0.933619 0.941937
vt 0.931659 0.942234
vt 0.935813 0.942234
vt 0.939412 0.940260
vt 0.938272 0.941540
vt 0.937861 0.943074
vt 0.925293 0.943392
vt 0.923564 0.942423
vt 0.923720 0.940842
vt 0.941503 0.941932
vt 0.939821 0.942778
vt 0.924636 0.939394
vt 0.921406 0.941927
vt 0.921562 0.940347
vt 0.921723 0.938725
vt 0.919193 0.941991
vt 0.919349 0.940410
vt 0.918734 0.938811
vt 0.924450 0.953412
vt 0.922551 0.954549
vt 0.921914 0.953094
vt 0.923814 0.951957
vt 0.917464 0.941023
vt 0.916188 0.939638
vt 0.920427 0.955172
vt 0.919790 0.953717
vt 0.916232 0.942077
vt 0.914524 0.941062
vt 0.950096 0.975749
vt 0.951599 0.975749
vt 0.951599 0.977737
vt 0.950096 0.977737
vt 0.915866 0.943392
vt 0.914030 0.942837
vt 0.953649 0.975749
vt 0.953649 0.977737
vt 0.928922 0.962558
vt 0.929259 0.961136
vt 0.930980 0.960290
vt 0.930525 0.962209
vt 0.955894 0.975749
vt 0.955894 0.977737
vt 0.928685 0.959899
vt 0.930204 0.958619
vt 0.957945 0.975749
vt 0.957945 0.977737
vt 0.927297 0.959059
vt 0.928331 0.957484
vt 0.959447 0.975749
vt 0.959447 0.977737
vt 0.925337 0.958761
vt 0.925684 0.957083
vt 0.925749 0.960295
vt 0.923555 0.960592
vt 0.921507 0.961432
vt 0.928388 0.941932
vt 0.930108 0.942778
vt 0.952550 0.942186
vt 0.949518 0.942186
vt 0.949275 0.940213
vt 0.952793 0.940213
vt 0.915846 0.979460
vt 0.918200 0.977886
vt 0.918887 0.979740
vt 0.916859 0.981096
vt 0.928843 0.943851
vt 0.930446 0.944199
vt 0.941382 0.953665
vt 0.943516 0.955525
vt 0.942304 0.957020
vt 0.940465 0.955417
vt 0.914618 0.954506
vt 0.914781 0.952540
vt 0.916313 0.951956
vt 0.916193 0.953412
vt 0.938303 0.952402
vt 0.937812 0.954329
vt 0.915636 0.956042
vt 0.916947 0.954549
vt 0.934814 0.951956
vt 0.934805 0.953944
vt 0.917658 0.956883
vt 0.918444 0.955172
vt 0.931517 0.952402
vt 0.931964 0.954329
vt 0.920335 0.956883
vt 0.928983 0.953665
vt 0.929779 0.955417
vt 0.923204 0.956042
vt 0.927649 0.955525
vt 0.928630 0.957020
vt 0.925769 0.954506
vt 0.914741 0.969768
vt 0.916500 0.969768
vt 0.915388 0.971377
vt 0.913872 0.971377
vt 0.927586 0.952540
vt 0.925796 0.951956
vt 0.942558 0.943851
vt 0.940602 0.944199
vt 0.929486 0.985232
vt 0.927457 0.983875
vt 0.928145 0.982021
vt 0.930498 0.983595
vt 0.924688 0.983133
vt 0.924931 0.981160
vt 0.921656 0.983133
vt 0.921413 0.981160
vt 0.918887 0.983875
vt 0.918200 0.982021
vt 0.916859 0.985232
vt 0.915846 0.983595
vt 0.958285 0.946021
vt 0.957348 0.944285
vt 0.958360 0.942649
vt 0.959447 0.944663
vt 0.955319 0.942929
vt 0.956007 0.941075
s 1
usemtl Material.001
f 3127/6534/3109 3124/6537/3112 3125/6536/3111 3150/6535/3110
f 3124/6537/3112 3126/6539/3114 3198/6538/3113 3125/6536/3111
f 3128/6540/3115 3130/6541/3116 3126/6539/3114 3124/6537/3112
f 3131/6542/3117 3128/6540/3115 3124/6537/3112 3127/6534/3109
f 3133/6543/3118 3129/6544/3119 3128/6540/3115 3131/6542/3117
f 3129/6545/3119 3143/6548/3120 3130/6547/3116 3128/6546/3115
f 3132/6549/3121 3131/6552/3124 3127/6551/3123 3148/6550/3122
f 3134/6553/3125 3133/6556/3126 3131/6555/3124 3132/6554/3121
f 3136/6557/3127 3135/6558/3128 3133/6556/3126 3134/6553/3125
f 3135/6559/3128 3138/6562/3129 3129/6561/3119 3133/6560/3118
f 3178/6563/3130 3137/6564/3131 3135/6558/3128 3136/6557/3127
f 3137/6565/3131 3139/6566/3132 3138/6562/3129 3135/6559/3128
f 3139/6567/3132 3141/6570/3134 3140/6569/3133 3138/6568/3129
f 3138/6568/3129 3140/6569/3133 3143/6548/3120 3129/6545/3119
f 3141/6571/3134 3179/6574/3136 3142/6573/3135 3140/6572/3133
f 3140/6572/3133 3142/6573/3135 3144/6576/3138 3143/6575/3137
f 3143/6575/3137 3144/6576/3138 3145/6578/3140 3130/6577/3139
f 3142/6573/3135 3136/6580/3127 3134/6579/3125 3144/6576/3138
f 3144/6576/3138 3134/6579/3125 3132/6581/3121 3145/6578/3140
f 3130/6577/3139 3145/6578/3140 3146/6583/3142 3126/6582/3141
f 3145/6578/3140 3132/6581/3121 3148/6584/3122 3146/6583/3142
f 3146/6585/3142 3148/6550/3122 3149/6587/3144 3147/6586/3143
f 3126/6582/3141 3146/6583/3142 3147/6589/3143 3198/6588/3145
f 3148/6550/3122 3127/6551/3123 3150/6590/3146 3149/6587/3144
f 3147/6586/3143 3149/6587/3144 3151/6592/3148 3152/6591/3147
f 3149/6587/3144 3150/6590/3146 3153/6593/3149 3151/6592/3148
f 3152/6591/3147 3151/6592/3148 3154/6595/3151 3155/6594/3150
f 3151/6592/3148 3153/6593/3149 3156/6596/3152 3154/6595/3151
f 3155/6597/3150 3154/6600/3151 3157/6599/3154 3158/6598/3153
f 3154/6595/3151 3156/6596/3152 3159/6602/3155 3157/6601/3154
f 3158/6598/3153 3157/6599/3154 3160/6604/3157 3161/6603/3156
f 3157/6601/3154 3159/6602/3155 3162/6606/3158 3160/6605/3157
f 3161/6607/3156 3160/6610/3157 3163/6609/3160 3164/6608/3159
f 3160/6605/3157 3162/6606/3158 3165/6612/3161 3163/6611/3160
f 3164/6608/3159 3163/6609/3160 3166/6614/3163 3167/6613/3162
f 3163/6615/3160 3165/6618/3161 3168/6617/3164 3166/6616/3163
f 3167/6613/3162 3166/6614/3163 3169/6620/3166 3170/6619/3165
f 3166/6616/3163 3168/6617/3164 3171/6622/3167 3169/6621/3166
f 3170/6619/3165 3169/6620/3166 3172/6624/3169 3173/6623/3168
f 3169/6621/3166 3171/6622/3167 3174/6626/3170 3172/6625/3169
f 3173/6623/3168 3172/6624/3169 3175/6628/3172 3176/6627/3171
f 3172/6625/3169 3174/6626/3170 3177/6630/3173 3175/6629/3172
f 3176/6631/3171 3175/6629/3172 3178/6563/3130 3179/6632/3136
f 3175/6629/3172 3177/6630/3173 3137/6564/3131 3178/6563/3130
f 3179/6632/3136 3178/6563/3130 3136/6557/3127 3142/6633/3135
f 3182/6634/3174 3176/6635/3171 3179/6574/3136 3141/6571/3134
f 3174/6636/3175 3181/6639/3178 3180/6638/3177 3177/6637/3176
f 3177/6637/3176 3180/6638/3177 3139/6566/3132 3137/6565/3131
f 3181/6640/3178 3183/6643/3180 3182/6642/3179 3180/6641/3177
f 3180/6641/3177 3182/6642/3179 3141/6570/3134 3139/6567/3132
f 3183/6644/3181 3173/6645/3168 3176/6635/3171 3182/6634/3174
f 3185/6646/3182 3184/6649/3183 3183/6648/3180 3181/6647/3178
f 3184/6650/3184 3170/6653/3165 3173/6652/3168 3183/6651/3181
f 3187/6654/3185 3186/6655/3186 3184/6649/3183 3185/6646/3182
f 3186/6656/3187 3167/6657/3162 3170/6653/3165 3184/6650/3184
f 3189/6658/3188 3188/6659/3189 3186/6655/3186 3187/6654/3185
f 3188/6660/3190 3164/6661/3159 3167/6657/3162 3186/6656/3187
f 3191/6662/3191 3190/6663/3192 3188/6659/3189 3189/6658/3188
f 3190/6664/3193 3161/6603/3156 3164/6661/3159 3188/6660/3190
f 3193/6665/3194 3192/6666/3195 3190/6663/3192 3191/6662/3191
f 3192/6667/3195 3158/6598/3153 3161/6603/3156 3190/6664/3193
f 3195/6668/3196 3194/6669/3197 3192/6666/3195 3193/6665/3194
f 3194/6670/3197 3155/6597/3150 3158/6598/3153 3192/6667/3195
f 3197/6671/3198 3196/6674/3199 3194/6673/3197 3195/6672/3196
f 3196/6675/3200 3152/6676/3147 3155/6597/3150 3194/6670/3197
f 3125/6536/3111 3198/6538/3113 3196/6674/3199 3197/6671/3198
f 3198/6588/3145 3147/6589/3143 3152/6678/3147 3196/6677/3200
f 3150/6679/3110 3125/6682/3111 3197/6681/3198 3153/6680/3201
f 3153/6680/3201 3197/6681/3198 3195/6684/3196 3156/6683/3152
f 3156/6683/3152 3195/6684/3196 3193/6686/3194 3159/6685/3155
f 3159/6685/3155 3193/6686/3194 3191/6688/3191 3162/6687/3202
f 3162/6687/3202 3191/6688/3191 3189/6690/3188 3165/6689/3203
f 3165/6691/3203 3189/6694/3188 3187/6693/3185 3168/6692/3204
f 3168/6692/3204 3187/6693/3185 3185/6696/3182 3171/6695/3205
f 3171/6695/3205 3185/6696/3182 3181/6639/3178 3174/6636/3175
o Cube.003
v -39.999996 -1.999996 -110.725601
v -40.000004 34.000008 -110.725594
v -37.000000 -1.999996 -110.725601
v -40.000000 9.800003 -92.468750
v -39.999996 -2.000000 -80.017296
v -40.000000 9.800001 -82.068748
v -40.000004 34.000000 -80.017288
v -39.999996 -2.000004 -64.706734
v -36.999996 -2.000000 -80.017296
v -36.999996 -2.000004 -64.706734
v -37.000000 34.000000 -80.017288
v -37.000000 9.800001 -82.068748
v -37.000000 24.100002 -82.068748
v -35.778206 9.800001 -82.068748
v -37.000000 9.800003 -92.468750
v -35.778210 9.800003 -92.468750
v -37.000004 24.100004 -92.468750
v -37.000004 34.000008 -110.725594
v -35.778214 24.100006 -92.468750
v -35.778210 24.100002 -82.068748
v -35.778210 22.778978 -91.147720
v -35.778210 11.121028 -91.147728
v -37.000000 22.778978 -91.147720
v -35.778210 22.778978 -83.389771
v -35.778206 11.121027 -83.389778
v -37.000000 22.778976 -83.389771
v -37.000000 11.121027 -83.389778
v -40.000000 22.778976 -83.389771
v -40.000000 22.778978 -91.147720
v -40.978210 22.778976 -83.389771
v -40.000000 11.121026 -83.389778
v -40.000000 11.121027 -91.147728
v -40.978207 11.121026 -83.389778
v -40.978210 11.121027 -91.147728
v -40.978207 9.800001 -82.068748
v -40.978210 24.100002 -82.068748
v -40.978210 9.800003 -92.468750
v -40.978210 24.100004 -92.468750
v -40.000000 24.100004 -92.468750
v -40.978210 22.778978 -91.147720
v -40.000000 24.100002 -82.068748
v -37.000000 11.121028 -91.147728
v -37.000000 34.000000 -64.706726
v -37.000000 24.100002 -77.468750
v -37.000000 24.100000 -67.068748
v -37.000000 9.800001 -77.468750
v -35.778210 24.100002 -77.468750
v -35.778206 9.800001 -77.468750
v -35.778210 24.100000 -67.068748
v -35.778210 22.778976 -76.147720
v -35.778206 11.121025 -76.147720
v -37.000000 22.778976 -76.147720
v -35.778210 22.778976 -68.389771
v -35.778206 11.121025 -68.389771
v -37.000000 22.778975 -68.389771
v -37.000000 11.121024 -68.389771
v -40.000000 22.778975 -68.389771
v -40.000000 22.778976 -76.147720
v -40.978210 22.778975 -68.389771
v -40.000000 11.121023 -68.389771
v -40.978207 11.121023 -68.389771
v -40.000000 11.121025 -76.147720
v -40.978207 11.121025 -76.147720
v -37.000000 11.121025 -76.147720
v -40.000000 9.800000 -77.468750
v -40.000000 9.799999 -67.068748
v -40.000000 24.100002 -77.468750
v -40.978207 9.800000 -77.468750
v -40.978210 24.100002 -77.468750
v -40.978207 9.799998 -67.068748
v -40.978210 24.100000 -67.068748
v -40.000000 24.100000 -67.068748
v -40.000000 34.000000 -64.706726
v -40.000000 33.999992 -35.148766
v -40.000000 24.099998 -62.468750
v -40.000000 24.099998 -52.068748
v -39.999996 9.799997 -62.468750
v -40.978210 24.099998 -62.468750
v -40.978207 9.799997 -62.468750
v -40.978210 24.099998 -52.068748
v -40.978210 22.778973 -61.147724
v -40.978207 11.121022 -61.147728
v -40.000000 22.778973 -61.147724
v -40.978210 22.778973 -53.389771
v -40.978207 11.121021 -53.389774
v -40.000000 22.778973 -53.389771
v -37.000000 22.778973 -53.389771
v -39.999996 11.121021 -53.389774
v -37.000000 11.121021 -53.389774
v -39.999996 11.121023 -61.147728
v -37.000000 11.121023 -61.147728
v -37.000000 22.778975 -61.147724
v -35.778206 11.121023 -61.147728
v -35.778210 22.778975 -61.147724
v -35.778206 11.121021 -53.389774
v -35.778206 9.799998 -62.468750
v -35.778210 24.100000 -62.468750
v -37.000000 9.799998 -62.468750
v -35.778206 9.799997 -52.068752
v -35.778206 24.099998 -52.068748
v -37.000000 9.799997 -52.068752
v -36.999992 -2.000008 -35.148773
v -37.000000 24.099998 -52.068748
v -37.000000 24.100000 -62.468750
v -37.000000 33.999992 -35.148766
v -39.999996 -2.000008 -35.148773
v -39.999996 9.799996 -52.068752
v -40.978207 9.799995 -52.068752
v -35.778206 22.778973 -53.389771
v -40.978210 22.778976 -76.147720
v -35.778206 9.799999 -67.068748
v -37.000000 9.799999 -67.068748
vn 1.0000 -0.0000 -0.0000
vn -0.0000 -0.0000 1.0000
vn -0.0000 1.0000 -0.0000
vn -1.0000 -0.0000 -0.0000
vn -0.0000 -0.0000 -1.0000
vn -0.0000 -1.0000 -0.0000
vn -0.4030 0.9152 -0.0000
vt 0.055941 0.097179
vt 0.000273 0.000674
vt 0.202696 0.000674
vt 0.136347 0.097179
vt 0.912604 0.001112
vt 0.912604 0.203535
vt 0.895736 0.203535
vt 0.895736 0.001112
vt 0.873826 0.656431
vt 0.873826 0.483763
vt 0.890694 0.483763
vt 0.890694 0.656431
vt 0.202696 0.167190
vt 0.136347 0.155658
vt 0.000273 0.167190
vt 0.055941 0.155658
vt 0.136347 0.181522
vt 0.055941 0.181522
vt 0.202696 0.253280
vt 0.136347 0.240001
vt 0.873826 0.397675
vt 0.890694 0.397675
vt 0.136997 0.180593
vt 0.203346 0.167313
vt 0.203346 0.253401
vt 0.000923 0.253401
vt 0.056591 0.239071
vt 0.136997 0.239071
vt 0.136997 0.264936
vt 0.056591 0.264936
vt 0.203346 0.426069
vt 0.136997 0.323414
vt 0.299601 0.845083
vt 0.306471 0.845083
vt 0.306471 0.925489
vt 0.299601 0.925489
vt 0.321920 0.900862
vt 0.328790 0.900862
vt 0.328790 0.959339
vt 0.321920 0.959339
vt 0.112513 0.930925
vt 0.112513 0.850519
vt 0.119383 0.850519
vt 0.119383 0.930925
vt 0.000923 0.426069
vt 0.056591 0.323414
vt 0.349197 0.900862
vt 0.356066 0.900862
vt 0.356066 0.959339
vt 0.349197 0.959339
vt 0.493652 0.830394
vt 0.493652 0.764843
vt 0.501080 0.757415
vt 0.501080 0.837821
vt 0.450029 0.830394
vt 0.442602 0.837821
vt 0.637420 0.837958
vt 0.644290 0.837958
vt 0.644290 0.903509
vt 0.637420 0.903509
vt 0.778855 0.887001
vt 0.778855 0.930622
vt 0.771985 0.930622
vt 0.771985 0.887001
vt 0.450029 0.764843
vt 0.442602 0.757415
vt 0.449472 0.905596
vt 0.442602 0.905596
vt 0.442602 0.840045
vt 0.449472 0.840045
vt 0.755116 0.930622
vt 0.755116 0.887001
vt 0.466340 0.840045
vt 0.466340 0.905596
vt 0.749616 0.930622
vt 0.749616 0.887001
vt 0.471841 0.840045
vt 0.471841 0.905596
vt 0.529260 0.932110
vt 0.512395 0.932110
vt 0.512395 0.888489
vt 0.529260 0.888489
vt 0.534759 0.888489
vt 0.534759 0.932110
vt 0.666101 0.705227
vt 0.622478 0.705227
vt 0.615051 0.697799
vt 0.673529 0.697799
vt 0.666101 0.770778
vt 0.673529 0.778206
vt 0.402623 0.930925
vt 0.402623 0.850519
vt 0.408123 0.850519
vt 0.408123 0.930925
vt 0.781079 0.945478
vt 0.781079 0.887001
vt 0.786579 0.887001
vt 0.786579 0.945478
vt 0.622478 0.770778
vt 0.615051 0.778206
vt 0.408123 0.767888
vt 0.408123 0.848294
vt 0.402622 0.848294
vt 0.402622 0.767888
vt 0.198969 0.960173
vt 0.193470 0.960173
vt 0.193470 0.901695
vt 0.198969 0.901695
vt 0.615051 0.903509
vt 0.615051 0.837958
vt 0.620552 0.837958
vt 0.620552 0.903509
vt 0.505527 0.932110
vt 0.505527 0.888489
vt 0.909782 0.483763
vt 0.909782 0.656431
vt 0.892918 0.656431
vt 0.892918 0.483763
vt 0.909782 0.397675
vt 0.892918 0.397675
vt 0.000923 0.167313
vt 0.056591 0.180593
vt 0.340105 0.900862
vt 0.346974 0.900862
vt 0.346974 0.959340
vt 0.340105 0.959340
vt 0.297378 0.925489
vt 0.290508 0.925489
vt 0.290508 0.845083
vt 0.297378 0.845083
vt 0.554353 0.830394
vt 0.554353 0.764843
vt 0.561781 0.757415
vt 0.561781 0.837822
vt 0.510731 0.830394
vt 0.503303 0.837821
vt 0.332156 0.833088
vt 0.339026 0.833088
vt 0.339026 0.898639
vt 0.332156 0.898639
vt 0.747393 0.887002
vt 0.747393 0.930624
vt 0.740523 0.930624
vt 0.740523 0.887002
vt 0.510731 0.764843
vt 0.503303 0.757415
vt 0.474064 0.905596
vt 0.474064 0.840045
vt 0.480934 0.840045
vt 0.480934 0.905596
vt 0.723654 0.930624
vt 0.723654 0.887002
vt 0.497803 0.840045
vt 0.497803 0.905596
vt 0.718154 0.930624
vt 0.718154 0.887002
vt 0.503303 0.840045
vt 0.503303 0.905596
vt 0.185747 0.852511
vt 0.191246 0.852511
vt 0.191246 0.896132
vt 0.185747 0.896132
vt 0.168882 0.896132
vt 0.168882 0.852511
vt 0.309787 0.898639
vt 0.309787 0.833088
vt 0.315288 0.833088
vt 0.315288 0.898639
vt 0.185906 0.845083
vt 0.185906 0.903561
vt 0.162014 0.896132
vt 0.162014 0.852511
vt 0.555293 0.899603
vt 0.555293 0.841125
vt 0.560793 0.841125
vt 0.560793 0.899603
vt 0.890694 0.863301
vt 0.890694 0.943707
vt 0.885194 0.943707
vt 0.885194 0.863301
vt 0.069242 0.775316
vt 0.069242 0.840867
vt 0.061813 0.848295
vt 0.061813 0.767888
vt 0.112863 0.775316
vt 0.120291 0.767888
vt 0.112863 0.840867
vt 0.120291 0.848295
vt 0.844925 0.943505
vt 0.844925 0.863099
vt 0.850425 0.863099
vt 0.850425 0.943505
vt 0.201192 0.901694
vt 0.206692 0.901694
vt 0.206692 0.960172
vt 0.201192 0.960172
vt 0.000273 0.253280
vt 0.055941 0.240001
vt 0.909782 0.231474
vt 0.892918 0.231474
vt 0.055941 0.324344
vt 0.000273 0.425586
vt 0.055941 0.265865
vt 0.136347 0.265865
vt 0.214414 0.960172
vt 0.208915 0.960172
vt 0.208915 0.901694
vt 0.214414 0.901694
vt 0.605724 0.884949
vt 0.605724 0.965355
vt 0.600224 0.965355
vt 0.600224 0.884949
vt 0.796497 0.705267
vt 0.796497 0.770818
vt 0.789069 0.778245
vt 0.789069 0.697839
vt 0.840119 0.770818
vt 0.847547 0.778246
vt 0.341249 0.898639
vt 0.341249 0.833088
vt 0.346750 0.833088
vt 0.346750 0.898639
vt 0.081051 0.894140
vt 0.081051 0.850518
vt 0.086552 0.850518
vt 0.086552 0.894140
vt 0.818308 0.837998
vt 0.818308 0.903549
vt 0.812807 0.903549
vt 0.812807 0.837998
vt 0.840119 0.705267
vt 0.847547 0.697839
vt 0.795939 0.837998
vt 0.795939 0.903549
vt 0.103420 0.850518
vt 0.103420 0.894140
vt 0.698210 0.888459
vt 0.698210 0.932081
vt 0.681345 0.932081
vt 0.681345 0.888459
vt 0.675846 0.932081
vt 0.675846 0.888459
vt 0.363618 0.833088
vt 0.363618 0.898639
vt 0.370488 0.833088
vt 0.370488 0.898639
vt 0.705078 0.888459
vt 0.705078 0.932081
vt 0.052161 0.840867
vt 0.052161 0.775316
vt 0.059589 0.767888
vt 0.059589 0.848295
vt 0.008540 0.775316
vt 0.001112 0.767888
vt 0.646514 0.918365
vt 0.646514 0.837958
vt 0.653384 0.837958
vt 0.653384 0.918365
vt 0.707302 0.946936
vt 0.707302 0.888458
vt 0.714172 0.888458
vt 0.714172 0.946936
vt 0.008540 0.840867
vt 0.001112 0.848295
vt 0.851795 0.780469
vt 0.851795 0.860875
vt 0.844925 0.860875
vt 0.844925 0.780469
vt 0.056591 0.096251
vt 0.000923 0.001112
vt 0.203346 0.001112
vt 0.136997 0.096251
vt 0.136997 0.154728
vt 0.337882 0.959340
vt 0.331013 0.959340
vt 0.331013 0.900862
vt 0.337882 0.900862
vt 0.056591 0.154728
vt 0.609369 0.680302
vt 0.609369 0.882725
vt 0.592500 0.882725
vt 0.592500 0.680302
vt 0.873826 0.231474
vt 0.890694 0.231474
vt 0.136347 0.324344
vt 0.202696 0.425586
vt 0.358290 0.959340
vt 0.358290 0.900862
vt 0.363790 0.900862
vt 0.363790 0.959340
vt 0.592500 0.965355
vt 0.592500 0.884949
vt 0.598001 0.884949
vt 0.598001 0.965355
vt 0.110290 0.850518
vt 0.110290 0.894140
vt 0.789069 0.903549
vt 0.789069 0.837998
vt 0.827401 0.837998
vt 0.827401 0.918405
vt 0.820531 0.918405
vt 0.820531 0.837998
vt 0.156938 0.893526
vt 0.156938 0.952003
vt 0.150068 0.952003
vt 0.150068 0.893526
s 1
usemtl Material.002
f 3237/6697/3206 3202/6700/3206 3199/6699/3206 3200/6698/3206
f 3199/6701/3207 3201/6704/3207 3216/6703/3207 3200/6702/3207
f 3201/6705/3208 3199/6708/3208 3203/6707/3208 3207/6706/3208
f 3202/6700/3206 3204/6710/3206 3203/6709/3206 3199/6699/3206
f 3204/6710/3206 3239/6712/3206 3205/6711/3206 3203/6709/3206
f 3263/6713/3206 3264/6716/3206 3206/6715/3206 3203/6709/3206 3205/6711/3206 3265/6714/3206
f 3207/6706/3208 3203/6707/3208 3206/6718/3208 3208/6717/3208
f 3310/6719/3209 3244/6724/3209 3242/6723/3209 3209/6722/3209 3207/6721/3209 3208/6720/3209
f 3209/6722/3209 3211/6726/3209 3210/6725/3209 3207/6721/3209
f 3207/6721/3209 3210/6725/3209 3213/6728/3209 3201/6727/3209
f 3210/6729/3210 3211/6732/3210 3218/6731/3210 3212/6730/3210
f 3213/6733/3208 3210/6736/3208 3212/6735/3208 3214/6734/3208
f 3217/6737/3207 3215/6740/3207 3213/6739/3207 3214/6738/3207
f 3201/6727/3209 3213/6728/3209 3215/6742/3209 3216/6741/3209
f 3211/6743/3211 3215/6746/3211 3217/6745/3211 3218/6744/3211
f 3216/6741/3209 3215/6742/3209 3211/6726/3209 3209/6722/3209
f 3219/6747/3209 3217/6750/3209 3214/6749/3209 3220/6748/3209
f 3222/6751/3209 3218/6752/3209 3217/6750/3209 3219/6747/3209
f 3240/6753/3210 3221/6756/3210 3219/6755/3210 3220/6754/3210
f 3219/6757/3208 3221/6760/3208 3224/6759/3208 3222/6758/3208
f 3223/6761/3209 3212/6762/3209 3218/6752/3209 3222/6751/3209
f 3224/6763/3207 3225/6766/3207 3223/6765/3207 3222/6764/3207
f 3226/6767/3208 3224/6759/3208 3221/6760/3208 3227/6768/3208
f 3224/6763/3207 3226/6770/3207 3229/6769/3207 3225/6766/3207
f 3228/6771/3208 3226/6767/3208 3227/6768/3208 3238/6772/3208
f 3231/6773/3207 3229/6769/3207 3226/6770/3207 3228/6774/3207
f 3229/6775/3211 3230/6778/3211 3240/6777/3211 3225/6776/3211
f 3230/6778/3211 3229/6775/3211 3231/6780/3211 3232/6779/3211
f 3231/6781/3206 3233/6784/3206 3235/6783/3206 3232/6782/3206
f 3228/6785/3206 3234/6786/3206 3233/6784/3206 3231/6781/3206
f 3234/6787/3210 3239/6790/3210 3204/6789/3210 3233/6788/3210
f 3233/6791/3208 3204/6794/3208 3202/6793/3208 3235/6792/3208
f 3232/6782/3206 3235/6783/3206 3236/6796/3206 3238/6795/3206
f 3235/6797/3207 3202/6800/3207 3237/6799/3207 3236/6798/3207
f 3237/6801/3211 3239/6804/3211 3234/6803/3211 3236/6802/3211
f 3238/6795/3206 3236/6796/3206 3234/6786/3206 3228/6785/3206
f 3238/6805/3210 3227/6808/3210 3230/6807/3210 3232/6806/3210
f 3239/6712/3206 3237/6697/3206 3200/6698/3206 3205/6711/3206
f 3230/6807/3210 3227/6808/3210 3221/6756/3210 3240/6753/3210
f 3225/6776/3211 3240/6777/3211 3220/6810/3211 3223/6809/3211
f 3220/6748/3209 3214/6749/3209 3212/6762/3209 3223/6761/3209
f 3209/6811/3211 3205/6814/3211 3200/6813/3211 3216/6812/3211
f 3241/6815/3211 3271/6816/3211 3205/6814/3211 3209/6811/3211
f 3209/6722/3209 3242/6723/3209 3243/6818/3209 3241/6817/3209
f 3243/6819/3211 3242/6822/3211 3245/6821/3211 3247/6820/3211
f 3242/6823/3207 3244/6826/3207 3246/6825/3207 3245/6824/3207
f 3248/6827/3209 3245/6830/3209 3246/6829/3209 3249/6828/3209
f 3251/6831/3209 3247/6832/3209 3245/6830/3209 3248/6827/3209
f 3262/6833/3210 3250/6836/3210 3248/6835/3210 3249/6834/3210
f 3248/6837/3208 3250/6840/3208 3253/6839/3208 3251/6838/3208
f 3252/6841/3209 3309/6842/3209 3247/6832/3209 3251/6831/3209
f 3251/6843/3207 3253/6846/3207 3254/6845/3207 3252/6844/3207
f 3250/6840/3208 3256/6848/3208 3255/6847/3208 3253/6839/3208
f 3253/6846/3207 3255/6850/3207 3258/6849/3207 3254/6845/3207
f 3257/6851/3208 3255/6847/3208 3256/6848/3208 3308/6852/3208
f 3259/6853/3207 3258/6849/3207 3255/6850/3207 3257/6854/3207
f 3260/6855/3211 3258/6858/3211 3259/6857/3211 3261/6856/3211
f 3254/6859/3211 3258/6858/3211 3260/6855/3211 3262/6860/3211
f 3308/6861/3210 3256/6864/3210 3260/6863/3210 3261/6862/3210
f 3250/6836/3210 3262/6833/3210 3260/6863/3210 3256/6864/3210
f 3263/6865/3212 3264/6866/3212 3254/6859/3212 3262/6860/3212
f 3254/6859/3211 3262/6860/3211 3249/6868/3211 3252/6867/3211
f 3268/6869/3208 3264/6872/3208 3263/6871/3208 3266/6870/3208
f 3266/6873/3207 3263/6876/3207 3265/6875/3207 3267/6874/3207
f 3261/6877/3206 3266/6880/3206 3267/6879/3206 3308/6878/3206
f 3259/6881/3206 3268/6882/3206 3266/6880/3206 3261/6877/3206
f 3257/6883/3206 3269/6884/3206 3268/6882/3206 3259/6881/3206
f 3269/6885/3210 3270/6888/3210 3264/6887/3210 3268/6886/3210
f 3265/6889/3211 3270/6892/3211 3269/6891/3211 3267/6890/3211
f 3308/6878/3206 3267/6879/3206 3269/6884/3206 3257/6883/3206
f 3264/6716/3206 3270/6894/3206 3271/6893/3206 3206/6715/3206
f 3270/6894/3206 3265/6714/3206 3205/6711/3206 3271/6893/3206
f 3303/6895/3211 3272/6896/3211 3271/6816/3211 3241/6815/3211
f 3274/6897/3206 3273/6899/3206 3271/6893/3206 3272/6898/3206
f 3271/6893/3206 3273/6899/3206 3275/6900/3206 3206/6715/3206
f 3273/6901/3211 3274/6904/3211 3278/6903/3211 3276/6902/3211
f 3277/6905/3207 3275/6908/3207 3273/6907/3207 3276/6906/3207
f 3280/6909/3206 3277/6912/3206 3276/6911/3206 3279/6910/3206
f 3279/6910/3206 3276/6911/3206 3278/6914/3206 3282/6913/3206
f 3279/6915/3210 3281/6918/3210 3288/6917/3210 3280/6916/3210
f 3282/6919/3208 3284/6922/3208 3281/6921/3208 3279/6920/3208
f 3283/6923/3207 3286/6926/3207 3284/6925/3207 3282/6924/3207
f 3282/6913/3206 3278/6914/3206 3306/6928/3206 3283/6927/3206
f 3287/6929/3207 3285/6930/3207 3284/6925/3207 3286/6926/3207
f 3290/6931/3208 3281/6921/3208 3284/6922/3208 3285/6932/3208
f 3287/6933/3211 3286/6936/3211 3288/6935/3211 3289/6934/3211
f 3288/6935/3211 3286/6936/3211 3283/6938/3211 3280/6937/3211
f 3288/6917/3210 3281/6918/3210 3290/6940/3210 3289/6939/3210
f 3289/6939/3210 3290/6940/3210 3292/6942/3210 3291/6941/3210
f 3287/6933/3211 3289/6934/3211 3291/6944/3211 3293/6943/3211
f 3292/6945/3209 3295/6948/3209 3294/6947/3209 3291/6946/3209
f 3291/6946/3209 3294/6947/3209 3297/6950/3209 3293/6949/3209
f 3295/6951/3207 3302/6954/3207 3296/6953/3207 3294/6952/3207
f 3294/6955/3208 3296/6958/3208 3299/6957/3208 3297/6956/3208
f 3293/6949/3209 3297/6950/3209 3298/6960/3209 3307/6959/3209
f 3297/6961/3210 3299/6964/3210 3301/6963/3210 3298/6962/3210
f 3301/6965/3209 3299/6968/3209 3300/6967/3209 3303/6966/3209
f 3299/6968/3209 3296/6969/3209 3208/6720/3209 3300/6967/3209
f 3301/6970/3211 3302/6973/3211 3295/6972/3211 3298/6971/3211
f 3302/6974/3209 3301/6965/3209 3303/6966/3209 3241/6817/3209
f 3300/6975/3210 3304/6978/3210 3272/6977/3210 3303/6976/3210
f 3296/6969/3209 3302/6974/3209 3241/6817/3209 3208/6720/3209
f 3208/6717/3208 3206/6718/3208 3304/6980/3208 3300/6979/3208
f 3305/6981/3206 3274/6897/3206 3272/6898/3206 3304/6982/3206
f 3275/6900/3206 3305/6981/3206 3304/6982/3206 3206/6715/3206
f 3306/6983/3208 3305/6986/3208 3275/6985/3208 3277/6984/3208
f 3278/6987/3210 3274/6990/3210 3305/6989/3210 3306/6988/3210
f 3283/6927/3206 3306/6928/3206 3277/6912/3206 3280/6909/3206
f 3307/6959/3209 3298/6960/3209 3295/6948/3209 3292/6945/3209
f 3292/6991/3208 3290/6931/3208 3285/6932/3208 3307/6992/3208
f 3307/6993/3207 3285/6930/3207 3287/6929/3207 3293/6994/3207
f 3249/6828/3209 3246/6829/3209 3309/6842/3209 3252/6841/3209
f 3309/6995/3210 3310/6998/3210 3243/6997/3210 3247/6996/3210
f 3246/6999/3208 3244/7002/3208 3310/7001/3208 3309/7000/3208
f 3243/6818/3209 3310/6719/3209 3208/6720/3209 3241/6817/3209
